Order_ID,Order_Date,Restaurant_ID,Location_ID,Order_Status,Order_Value,Distance_KM,Delivery_Time_Min,Rating
ORD101644,2025-01-01,13,4,Delivered,428.57,7.0,31.0,4.0
ORD104201,2025-01-01,13,2,Delivered,375.27,2.6,29.0,4.5
ORD103882,2025-01-01,20,2,Delivered,284.0,4.0,23.0,5.0
ORD101213,2025-01-01,15,3,Delivered,384.97,3.1,38.0,4.0
ORD101144,2025-01-01,20,5,Delivered,292.1,3.2,34.0,4.0
ORD102019,2025-01-01,20,7,Delivered,354.53,10.4,36.0,4.5
ORD101869,2025-01-01,5,1,Delivered,161.61,9.0,35.0,3.5
ORD101600,2025-01-01,9,3,Refunded,0.0,6.6,34.0,4.0
ORD103046,2025-01-01,20,7,Delivered,250.26,5.9,33.0,4.5
ORD101208,2025-01-01,7,3,Delivered,251.55,11.6,51.0,4.5
ORD101325,2025-01-02,11,4,Delivered,388.45,11.1,51.0,2.5
ORD101570,2025-01-02,16,2,Delivered,386.77,7.1,35.0,3.5
ORD102171,2025-01-02,14,3,Delivered,207.04,1.1,25.0,4.0
ORD101007,2025-01-02,17,1,Delivered,349.87,11.9,49.0,4.0
ORD100730,2025-01-02,18,3,Delivered,349.17,11.6,57.0,3.0
ORD101265,2025-01-02,18,1,Delivered,290.53,6.4,36.0,4.0
ORD102188,2025-01-02,2,2,Delivered,536.65,6.9,34.0,4.5
ORD100286,2025-01-02,18,2,Delivered,592.79,11.9,46.0,3.5
ORD102643,2025-01-02,14,1,Delivered,238.32,8.6,39.0,3.5
ORD100680,2025-01-02,2,1,Cancelled,0.0,6.9,,
ORD103405,2025-01-02,13,1,Delivered,423.54,5.9,26.0,4.5
ORD104377,2025-01-02,13,6,Delivered,344.63,7.0,27.0,4.0
ORD101420,2025-01-02,7,4,Delivered,514.67,9.8,38.0,3.5
ORD100620,2025-01-02,3,1,Delivered,569.67,4.1,34.0,5.0
ORD102301,2025-01-02,11,7,Delivered,378.13,7.4,36.0,3.0
ORD102665,2025-01-02,3,6,Delivered,621.82,6.3,36.0,4.0
ORD102681,2025-01-02,4,4,Delivered,328.49,1.5,19.0,5.0
ORD101043,2025-01-03,12,6,Delivered,351.16,2.3,21.0,4.5
ORD104043,2025-01-03,7,1,Delivered,243.41,10.3,39.0,4.5
ORD104825,2025-01-03,15,1,Delivered,255.51,4.2,39.0,3.5
ORD100454,2025-01-03,20,4,Cancelled,0.0,12.0,,
ORD103362,2025-01-03,6,3,Delivered,235.91,11.4,52.0,3.5
ORD100968,2025-01-03,6,4,Delivered,137.89,11.9,51.0,4.5
ORD100051,2025-01-03,14,5,Delivered,372.42,9.5,47.0,3.5
ORD100567,2025-01-03,15,1,Refunded,0.0,2.2,27.0,4.0
ORD103880,2025-01-03,15,3,Refunded,0.0,6.0,42.0,3.0
ORD104725,2025-01-03,17,2,Delivered,379.64,5.3,37.0,4.0
ORD101821,2025-01-03,4,7,Delivered,267.6,2.2,24.0,4.5
ORD100358,2025-01-03,3,7,Delivered,392.29,2.3,31.0,4.5
ORD101250,2025-01-04,17,7,Cancelled,0.0,7.2,,
ORD103943,2025-01-04,10,8,Delivered,704.57,11.0,45.0,4.0
ORD100217,2025-01-04,15,5,Pending,237.8,7.4,38.0,
ORD100868,2025-01-04,18,5,Delivered,382.78,3.8,40.0,3.0
ORD103089,2025-01-04,9,2,Delivered,316.0,5.8,27.0,4.5
ORD103425,2025-01-04,14,3,Delivered,310.43,9.9,58.0,3.5
ORD101442,2025-01-04,14,1,Delivered,378.43,2.8,32.0,5.0
ORD100955,2025-01-04,14,5,Delivered,192.35,6.8,36.0,5.0
ORD103152,2025-01-04,12,1,Delivered,537.19,2.0,28.0,5.0
ORD104622,2025-01-04,3,1,Delivered,380.87,4.2,27.0,5.0
ORD102020,2025-01-04,6,6,Pending,202.34,8.3,33.0,
ORD104882,2025-01-05,10,1,Delivered,550.54,11.7,44.0,3.0
ORD101373,2025-01-05,13,1,Delivered,307.59,6.3,33.0,4.0
ORD103174,2025-01-05,3,3,Delivered,292.47,7.7,33.0,4.5
ORD104853,2025-01-05,11,5,Delivered,422.6,1.8,19.0,5.0
ORD100634,2025-01-05,16,7,Delivered,335.41,8.2,40.0,4.0
ORD103244,2025-01-05,2,3,Delivered,554.6,1.2,23.0,4.5
ORD104197,2025-01-05,13,1,Delivered,403.6,1.1,21.0,3.5
ORD100720,2025-01-06,7,2,Delivered,521.55,6.6,34.0,5.0
ORD103354,2025-01-06,3,1,Delivered,593.42,10.0,41.0,4.0
ORD104082,2025-01-06,14,3,Delivered,215.26,7.2,38.0,4.5
ORD104249,2025-01-06,6,4,Delivered,165.38,2.9,23.0,4.0
ORD102592,2025-01-06,15,1,Delivered,185.21,6.5,26.0,4.5
ORD100843,2025-01-06,1,6,Refunded,0.0,7.9,31.0,3.5
ORD100311,2025-01-06,7,6,Delivered,321.2,10.8,46.0,4.0
ORD100675,2025-01-06,9,2,Delivered,343.16,9.1,46.0,3.5
ORD103508,2025-01-06,3,6,Delivered,437.8,3.7,18.0,5.0
ORD102565,2025-01-06,15,1,Delivered,318.04,3.6,25.0,5.0
ORD104189,2025-01-07,15,6,Delivered,366.16,10.2,44.0,4.0
ORD101303,2025-01-07,4,3,Delivered,300.64,1.3,23.0,5.0
ORD103204,2025-01-07,4,3,Delivered,330.24,10.9,58.0,3.0
ORD101349,2025-01-07,4,6,Delivered,306.56,4.5,23.0,4.5
ORD100315,2025-01-07,8,2,Delivered,286.66,9.0,30.0,4.5
ORD103411,2025-01-07,2,2,Delivered,542.3,10.3,52.0,4.0
ORD102462,2025-01-07,14,7,Cancelled,0.0,3.5,,
ORD103238,2025-01-07,15,6,Delivered,244.92,3.2,27.0,4.0
ORD103157,2025-01-08,6,5,Delivered,349.8,9.2,44.0,5.0
ORD100214,2025-01-08,6,8,Cancelled,0.0,10.6,,
ORD101793,2025-01-08,2,5,Delivered,560.26,4.2,24.0,3.0
ORD104474,2025-01-08,9,2,Delivered,321.33,6.6,40.0,3.5
ORD103783,2025-01-08,13,4,Delivered,274.2,4.7,34.0,4.0
ORD103367,2025-01-08,15,5,Delivered,233.05,10.3,51.0,3.5
ORD101247,2025-01-08,16,1,Delivered,534.88,5.4,24.0,4.0
ORD101726,2025-01-08,16,8,Delivered,549.41,9.0,43.0,3.0
ORD100157,2025-01-08,15,3,Delivered,242.92,4.6,34.0,5.0
ORD104867,2025-01-08,14,3,Delivered,373.84,2.6,16.0,3.5
ORD104750,2025-01-08,8,1,Delivered,214.47,9.3,39.0,3.5
ORD104162,2025-01-08,3,7,Delivered,272.69,7.6,39.0,4.5
ORD100424,2025-01-08,5,5,Delivered,244.4,10.4,48.0,3.5
ORD104638,2025-01-08,2,1,Delivered,518.67,5.7,35.0,3.5
ORD103278,2025-01-09,3,3,Pending,285.1,10.7,50.0,
ORD102580,2025-01-09,2,5,Delivered,318.54,10.1,53.0,3.0
ORD101766,2025-01-09,3,8,Delivered,646.22,11.1,39.0,4.5
ORD102854,2025-01-09,7,3,Delivered,338.93,2.9,35.0,4.5
ORD101871,2025-01-09,17,2,Delivered,561.84,10.7,43.0,3.5
ORD102244,2025-01-09,3,1,Delivered,423.66,6.0,33.0,5.0
ORD103378,2025-01-09,13,8,Delivered,455.85,5.3,28.0,4.0
ORD103158,2025-01-09,7,1,Delivered,418.84,5.6,24.0,4.5
ORD101425,2025-01-09,17,2,Delivered,511.66,1.6,17.0,5.0
ORD100658,2025-01-09,8,2,Delivered,536.76,3.8,27.0,4.0
ORD101458,2025-01-09,18,1,Cancelled,0.0,11.4,,
ORD100947,2025-01-09,3,6,Delivered,560.56,7.0,36.0,4.5
ORD100274,2025-01-09,8,1,Delivered,330.06,8.2,32.0,4.5
ORD101924,2025-01-10,20,1,Cancelled,0.0,1.0,,
ORD102179,2025-01-10,15,2,Delivered,278.55,6.5,41.0,3.5
ORD101137,2025-01-10,6,2,Delivered,246.71,1.7,23.0,4.0
ORD103845,2025-01-10,5,5,Delivered,342.87,8.3,35.0,3.5
ORD104267,2025-01-10,12,1,Delivered,444.67,2.3,22.0,5.0
ORD101838,2025-01-10,10,7,Refunded,0.0,10.5,46.0,4.5
ORD104469,2025-01-10,3,4,Delivered,458.62,9.5,39.0,4.5
ORD103322,2025-01-10,17,6,Delivered,711.83,9.8,42.0,3.5
ORD101992,2025-01-10,5,1,Delivered,254.1,6.5,32.0,4.0
ORD103536,2025-01-10,6,5,Delivered,321.71,11.6,57.0,4.5
ORD102039,2025-01-10,8,5,Delivered,405.94,7.3,40.0,4.0
ORD100327,2025-01-10,14,2,Delivered,380.76,6.4,27.0,4.0
ORD102895,2025-01-10,16,3,Delivered,448.82,11.7,59.0,4.0
ORD104565,2025-01-10,10,4,Delivered,668.33,7.0,39.0,4.5
ORD104227,2025-01-10,17,2,Cancelled,0.0,11.9,,
ORD100959,2025-01-10,5,5,Delivered,192.22,1.1,31.0,3.5
ORD103759,2025-01-11,2,7,Delivered,570.79,1.9,24.0,4.0
ORD101300,2025-01-11,11,6,Delivered,807.53,7.0,35.0,4.0
ORD102932,2025-01-11,21,8,Delivered,375.82,8.5,30.0,3.5
ORD104646,2025-01-11,18,1,Pending,387.0,10.8,52.0,
ORD104489,2025-01-11,7,2,Cancelled,0.0,5.5,,
ORD101216,2025-01-11,3,5,Delivered,593.93,9.6,46.0,5.0
ORD103898,2025-01-11,13,7,Delivered,288.9,10.7,47.0,5.0
ORD101057,2025-01-11,14,1,Delivered,428.22,5.0,35.0,5.0
ORD101596,2025-01-11,14,3,Delivered,428.04,3.9,31.0,3.5
ORD100078,2025-01-12,20,1,Delivered,347.69,2.5,23.0,5.0
ORD103842,2025-01-12,3,2,Delivered,552.04,6.2,33.0,5.0
ORD101253,2025-01-12,3,1,Delivered,315.15,11.5,43.0,3.0
ORD103521,2025-01-12,2,1,Delivered,633.98,10.6,55.0,3.0
ORD104308,2025-01-12,10,1,Delivered,543.84,3.2,25.0,5.0
ORD102113,2025-01-12,15,4,Delivered,241.22,10.4,32.0,4.5
ORD102065,2025-01-12,15,1,Delivered,397.95,1.2,22.0,4.5
ORD100290,2025-01-12,12,4,Delivered,471.4,11.3,47.0,5.0
ORD104231,2025-01-12,8,3,Refunded,0.0,9.6,41.0,3.5
ORD102439,2025-01-12,10,5,Delivered,637.87,3.8,22.0,3.5
ORD104460,2025-01-12,3,5,Pending,365.58,11.6,43.0,
ORD103347,2025-01-12,11,4,Cancelled,0.0,8.4,,
ORD101532,2025-01-12,1,3,Delivered,485.56,10.7,53.0,4.5
ORD103755,2025-01-12,6,3,Delivered,200.12,9.6,49.0,5.0
ORD103053,2025-01-12,12,7,Cancelled,0.0,7.7,,
ORD102870,2025-01-12,3,1,Refunded,0.0,3.5,24.0,4.5
ORD103450,2025-01-12,4,2,Delivered,258.43,1.6,19.0,5.0
ORD101873,2025-01-12,14,4,Delivered,281.92,2.5,22.0,5.0
ORD104141,2025-01-13,16,1,Delivered,625.23,2.8,23.0,3.5
ORD103570,2025-01-13,17,8,Delivered,413.34,3.1,26.0,5.0
ORD102755,2025-01-13,1,1,Cancelled,0.0,5.5,,
ORD104541,2025-01-13,16,1,Delivered,425.7,3.4,34.0,4.5
ORD102368,2025-01-13,5,2,Pending,312.93,1.9,14.0,
ORD103546,2025-01-13,7,7,Delivered,417.55,3.7,30.0,4.5
ORD100525,2025-01-13,14,2,Delivered,456.21,5.6,24.0,5.0
ORD101918,2025-01-13,18,1,Delivered,713.89,4.2,27.0,3.0
ORD100087,2025-01-13,16,7,Delivered,498.33,11.6,43.0,4.5
ORD104516,2025-01-13,18,2,Delivered,504.07,9.0,41.0,3.5
ORD104544,2025-01-13,15,6,Delivered,302.21,4.5,34.0,4.0
ORD100060,2025-01-14,7,4,Delivered,542.19,8.7,35.0,4.5
ORD103011,2025-01-14,15,1,Delivered,289.69,8.5,47.0,4.0
ORD100679,2025-01-14,1,7,Delivered,566.07,1.2,21.0,5.0
ORD104746,2025-01-14,7,2,Delivered,374.12,4.7,30.0,4.0
ORD100239,2025-01-14,21,5,Delivered,162.42,2.1,24.0,5.0
ORD101032,2025-01-14,8,3,Delivered,312.6,2.1,30.0,5.0
ORD104113,2025-01-14,2,3,Delivered,331.68,1.1,27.0,4.5
ORD101567,2025-01-14,3,4,Delivered,314.24,9.8,42.0,4.0
ORD101180,2025-01-14,15,2,Delivered,293.67,11.1,51.0,4.0
ORD103774,2025-01-14,13,2,Delivered,344.35,10.1,43.0,4.5
ORD102938,2025-01-14,4,1,Delivered,346.36,10.2,39.0,4.0
ORD103565,2025-01-14,1,6,Delivered,344.92,2.7,23.0,5.0
ORD104091,2025-01-14,1,1,Delivered,588.81,7.9,38.0,5.0
ORD102173,2025-01-15,13,1,Delivered,370.58,5.4,32.0,5.0
ORD103931,2025-01-15,4,1,Delivered,306.08,10.2,50.0,4.0
ORD103804,2025-01-15,17,3,Delivered,680.6,8.7,41.0,3.5
ORD102687,2025-01-15,9,5,Refunded,0.0,9.5,41.0,2.5
ORD100702,2025-01-15,7,1,Delivered,228.77,3.2,26.0,5.0
ORD103695,2025-01-15,11,3,Delivered,724.59,6.5,35.0,4.0
ORD101681,2025-01-15,3,3,Delivered,275.87,11.2,46.0,4.0
ORD102285,2025-01-15,5,1,Delivered,271.75,5.3,24.0,4.5
ORD104644,2025-01-15,6,4,Delivered,325.75,5.2,37.0,5.0
ORD101822,2025-01-15,16,4,Delivered,641.44,6.3,30.0,4.0
ORD102380,2025-01-15,12,7,Delivered,313.38,9.0,36.0,5.0
ORD101186,2025-01-15,4,1,Delivered,137.04,1.4,12.0,5.0
ORD103472,2025-01-16,16,4,Delivered,610.28,8.0,34.0,3.0
ORD100892,2025-01-16,5,2,Delivered,315.11,3.6,25.0,4.0
ORD100654,2025-01-16,2,3,Delivered,651.61,5.8,42.0,4.5
ORD103807,2025-01-16,15,3,Delivered,344.63,9.8,41.0,4.5
ORD103221,2025-01-16,11,6,Delivered,543.64,3.1,20.0,4.0
ORD100825,2025-01-16,16,4,Pending,498.31,3.4,20.0,
ORD100173,2025-01-16,10,7,Cancelled,0.0,6.7,,
ORD103392,2025-01-16,19,2,Delivered,388.74,3.7,25.0,5.0
ORD100731,2025-01-16,6,5,Delivered,185.5,9.7,38.0,4.0
ORD103199,2025-01-17,14,5,Delivered,231.5,4.8,34.0,4.5
ORD102497,2025-01-17,4,3,Delivered,192.88,10.9,51.0,3.5
ORD100901,2025-01-17,13,4,Refunded,0.0,3.4,28.0,4.5
ORD100300,2025-01-17,5,1,Cancelled,0.0,5.0,,
ORD103421,2025-01-17,9,1,Delivered,523.91,11.6,50.0,4.5
ORD104693,2025-01-17,13,1,Delivered,369.43,1.7,32.0,4.0
ORD103949,2025-01-17,1,3,Delivered,598.09,8.7,49.0,2.5
ORD104639,2025-01-17,13,4,Delivered,232.58,2.2,29.0,5.0
ORD103542,2025-01-17,19,3,Delivered,177.61,5.2,39.0,4.5
ORD103773,2025-01-17,3,3,Delivered,555.85,3.7,34.0,4.5
ORD100648,2025-01-17,17,2,Delivered,429.97,10.2,47.0,4.0
ORD102293,2025-01-17,2,6,Delivered,289.15,5.2,27.0,4.5
ORD102083,2025-01-17,17,7,Delivered,659.25,3.6,28.0,4.5
ORD101961,2025-01-17,3,5,Delivered,576.35,4.9,25.0,4.5
ORD104052,2025-01-18,4,3,Cancelled,0.0,10.1,,
ORD104209,2025-01-18,9,4,Delivered,373.7,7.3,40.0,4.5
ORD100453,2025-01-18,7,5,Delivered,448.69,6.6,43.0,4.0
ORD101237,2025-01-18,7,4,Cancelled,0.0,2.8,,
ORD103945,2025-01-18,12,4,Delivered,398.69,3.8,29.0,4.0
ORD101244,2025-01-18,8,1,Delivered,469.96,7.8,37.0,3.5
ORD102383,2025-01-18,13,1,Delivered,392.83,10.6,50.0,4.0
ORD101035,2025-01-18,1,1,Delivered,606.15,3.7,24.0,5.0
ORD101047,2025-01-18,4,6,Delivered,177.9,4.7,41.0,4.0
ORD101194,2025-01-18,12,4,Delivered,732.09,4.2,37.0,5.0
ORD101993,2025-01-19,20,1,Delivered,209.87,4.2,31.0,3.5
ORD104097,2025-01-19,11,4,Delivered,565.69,6.8,34.0,3.5
ORD101625,2025-01-19,10,5,Delivered,483.7,6.9,33.0,4.5
ORD104948,2025-01-19,16,2,Delivered,582.45,2.6,12.0,5.0
ORD100682,2025-01-19,5,2,Delivered,341.24,3.8,34.0,3.0
ORD104128,2025-01-19,4,2,Delivered,276.94,1.1,19.0,4.5
ORD101885,2025-01-19,14,1,Delivered,463.23,4.5,20.0,5.0
ORD103907,2025-01-19,2,4,Delivered,505.95,2.0,20.0,4.5
ORD102769,2025-01-19,14,4,Pending,358.29,11.1,41.0,
ORD101342,2025-01-19,14,5,Delivered,301.05,1.8,26.0,3.5
ORD100559,2025-01-19,14,8,Delivered,186.95,9.6,40.0,3.5
ORD101350,2025-01-19,1,3,Delivered,346.35,1.9,17.0,5.0
ORD102070,2025-01-19,4,5,Delivered,211.28,8.4,43.0,3.5
ORD102996,2025-01-19,18,3,Delivered,633.38,11.8,49.0,4.0
ORD103604,2025-01-19,12,4,Delivered,450.07,3.3,34.0,4.5
ORD103599,2025-01-19,14,1,Delivered,386.42,9.0,36.0,4.5
ORD102459,2025-01-19,13,2,Delivered,329.92,6.9,37.0,5.0
ORD104313,2025-01-19,10,2,Delivered,609.64,8.6,36.0,4.5
ORD103414,2025-01-19,10,7,Delivered,595.61,7.0,36.0,3.0
ORD104179,2025-01-19,16,7,Delivered,451.52,7.2,48.0,3.0
ORD100728,2025-01-20,2,5,Delivered,367.36,10.4,36.0,4.0
ORD100429,2025-01-20,19,2,Delivered,388.41,1.2,24.0,5.0
ORD104661,2025-01-20,1,2,Delivered,316.62,9.8,40.0,4.0
ORD100718,2025-01-20,14,3,Delivered,199.42,3.7,39.0,3.5
ORD101631,2025-01-20,16,2,Delivered,378.29,11.1,43.0,3.0
ORD104146,2025-01-20,6,5,Delivered,188.16,4.7,32.0,4.0
ORD102785,2025-01-21,13,3,Delivered,324.05,7.6,49.0,4.0
ORD101627,2025-01-21,5,3,Delivered,284.35,4.2,40.0,3.0
ORD103137,2025-01-21,2,2,Delivered,619.19,10.1,45.0,4.0
ORD104149,2025-01-21,21,5,Delivered,189.97,4.5,39.0,3.5
ORD104570,2025-01-21,14,5,Delivered,367.39,7.6,37.0,5.0
ORD104014,2025-01-21,14,7,Delivered,424.15,6.4,32.0,4.0
ORD103153,2025-01-21,19,5,Delivered,400.77,4.4,27.0,5.0
ORD100426,2025-01-21,11,4,Delivered,462.82,6.7,38.0,3.5
ORD100691,2025-01-21,17,4,Delivered,475.96,10.5,52.0,3.0
ORD100832,2025-01-21,3,4,Delivered,306.42,8.1,37.0,4.0
ORD104668,2025-01-21,6,4,Delivered,301.81,8.8,39.0,5.0
ORD100827,2025-01-21,7,3,Delivered,317.76,3.7,29.0,4.0
ORD102864,2025-01-21,8,1,Delivered,285.76,2.8,23.0,5.0
ORD101476,2025-01-21,14,4,Delivered,368.5,6.1,21.0,5.0
ORD101033,2025-01-21,17,4,Delivered,599.49,7.4,43.0,5.0
ORD103745,2025-01-22,2,2,Delivered,503.14,3.6,23.0,4.0
ORD104020,2025-01-22,9,8,Delivered,414.4,4.8,28.0,4.0
ORD102300,2025-01-22,6,5,Delivered,189.3,8.9,37.0,4.0
ORD102575,2025-01-22,7,5,Delivered,234.06,8.8,38.0,5.0
ORD104828,2025-01-22,4,3,Delivered,347.64,2.0,25.0,5.0
ORD102636,2025-01-22,13,2,Delivered,249.02,7.4,43.0,4.0
ORD101319,2025-01-22,15,6,Delivered,447.82,11.6,45.0,5.0
ORD100090,2025-01-22,7,2,Delivered,510.4,10.0,43.0,4.5
ORD104806,2025-01-22,14,1,Delivered,264.64,1.0,20.0,5.0
ORD102199,2025-01-22,7,5,Delivered,358.04,7.1,40.0,5.0
ORD102910,2025-01-22,13,4,Delivered,317.23,6.3,30.0,5.0
ORD104345,2025-01-22,8,1,Delivered,334.7,3.8,36.0,4.0
ORD104051,2025-01-22,12,6,Delivered,645.99,9.5,41.0,4.5
ORD102641,2025-01-22,6,6,Delivered,327.39,4.1,31.0,5.0
ORD103640,2025-01-22,6,5,Delivered,213.54,3.2,29.0,4.5
ORD101199,2025-01-23,16,5,Delivered,335.19,4.3,26.0,4.0
ORD101146,2025-01-23,16,2,Delivered,620.55,10.5,41.0,4.5
ORD103717,2025-01-23,6,8,Delivered,182.71,9.3,41.0,3.5
ORD103256,2025-01-23,14,2,Delivered,294.97,11.4,48.0,5.0
ORD102086,2025-01-23,9,1,Delivered,313.27,11.1,53.0,4.5
ORD103920,2025-01-23,9,3,Delivered,381.13,8.6,43.0,3.0
ORD102906,2025-01-23,15,1,Delivered,178.1,6.7,29.0,4.0
ORD102469,2025-01-23,2,6,Delivered,473.29,8.0,39.0,4.5
ORD104932,2025-01-23,16,3,Delivered,355.31,10.7,55.0,3.5
ORD102929,2025-01-23,17,6,Delivered,480.82,2.3,22.0,5.0
ORD104450,2025-01-23,15,3,Delivered,297.33,4.3,24.0,4.5
ORD101549,2025-01-23,12,1,Delivered,438.93,11.8,44.0,4.0
ORD104705,2025-01-24,9,3,Delivered,331.84,9.2,48.0,3.0
ORD103151,2025-01-24,5,3,Delivered,303.47,2.0,20.0,3.5
ORD100196,2025-01-24,21,8,Delivered,325.05,6.6,37.0,5.0
ORD101188,2025-01-24,7,4,Delivered,347.8,8.2,39.0,5.0
ORD101759,2025-01-24,9,8,Delivered,220.56,3.0,28.0,4.0
ORD101926,2025-01-24,16,3,Delivered,397.0,3.8,44.0,4.0
ORD102313,2025-01-24,2,1,Delivered,321.23,8.5,48.0,4.5
ORD104430,2025-01-25,13,2,Delivered,241.35,4.1,46.0,4.5
ORD103693,2025-01-25,3,6,Delivered,374.48,2.7,23.0,5.0
ORD100002,2025-01-25,10,8,Delivered,601.23,6.7,43.0,4.5
ORD104928,2025-01-25,9,8,Delivered,392.28,7.4,46.0,3.0
ORD103844,2025-01-25,17,2,Delivered,344.94,9.2,51.0,3.5
ORD101448,2025-01-25,5,3,Delivered,266.93,5.1,36.0,5.0
ORD100407,2025-01-25,14,3,Delivered,391.71,6.8,45.0,3.5
ORD104000,2025-01-25,9,6,Delivered,466.69,3.9,30.0,3.5
ORD104380,2025-01-25,9,2,Delivered,458.25,6.2,40.0,4.5
ORD102017,2025-01-25,12,4,Delivered,580.1,7.5,44.0,4.0
ORD103558,2025-01-25,9,4,Pending,409.04,11.8,45.0,
ORD103643,2025-01-25,3,2,Delivered,385.67,11.5,55.0,4.0
ORD101911,2025-01-25,15,1,Delivered,387.83,4.4,31.0,4.5
ORD100292,2025-01-25,12,2,Delivered,408.99,11.0,44.0,5.0
ORD100840,2025-01-25,10,5,Pending,386.28,5.6,36.0,
ORD101104,2025-01-25,6,3,Delivered,298.71,1.6,29.0,3.5
ORD103255,2025-01-25,19,1,Delivered,215.19,9.0,48.0,4.5
ORD102451,2025-01-25,1,1,Delivered,592.05,11.6,57.0,4.5
ORD103548,2025-01-25,9,4,Delivered,225.94,4.0,29.0,4.5
ORD104412,2025-01-26,14,3,Delivered,293.26,5.5,49.0,4.0
ORD102537,2025-01-26,14,2,Delivered,372.16,6.8,33.0,4.0
ORD102609,2025-01-26,14,4,Delivered,359.88,10.2,46.0,4.0
ORD102305,2025-01-26,14,5,Delivered,439.13,3.8,18.0,5.0
ORD101846,2025-01-26,1,1,Delivered,473.29,10.5,51.0,4.0
ORD102238,2025-01-26,5,6,Refunded,0.0,11.3,49.0,2.5
ORD104013,2025-01-26,1,6,Delivered,659.08,6.1,29.0,4.5
ORD103876,2025-01-26,12,5,Delivered,769.7,10.6,41.0,3.5
ORD103873,2025-01-26,13,3,Delivered,238.21,4.3,33.0,5.0
ORD102826,2025-01-26,11,3,Delivered,365.83,9.8,45.0,3.5
ORD101501,2025-01-27,1,8,Delivered,667.14,4.0,25.0,5.0
ORD103952,2025-01-27,17,7,Cancelled,0.0,11.0,,
ORD100828,2025-01-27,1,1,Cancelled,0.0,9.4,,
ORD101604,2025-01-27,14,5,Delivered,206.69,2.9,26.0,4.0
ORD101668,2025-01-27,21,5,Delivered,355.3,4.7,30.0,5.0
ORD102766,2025-01-27,6,3,Delivered,332.9,8.7,35.0,5.0
ORD100522,2025-01-27,11,2,Delivered,707.81,5.8,39.0,3.5
ORD103168,2025-01-27,2,1,Delivered,433.2,10.6,40.0,4.5
ORD103314,2025-01-27,10,3,Delivered,641.28,1.7,24.0,4.0
ORD104485,2025-01-27,3,1,Delivered,648.75,7.3,33.0,5.0
ORD103027,2025-01-27,11,1,Delivered,754.9,2.5,24.0,4.5
ORD103509,2025-01-27,3,3,Delivered,456.39,10.4,47.0,4.5
ORD100856,2025-01-28,17,1,Delivered,307.85,7.1,50.0,4.5
ORD102931,2025-01-28,2,2,Delivered,378.1,9.1,44.0,3.0
ORD103886,2025-01-28,14,1,Delivered,432.86,1.3,23.0,4.0
ORD101021,2025-01-28,13,1,Delivered,427.18,11.8,42.0,5.0
ORD102209,2025-01-28,1,2,Delivered,605.7,7.4,31.0,5.0
ORD102994,2025-01-28,1,1,Delivered,330.94,9.1,38.0,4.5
ORD100022,2025-01-28,13,3,Delivered,229.45,2.5,25.0,5.0
ORD102048,2025-01-29,7,3,Delivered,528.17,6.8,45.0,3.5
ORD100145,2025-01-29,13,5,Delivered,196.39,6.5,33.0,3.5
ORD103400,2025-01-29,5,8,Delivered,199.08,4.9,29.0,3.0
ORD100833,2025-01-29,2,1,Delivered,640.89,2.6,25.0,4.0
ORD102358,2025-01-29,5,2,Delivered,143.28,8.4,36.0,3.0
ORD103254,2025-01-29,9,3,Cancelled,0.0,7.7,,
ORD104271,2025-01-29,13,7,Delivered,222.15,1.8,24.0,4.0
ORD100068,2025-01-29,8,3,Delivered,516.23,8.2,48.0,3.5
ORD101285,2025-01-29,10,1,Delivered,743.29,4.3,25.0,4.0
ORD103827,2025-01-29,1,3,Delivered,415.73,3.2,35.0,3.5
ORD100889,2025-01-30,2,6,Delivered,410.93,8.0,34.0,3.5
ORD103118,2025-01-30,15,1,Delivered,295.47,8.4,34.0,4.0
ORD103761,2025-01-30,12,4,Delivered,369.29,3.5,28.0,5.0
ORD102272,2025-01-30,12,3,Delivered,524.17,8.0,44.0,3.5
ORD104246,2025-01-30,9,3,Cancelled,0.0,10.5,,
ORD102591,2025-01-30,4,1,Delivered,154.87,7.7,43.0,5.0
ORD100539,2025-01-31,14,2,Delivered,338.51,6.9,36.0,3.5
ORD100197,2025-01-31,15,1,Delivered,443.4,9.9,41.0,4.0
ORD101024,2025-01-31,10,1,Delivered,637.31,5.8,29.0,5.0
ORD104349,2025-01-31,1,4,Delivered,537.04,6.6,41.0,5.0
ORD102178,2025-01-31,2,1,Delivered,561.44,3.1,40.0,3.5
ORD101080,2025-01-31,15,4,Delivered,268.05,10.7,52.0,4.0
ORD104963,2025-01-31,21,4,Delivered,191.66,8.2,37.0,4.0
ORD100169,2025-01-31,9,3,Delivered,296.62,11.5,59.0,2.0
ORD100911,2025-01-31,10,3,Delivered,344.67,8.7,44.0,4.5
ORD103227,2025-01-31,11,2,Delivered,710.81,3.2,28.0,4.5
ORD100329,2025-01-31,15,4,Delivered,247.92,9.9,46.0,2.5
ORD101914,2025-02-01,2,6,Delivered,496.2,2.8,22.0,4.5
ORD104323,2025-02-01,3,2,Delivered,641.55,4.8,43.0,5.0
ORD102367,2025-02-01,3,1,Delivered,552.38,11.0,55.0,3.5
ORD102723,2025-02-01,8,3,Delivered,407.51,5.3,32.0,5.0
ORD102936,2025-02-01,2,3,Delivered,252.48,11.6,51.0,4.0
ORD104437,2025-02-01,12,3,Delivered,696.93,4.2,35.0,5.0
ORD101956,2025-02-01,4,2,Delivered,257.92,4.2,30.0,5.0
ORD104280,2025-02-01,18,2,Delivered,575.64,9.5,55.0,3.5
ORD102089,2025-02-01,7,4,Cancelled,0.0,11.8,,
ORD100713,2025-02-01,2,1,Delivered,627.38,1.4,18.0,5.0
ORD104851,2025-02-01,18,7,Delivered,295.74,3.7,37.0,3.5
ORD102999,2025-02-01,5,1,Delivered,214.84,9.5,47.0,3.5
ORD100127,2025-02-01,7,2,Delivered,333.15,1.0,26.0,5.0
ORD101249,2025-02-02,14,2,Delivered,426.64,11.0,48.0,5.0
ORD100107,2025-02-02,5,4,Delivered,297.6,7.0,29.0,3.5
ORD103534,2025-02-02,8,1,Delivered,455.95,5.5,41.0,4.5
ORD103887,2025-02-02,6,5,Delivered,224.67,5.6,35.0,4.5
ORD102356,2025-02-02,6,3,Delivered,173.84,1.5,26.0,5.0
ORD101585,2025-02-02,7,1,Delivered,459.41,10.8,44.0,3.5
ORD104788,2025-02-02,20,2,Delivered,353.23,2.2,29.0,4.5
ORD103308,2025-02-02,12,8,Delivered,705.96,10.9,43.0,4.5
ORD100556,2025-02-02,14,1,Cancelled,0.0,1.7,,
ORD104293,2025-02-02,3,5,Delivered,378.23,6.8,37.0,5.0
ORD101260,2025-02-02,17,5,Delivered,586.23,1.2,24.0,4.5
ORD100587,2025-02-02,21,3,Delivered,233.47,10.5,50.0,3.0
ORD102695,2025-02-02,6,2,Delivered,274.29,1.4,13.0,5.0
ORD101676,2025-02-03,13,2,Delivered,379.89,2.5,28.0,4.0
ORD100663,2025-02-03,3,8,Delivered,610.9,7.9,37.0,5.0
ORD100073,2025-02-03,4,5,Delivered,286.83,10.2,36.0,4.0
ORD103422,2025-02-03,4,2,Delivered,216.11,4.8,32.0,4.0
ORD101719,2025-02-03,19,3,Delivered,410.27,6.9,50.0,4.0
ORD101333,2025-02-03,10,3,Delivered,751.84,1.1,21.0,4.0
ORD103818,2025-02-03,21,3,Delivered,282.34,6.6,33.0,4.0
ORD101934,2025-02-03,20,2,Delivered,167.53,10.3,42.0,4.5
ORD100459,2025-02-04,20,2,Delivered,397.55,4.0,30.0,4.5
ORD102142,2025-02-04,19,3,Delivered,348.28,3.9,25.0,5.0
ORD103302,2025-02-04,7,7,Delivered,354.24,5.2,26.0,4.0
ORD100789,2025-02-04,6,1,Delivered,261.02,9.9,39.0,5.0
ORD100281,2025-02-04,4,4,Delivered,164.68,10.7,44.0,4.5
ORD101876,2025-02-04,15,1,Cancelled,0.0,7.5,,
ORD102027,2025-02-04,7,3,Delivered,363.7,10.9,49.0,4.0
ORD103560,2025-02-04,3,1,Delivered,378.06,1.5,18.0,5.0
ORD103566,2025-02-04,10,1,Delivered,464.38,11.8,52.0,4.0
ORD100535,2025-02-04,7,3,Delivered,289.38,6.1,29.0,4.0
ORD104765,2025-02-04,12,1,Delivered,746.66,11.3,45.0,4.5
ORD103700,2025-02-04,2,3,Delivered,629.9,11.3,51.0,4.0
ORD102829,2025-02-04,2,2,Delivered,350.93,3.4,24.0,4.0
ORD103866,2025-02-04,4,7,Delivered,222.54,2.2,14.0,4.5
ORD100560,2025-02-04,1,2,Delivered,282.81,3.8,36.0,4.5
ORD103045,2025-02-04,3,6,Delivered,550.07,3.3,34.0,4.5
ORD100635,2025-02-04,8,2,Delivered,398.92,2.6,23.0,4.0
ORD103288,2025-02-05,7,1,Cancelled,0.0,1.5,,
ORD101508,2025-02-05,10,5,Delivered,727.67,5.2,30.0,3.0
ORD104955,2025-02-05,5,5,Delivered,155.48,9.1,42.0,3.5
ORD103941,2025-02-05,16,1,Delivered,362.93,8.8,34.0,4.0
ORD102726,2025-02-05,3,8,Refunded,0.0,6.1,32.0,5.0
ORD102834,2025-02-05,6,1,Delivered,187.87,3.1,25.0,4.5
ORD100146,2025-02-05,2,6,Delivered,587.58,10.8,43.0,4.5
ORD100037,2025-02-05,1,3,Delivered,430.7,2.7,33.0,4.5
ORD103910,2025-02-05,12,7,Delivered,547.19,11.1,52.0,4.0
ORD104157,2025-02-05,4,6,Delivered,186.75,6.7,38.0,4.5
ORD101906,2025-02-05,18,2,Cancelled,0.0,1.3,,
ORD103374,2025-02-05,7,1,Delivered,401.37,10.7,38.0,5.0
ORD104005,2025-02-05,7,7,Delivered,227.38,11.2,40.0,5.0
ORD104244,2025-02-06,11,2,Cancelled,0.0,5.1,,
ORD101419,2025-02-06,6,5,Delivered,227.99,4.2,28.0,4.0
ORD103775,2025-02-06,17,3,Delivered,399.71,7.8,42.0,5.0
ORD104071,2025-02-06,10,8,Delivered,337.85,4.3,30.0,4.5
ORD103468,2025-02-06,4,4,Delivered,247.94,1.8,29.0,5.0
ORD103373,2025-02-06,2,1,Delivered,441.52,3.0,21.0,4.0
ORD102042,2025-02-06,5,5,Delivered,270.56,8.3,32.0,5.0
ORD101917,2025-02-06,7,3,Delivered,265.43,10.6,52.0,3.5
ORD102067,2025-02-06,17,1,Delivered,691.56,10.6,43.0,4.0
ORD101463,2025-02-06,5,3,Delivered,133.59,11.0,52.0,3.0
ORD100722,2025-02-06,13,5,Delivered,422.6,7.2,37.0,5.0
ORD101541,2025-02-06,16,4,Cancelled,0.0,8.2,,
ORD102513,2025-02-06,2,3,Delivered,522.05,6.9,35.0,5.0
ORD102774,2025-02-06,15,3,Delivered,371.27,10.1,45.0,2.5
ORD102444,2025-02-06,15,5,Cancelled,0.0,2.9,,
ORD102218,2025-02-06,3,7,Delivered,579.14,6.9,36.0,5.0
ORD104562,2025-02-06,13,4,Delivered,377.97,9.2,44.0,3.5
ORD103835,2025-02-06,1,7,Cancelled,0.0,4.3,,
ORD104585,2025-02-07,1,1,Delivered,489.58,2.9,23.0,4.5
ORD102003,2025-02-07,4,3,Delivered,245.65,8.8,46.0,4.5
ORD100458,2025-02-07,14,7,Delivered,451.38,5.0,38.0,4.0
ORD101170,2025-02-07,2,6,Refunded,0.0,3.4,31.0,3.0
ORD104591,2025-02-07,13,1,Delivered,229.51,10.0,43.0,5.0
ORD101184,2025-02-07,12,5,Delivered,618.88,4.5,33.0,4.5
ORD103160,2025-02-07,16,5,Delivered,645.57,6.7,34.0,3.5
ORD102077,2025-02-07,3,4,Delivered,355.19,3.5,31.0,5.0
ORD101102,2025-02-07,2,7,Refunded,0.0,9.0,54.0,3.5
ORD102902,2025-02-07,15,5,Cancelled,0.0,3.4,,
ORD102166,2025-02-07,10,4,Delivered,799.43,2.3,28.0,4.5
ORD103200,2025-02-08,11,5,Cancelled,0.0,5.3,,
ORD100405,2025-02-08,3,6,Delivered,359.06,5.8,41.0,4.5
ORD104072,2025-02-08,15,4,Delivered,238.89,1.0,24.0,4.5
ORD102159,2025-02-08,4,5,Delivered,174.79,1.2,25.0,5.0
ORD100106,2025-02-08,13,1,Delivered,289.83,1.8,30.0,3.5
ORD103057,2025-02-08,2,1,Delivered,665.76,8.5,39.0,4.0
ORD101412,2025-02-08,10,1,Refunded,0.0,11.4,51.0,3.5
ORD104111,2025-02-08,6,3,Delivered,336.72,5.8,41.0,5.0
ORD103139,2025-02-08,1,6,Delivered,604.65,2.9,33.0,4.5
ORD100353,2025-02-08,12,2,Pending,393.09,7.0,28.0,
ORD100655,2025-02-08,13,1,Delivered,228.99,5.6,27.0,4.5
ORD101799,2025-02-08,20,4,Delivered,376.54,3.6,30.0,3.5
ORD101875,2025-02-08,5,7,Cancelled,0.0,6.8,,
ORD104734,2025-02-08,17,7,Delivered,537.27,10.4,46.0,2.5
ORD100946,2025-02-08,13,2,Delivered,400.24,9.3,43.0,3.0
ORD104395,2025-02-08,17,2,Delivered,323.77,6.4,35.0,4.5
ORD100461,2025-02-08,21,1,Delivered,232.08,7.8,42.0,4.5
ORD102045,2025-02-08,18,7,Delivered,423.28,10.8,44.0,3.0
ORD103951,2025-02-08,16,3,Delivered,356.44,4.2,36.0,4.0
ORD104012,2025-02-08,2,4,Delivered,415.28,10.5,50.0,4.5
ORD102437,2025-02-09,18,1,Delivered,454.21,7.9,32.0,3.0
ORD103994,2025-02-09,3,5,Delivered,662.34,5.9,31.0,4.5
ORD102604,2025-02-09,6,6,Delivered,234.31,3.0,32.0,4.5
ORD103091,2025-02-09,15,6,Delivered,274.94,11.8,61.0,2.5
ORD103515,2025-02-09,5,7,Delivered,289.63,9.4,51.0,3.5
ORD100370,2025-02-09,17,3,Refunded,0.0,2.9,33.0,5.0
ORD101037,2025-02-09,15,4,Delivered,256.4,6.9,36.0,3.5
ORD104775,2025-02-09,1,4,Delivered,283.07,9.3,42.0,3.5
ORD100224,2025-02-09,13,3,Delivered,185.6,2.7,35.0,5.0
ORD102544,2025-02-09,9,1,Delivered,208.0,7.1,37.0,4.0
ORD102069,2025-02-09,12,2,Cancelled,0.0,1.4,,
ORD104218,2025-02-09,2,5,Delivered,587.51,3.9,25.0,4.0
ORD104655,2025-02-09,10,2,Delivered,584.51,1.0,18.0,4.5
ORD103352,2025-02-09,1,1,Cancelled,0.0,5.7,,
ORD102407,2025-02-10,2,3,Delivered,570.53,5.7,42.0,2.5
ORD103500,2025-02-10,12,2,Delivered,436.5,9.3,47.0,4.5
ORD104121,2025-02-10,3,1,Delivered,264.14,3.1,30.0,3.5
ORD101530,2025-02-10,4,3,Delivered,297.84,5.3,39.0,3.5
ORD101255,2025-02-10,15,2,Delivered,399.81,11.7,50.0,4.5
ORD103912,2025-02-10,15,3,Cancelled,0.0,10.5,,
ORD101856,2025-02-10,10,1,Delivered,731.12,1.9,27.0,4.0
ORD103145,2025-02-10,9,3,Delivered,221.87,8.1,49.0,3.5
ORD104969,2025-02-10,15,3,Refunded,0.0,1.5,30.0,4.0
ORD101485,2025-02-10,12,5,Pending,474.19,8.2,39.0,
ORD101210,2025-02-10,15,4,Delivered,420.88,2.3,24.0,5.0
ORD101195,2025-02-10,14,4,Delivered,226.42,10.1,42.0,4.5
ORD102512,2025-02-10,15,1,Delivered,183.43,4.6,22.0,5.0
ORD101214,2025-02-10,4,2,Delivered,163.57,11.3,55.0,4.0
ORD102252,2025-02-11,4,1,Delivered,282.17,11.3,56.0,3.5
ORD103944,2025-02-11,15,2,Delivered,261.61,8.7,34.0,4.5
ORD101074,2025-02-11,14,6,Pending,327.56,3.9,28.0,
ORD100705,2025-02-11,4,3,Delivered,351.82,2.6,23.0,4.5
ORD100063,2025-02-11,1,3,Delivered,664.56,4.2,26.0,5.0
ORD102355,2025-02-11,18,3,Cancelled,0.0,3.4,,
ORD100987,2025-02-11,3,2,Delivered,514.93,3.4,23.0,5.0
ORD103676,2025-02-11,15,2,Delivered,444.7,6.7,33.0,3.5
ORD100390,2025-02-11,7,2,Delivered,231.28,6.0,38.0,3.0
ORD102507,2025-02-11,15,3,Delivered,388.84,8.5,47.0,3.0
ORD103332,2025-02-12,13,4,Delivered,455.13,6.9,29.0,4.0
ORD101831,2025-02-12,13,3,Delivered,348.37,7.9,36.0,3.5
ORD104589,2025-02-12,18,7,Delivered,691.22,10.6,42.0,3.5
ORD100585,2025-02-12,10,1,Delivered,506.7,7.2,56.0,3.0
ORD101832,2025-02-12,15,1,Delivered,430.21,6.2,35.0,4.5
ORD103696,2025-02-12,15,2,Delivered,279.03,2.3,29.0,4.0
ORD100422,2025-02-12,5,6,Refunded,0.0,11.3,36.0,4.5
ORD100270,2025-02-12,17,1,Delivered,663.46,6.3,32.0,4.5
ORD103635,2025-02-12,3,3,Delivered,321.43,5.2,38.0,4.5
ORD100826,2025-02-12,7,2,Delivered,329.53,5.0,30.0,3.0
ORD102298,2025-02-12,4,8,Delivered,174.42,1.1,16.0,5.0
ORD100583,2025-02-13,3,1,Delivered,349.6,2.0,21.0,5.0
ORD104755,2025-02-13,9,2,Delivered,525.32,4.8,26.0,4.0
ORD100625,2025-02-13,8,5,Delivered,410.11,4.1,19.0,5.0
ORD101879,2025-02-13,3,2,Delivered,652.94,1.4,25.0,4.5
ORD100763,2025-02-13,11,6,Delivered,358.43,5.3,34.0,3.0
ORD101090,2025-02-13,5,3,Delivered,135.6,1.3,26.0,4.0
ORD102927,2025-02-13,11,6,Delivered,667.78,3.9,31.0,2.5
ORD102795,2025-02-13,13,4,Delivered,183.61,3.3,29.0,5.0
ORD104752,2025-02-13,11,2,Delivered,426.78,5.4,27.0,5.0
ORD103649,2025-02-13,5,2,Delivered,238.67,9.8,40.0,3.0
ORD100938,2025-02-13,6,3,Delivered,156.02,5.6,41.0,5.0
ORD104628,2025-02-13,9,8,Delivered,261.56,1.2,22.0,4.0
ORD100852,2025-02-13,4,1,Delivered,257.76,4.7,29.0,4.5
ORD101597,2025-02-13,20,2,Delivered,296.22,3.5,24.0,5.0
ORD102615,2025-02-13,15,2,Delivered,234.72,7.4,32.0,3.5
ORD100696,2025-02-13,2,2,Delivered,352.02,8.1,36.0,4.0
ORD103026,2025-02-13,7,1,Delivered,474.43,8.6,42.0,4.0
ORD102745,2025-02-13,13,2,Delivered,369.77,3.9,23.0,4.5
ORD100387,2025-02-13,14,1,Delivered,210.78,6.7,34.0,5.0
ORD100318,2025-02-14,6,1,Delivered,259.13,10.1,46.0,5.0
ORD100629,2025-02-14,17,4,Delivered,460.33,3.8,28.0,4.0
ORD100291,2025-02-14,5,4,Delivered,305.17,1.7,19.0,4.0
ORD101538,2025-02-14,17,5,Delivered,371.43,6.5,40.0,4.5
ORD100628,2025-02-14,9,7,Delivered,329.58,2.8,28.0,5.0
ORD102904,2025-02-14,6,3,Delivered,270.22,9.3,51.0,5.0
ORD103553,2025-02-14,13,4,Delivered,190.29,2.0,29.0,4.0
ORD103658,2025-02-14,12,4,Delivered,601.84,10.8,31.0,4.5
ORD103852,2025-02-14,15,3,Delivered,463.99,8.3,50.0,3.5
ORD102778,2025-02-14,5,2,Delivered,330.07,10.7,42.0,3.5
ORD104263,2025-02-14,20,2,Delivered,409.67,7.1,41.0,4.0
ORD102072,2025-02-14,7,6,Delivered,318.93,4.0,35.0,4.0
ORD104424,2025-02-14,5,4,Delivered,146.24,8.9,37.0,3.0
ORD101322,2025-02-14,19,3,Delivered,159.67,6.9,42.0,5.0
ORD101717,2025-02-15,14,7,Pending,263.87,4.8,34.0,
ORD104762,2025-02-15,1,3,Delivered,465.14,11.5,60.0,3.5
ORD104004,2025-02-15,2,4,Refunded,0.0,4.9,34.0,4.0
ORD101008,2025-02-15,13,2,Delivered,359.56,9.5,34.0,3.5
ORD104289,2025-02-15,12,5,Delivered,565.92,12.0,54.0,3.5
ORD103480,2025-02-15,2,5,Delivered,265.87,10.2,45.0,4.0
ORD100706,2025-02-15,5,5,Delivered,343.43,10.3,50.0,2.5
ORD103966,2025-02-15,1,8,Delivered,337.08,9.2,46.0,4.5
ORD101314,2025-02-15,19,2,Delivered,353.9,3.2,23.0,4.0
ORD104738,2025-02-15,8,2,Delivered,396.83,4.8,41.0,4.0
ORD104794,2025-02-15,20,3,Delivered,216.01,3.7,37.0,5.0
ORD100334,2025-02-15,6,3,Delivered,289.55,1.9,31.0,4.5
ORD102417,2025-02-15,15,1,Delivered,372.89,9.0,41.0,3.0
ORD102326,2025-02-16,1,7,Delivered,349.48,2.5,32.0,5.0
ORD101478,2025-02-16,15,7,Delivered,403.5,3.6,23.0,3.5
ORD103756,2025-02-16,1,4,Cancelled,0.0,4.9,,
ORD102233,2025-02-16,10,2,Delivered,674.76,7.8,30.0,4.0
ORD101331,2025-02-16,12,3,Delivered,669.94,6.5,35.0,5.0
ORD102619,2025-02-16,15,1,Delivered,241.09,4.3,27.0,4.0
ORD100814,2025-02-16,1,5,Delivered,637.12,11.7,51.0,4.0
ORD102332,2025-02-16,3,1,Refunded,0.0,7.3,35.0,4.0
ORD102406,2025-02-16,3,4,Refunded,0.0,9.2,38.0,5.0
ORD102914,2025-02-16,13,8,Delivered,386.1,1.3,29.0,4.5
ORD103173,2025-02-16,4,3,Delivered,188.66,8.7,46.0,4.0
ORD104908,2025-02-16,12,3,Cancelled,0.0,1.2,,
ORD104777,2025-02-16,3,8,Delivered,527.5,3.7,29.0,5.0
ORD102502,2025-02-17,1,5,Delivered,585.23,5.5,31.0,5.0
ORD104857,2025-02-17,15,1,Delivered,423.28,1.1,27.0,3.5
ORD103485,2025-02-17,14,7,Delivered,210.34,8.6,45.0,3.5
ORD101651,2025-02-17,5,7,Refunded,0.0,7.3,36.0,4.0
ORD100565,2025-02-17,6,4,Pending,158.55,8.0,44.0,
ORD102564,2025-02-17,20,2,Delivered,298.98,3.2,29.0,4.5
ORD103276,2025-02-17,1,4,Delivered,260.86,7.7,36.0,3.5
ORD101722,2025-02-17,16,4,Delivered,613.78,4.8,26.0,4.0
ORD103412,2025-02-17,20,1,Cancelled,0.0,5.0,,
ORD100332,2025-02-17,15,3,Delivered,220.18,3.6,35.0,4.5
ORD104676,2025-02-17,6,5,Delivered,254.89,2.7,29.0,5.0
ORD100025,2025-02-17,5,7,Delivered,309.84,10.7,40.0,3.5
ORD101739,2025-02-17,3,1,Delivered,412.48,4.8,26.0,3.5
ORD101581,2025-02-18,17,3,Delivered,345.44,7.9,39.0,3.5
ORD103569,2025-02-18,13,1,Delivered,255.09,6.8,37.0,5.0
ORD101555,2025-02-18,15,5,Delivered,293.37,3.8,25.0,3.5
ORD103854,2025-02-18,8,4,Delivered,524.3,11.3,48.0,3.5
ORD102925,2025-02-18,3,5,Delivered,317.04,1.1,25.0,5.0
ORD100531,2025-02-18,13,4,Delivered,416.42,4.2,29.0,4.5
ORD100765,2025-02-18,4,5,Delivered,325.66,11.6,50.0,3.5
ORD100339,2025-02-18,5,1,Delivered,149.69,10.4,49.0,3.0
ORD104950,2025-02-18,5,1,Delivered,138.21,6.0,35.0,3.5
ORD102278,2025-02-18,13,3,Delivered,217.24,6.4,39.0,4.5
ORD103708,2025-02-19,13,2,Delivered,416.76,8.5,35.0,5.0
ORD101488,2025-02-19,15,1,Delivered,325.39,2.2,23.0,4.5
ORD102049,2025-02-19,20,3,Delivered,198.79,10.5,53.0,3.5
ORD102256,2025-02-19,2,1,Pending,463.68,3.8,28.0,
ORD101101,2025-02-19,2,8,Delivered,437.83,9.7,44.0,4.0
ORD100480,2025-02-19,13,5,Delivered,419.8,11.9,46.0,3.5
ORD104587,2025-02-19,8,1,Delivered,367.47,3.2,32.0,4.5
ORD100660,2025-02-19,1,1,Cancelled,0.0,6.3,,
ORD102988,2025-02-19,9,3,Delivered,414.29,1.9,38.0,3.5
ORD102747,2025-02-19,1,3,Delivered,669.87,1.0,30.0,5.0
ORD104206,2025-02-20,11,1,Delivered,828.2,11.5,39.0,3.0
ORD102261,2025-02-20,10,1,Delivered,432.0,1.8,29.0,4.5
ORD104264,2025-02-20,13,2,Delivered,438.59,9.4,42.0,4.5
ORD103229,2025-02-20,2,2,Delivered,258.17,11.6,46.0,3.5
ORD101502,2025-02-20,10,2,Pending,455.33,8.4,40.0,
ORD103999,2025-02-20,18,5,Cancelled,0.0,1.5,,
ORD101246,2025-02-20,5,1,Delivered,153.07,7.7,35.0,4.5
ORD100580,2025-02-20,3,8,Delivered,256.01,7.6,41.0,4.5
ORD100543,2025-02-20,13,4,Delivered,351.84,7.0,32.0,5.0
ORD101966,2025-02-20,21,6,Delivered,334.24,4.1,25.0,4.5
ORD101179,2025-02-20,13,1,Delivered,208.26,4.9,27.0,4.0
ORD103863,2025-02-20,18,1,Delivered,585.96,2.7,21.0,5.0
ORD104488,2025-02-20,16,3,Delivered,608.56,9.9,43.0,4.5
ORD100355,2025-02-21,21,6,Delivered,317.4,2.1,29.0,5.0
ORD100165,2025-02-21,15,3,Delivered,387.22,5.5,38.0,4.0
ORD100047,2025-02-21,14,1,Delivered,422.09,5.2,34.0,4.5
ORD100240,2025-02-21,2,2,Delivered,425.64,12.0,53.0,3.5
ORD104943,2025-02-21,17,4,Delivered,696.07,6.6,38.0,3.5
ORD100061,2025-02-21,2,3,Delivered,444.51,7.8,46.0,4.5
ORD103622,2025-02-21,5,7,Delivered,166.61,6.4,43.0,3.5
ORD100965,2025-02-21,16,2,Delivered,350.13,9.9,54.0,4.0
ORD100220,2025-02-21,10,2,Delivered,767.53,11.9,47.0,3.0
ORD102696,2025-02-21,14,3,Delivered,460.54,8.8,39.0,4.5
ORD103319,2025-02-21,9,2,Delivered,397.88,1.3,23.0,2.5
ORD103185,2025-02-21,8,3,Delivered,223.87,4.8,45.0,4.5
ORD100179,2025-02-22,3,1,Delivered,416.41,5.7,33.0,4.0
ORD103044,2025-02-22,9,2,Delivered,248.2,1.7,32.0,4.5
ORD104195,2025-02-22,19,6,Delivered,292.27,8.4,45.0,3.5
ORD100309,2025-02-22,13,3,Delivered,367.44,6.1,44.0,4.0
ORD101614,2025-02-22,2,3,Delivered,424.14,1.3,35.0,3.0
ORD104309,2025-02-22,5,7,Delivered,259.58,6.9,38.0,3.0
ORD104757,2025-02-22,3,4,Delivered,604.23,9.6,44.0,4.5
ORD104099,2025-02-22,3,5,Delivered,582.52,8.3,33.0,4.0
ORD101316,2025-02-22,18,1,Delivered,599.06,3.8,33.0,3.5
ORD100670,2025-02-22,3,5,Delivered,544.3,10.5,48.0,4.0
ORD102080,2025-02-22,2,8,Delivered,531.86,3.4,33.0,3.5
ORD100746,2025-02-22,13,7,Delivered,176.47,6.4,33.0,5.0
ORD100416,2025-02-22,15,1,Delivered,199.44,10.6,51.0,3.0
ORD104161,2025-02-23,3,7,Delivered,657.06,6.6,39.0,5.0
ORD101925,2025-02-23,20,7,Delivered,300.28,2.7,15.0,4.0
ORD104779,2025-02-23,6,3,Delivered,208.89,2.4,26.0,4.5
ORD100787,2025-02-23,9,6,Delivered,411.95,2.2,28.0,4.5
ORD103397,2025-02-23,13,7,Delivered,458.94,2.8,34.0,3.5
ORD104887,2025-02-23,9,8,Delivered,488.93,9.0,40.0,4.0
ORD100410,2025-02-23,4,3,Delivered,136.64,11.9,49.0,2.5
ORD101289,2025-02-24,1,1,Delivered,473.6,2.3,19.0,4.5
ORD104814,2025-02-24,15,3,Delivered,437.16,8.5,41.0,3.5
ORD101387,2025-02-24,13,8,Delivered,311.09,10.8,45.0,3.5
ORD102536,2025-02-24,20,3,Delivered,337.63,6.1,39.0,3.5
ORD101242,2025-02-24,4,2,Delivered,250.77,7.6,41.0,4.0
ORD101702,2025-02-24,3,5,Delivered,619.34,7.4,39.0,4.0
ORD104341,2025-02-24,6,3,Delivered,340.68,6.5,39.0,5.0
ORD100756,2025-02-24,14,3,Delivered,345.92,2.6,24.0,5.0
ORD103307,2025-02-24,4,3,Refunded,0.0,2.9,28.0,5.0
ORD102387,2025-02-24,11,3,Delivered,665.83,5.9,42.0,2.5
ORD102389,2025-02-24,3,7,Delivered,459.05,5.1,31.0,5.0
ORD103180,2025-02-24,15,3,Delivered,196.01,4.0,39.0,3.0
ORD100350,2025-02-24,2,1,Delivered,272.08,7.5,34.0,3.0
ORD104874,2025-02-24,15,5,Cancelled,0.0,2.3,,
ORD103932,2025-02-24,11,2,Delivered,771.59,11.9,42.0,4.0
ORD103903,2025-02-24,19,3,Delivered,321.28,6.8,42.0,4.0
ORD103407,2025-02-25,21,1,Delivered,305.88,4.4,27.0,5.0
ORD101653,2025-02-25,19,1,Delivered,274.05,5.8,38.0,4.5
ORD104176,2025-02-25,16,3,Delivered,468.17,6.2,44.0,2.5
ORD104816,2025-02-25,7,3,Delivered,459.9,11.8,52.0,4.0
ORD104009,2025-02-25,1,7,Delivered,534.28,2.1,30.0,5.0
ORD101620,2025-02-25,16,3,Delivered,490.39,9.6,39.0,3.5
ORD100191,2025-02-25,3,6,Delivered,370.99,6.3,40.0,4.0
ORD103492,2025-02-25,14,3,Delivered,213.0,9.4,46.0,4.5
ORD100264,2025-02-25,2,5,Cancelled,0.0,2.4,,
ORD103069,2025-02-25,10,5,Delivered,724.61,11.5,48.0,3.0
ORD100295,2025-02-25,18,2,Delivered,422.07,5.1,32.0,3.5
ORD102985,2025-02-26,4,7,Delivered,314.27,8.9,34.0,4.5
ORD100777,2025-02-26,1,3,Delivered,474.17,10.4,45.0,4.0
ORD101861,2025-02-26,15,1,Delivered,394.37,9.3,42.0,4.0
ORD101254,2025-02-26,3,1,Delivered,597.21,2.1,21.0,5.0
ORD100013,2025-02-26,9,3,Delivered,306.42,2.3,23.0,4.0
ORD101837,2025-02-26,14,8,Cancelled,0.0,6.3,,
ORD103161,2025-02-26,19,2,Delivered,282.61,1.7,14.0,5.0
ORD100420,2025-02-26,19,4,Delivered,256.26,1.5,27.0,4.5
ORD103056,2025-02-26,21,2,Delivered,338.24,3.7,23.0,5.0
ORD100716,2025-02-26,3,1,Cancelled,0.0,9.8,,
ORD102385,2025-02-26,14,3,Delivered,304.45,4.3,32.0,5.0
ORD104854,2025-02-26,5,1,Delivered,337.76,6.0,28.0,4.0
ORD100999,2025-02-26,3,1,Delivered,660.66,6.2,39.0,5.0
ORD102516,2025-02-26,3,1,Delivered,421.74,9.8,45.0,5.0
ORD102956,2025-02-26,9,3,Delivered,408.7,9.4,48.0,4.5
ORD102699,2025-02-27,2,1,Delivered,392.65,11.8,49.0,3.0
ORD100755,2025-02-27,2,1,Delivered,267.87,11.3,41.0,4.0
ORD104257,2025-02-27,6,1,Cancelled,0.0,11.7,,
ORD101352,2025-02-27,4,7,Delivered,177.75,9.4,42.0,4.5
ORD104900,2025-02-27,10,2,Delivered,592.75,8.4,55.0,3.5
ORD101598,2025-02-27,15,3,Delivered,217.86,6.0,43.0,3.5
ORD100681,2025-02-27,21,5,Delivered,337.45,1.8,20.0,5.0
ORD103074,2025-02-27,8,2,Delivered,322.44,1.5,20.0,5.0
ORD100602,2025-02-27,15,2,Delivered,435.25,10.6,42.0,4.5
ORD103663,2025-02-27,2,5,Delivered,538.51,1.7,19.0,4.5
ORD102761,2025-02-28,12,8,Delivered,619.01,3.8,29.0,5.0
ORD101566,2025-02-28,20,1,Delivered,339.47,8.1,44.0,4.0
ORD102780,2025-02-28,8,3,Delivered,305.02,2.0,35.0,5.0
ORD100113,2025-02-28,1,4,Delivered,571.82,9.3,47.0,3.5
ORD104042,2025-02-28,20,1,Delivered,397.64,8.2,51.0,3.5
ORD101519,2025-02-28,18,8,Cancelled,0.0,6.7,,
ORD101384,2025-02-28,4,7,Refunded,0.0,5.6,38.0,4.0
ORD104936,2025-02-28,7,2,Delivered,441.08,8.8,44.0,4.0
ORD100204,2025-02-28,16,2,Delivered,584.45,3.3,29.0,4.0
ORD104102,2025-02-28,19,2,Delivered,265.63,5.5,35.0,4.5
ORD100034,2025-02-28,18,2,Delivered,463.78,5.3,33.0,3.5
ORD102202,2025-02-28,10,1,Delivered,404.99,11.1,39.0,4.5
ORD102617,2025-02-28,18,1,Delivered,507.54,1.8,22.0,4.5
ORD102791,2025-02-28,19,2,Delivered,260.97,7.8,38.0,5.0
ORD103437,2025-03-01,16,3,Delivered,636.19,11.8,55.0,4.0
ORD104574,2025-03-01,9,2,Delivered,353.56,6.5,41.0,3.0
ORD103225,2025-03-01,11,5,Delivered,680.44,3.1,32.0,4.5
ORD101731,2025-03-01,14,5,Delivered,372.26,8.4,46.0,4.0
ORD102756,2025-03-01,6,4,Delivered,305.68,5.8,28.0,4.0
ORD102425,2025-03-01,15,3,Delivered,310.5,6.3,40.0,4.0
ORD101589,2025-03-01,4,2,Delivered,284.75,11.1,49.0,5.0
ORD102011,2025-03-01,21,7,Cancelled,0.0,6.4,,
ORD101959,2025-03-01,6,2,Delivered,230.14,7.5,47.0,4.5
ORD101212,2025-03-01,5,3,Cancelled,0.0,10.2,,
ORD104168,2025-03-01,15,6,Delivered,219.41,4.2,38.0,3.5
ORD101271,2025-03-01,17,7,Delivered,582.03,2.5,28.0,3.0
ORD101455,2025-03-01,10,7,Cancelled,0.0,11.7,,
ORD104763,2025-03-01,17,4,Delivered,648.26,5.3,43.0,4.5
ORD103499,2025-03-01,8,6,Delivered,478.76,1.4,28.0,4.5
ORD101516,2025-03-02,15,5,Refunded,0.0,9.6,40.0,4.5
ORD103798,2025-03-02,11,5,Delivered,579.46,11.3,50.0,4.0
ORD102714,2025-03-02,18,3,Delivered,735.31,6.6,24.0,4.5
ORD100873,2025-03-02,11,5,Delivered,512.77,3.2,26.0,3.5
ORD104447,2025-03-02,3,6,Delivered,660.48,7.8,42.0,4.5
ORD101337,2025-03-02,14,3,Delivered,213.6,11.4,48.0,5.0
ORD102143,2025-03-02,16,3,Delivered,484.53,7.8,40.0,3.5
ORD100492,2025-03-02,16,7,Delivered,419.26,10.1,45.0,4.0
ORD100104,2025-03-02,20,1,Delivered,394.83,10.1,51.0,2.0
ORD104456,2025-03-02,13,1,Delivered,254.29,2.3,20.0,5.0
ORD104637,2025-03-02,13,1,Delivered,247.25,7.3,36.0,4.0
ORD100119,2025-03-02,9,6,Delivered,320.34,9.0,47.0,3.5
ORD103621,2025-03-02,6,1,Delivered,161.23,9.0,40.0,4.5
ORD104279,2025-03-02,13,3,Delivered,359.26,10.4,46.0,5.0
ORD103632,2025-03-02,14,7,Delivered,263.85,3.9,21.0,5.0
ORD100360,2025-03-02,8,2,Refunded,0.0,10.9,47.0,3.5
ORD100258,2025-03-02,18,3,Delivered,383.03,6.4,38.0,4.0
ORD101593,2025-03-02,12,3,Delivered,597.69,4.6,31.0,5.0
ORD102917,2025-03-03,7,1,Delivered,517.34,9.6,30.0,5.0
ORD102951,2025-03-03,19,2,Refunded,0.0,1.3,13.0,5.0
ORD100563,2025-03-03,16,3,Delivered,726.47,11.9,56.0,3.5
ORD100546,2025-03-03,16,6,Delivered,490.2,5.6,34.0,4.0
ORD101819,2025-03-03,15,5,Delivered,176.78,9.8,39.0,4.5
ORD102923,2025-03-03,3,4,Delivered,652.69,7.1,34.0,5.0
ORD103060,2025-03-03,17,2,Delivered,641.43,10.0,32.0,4.5
ORD102521,2025-03-03,8,6,Delivered,326.97,6.6,39.0,4.5
ORD104860,2025-03-03,3,1,Delivered,660.64,7.0,31.0,4.0
ORD101899,2025-03-03,11,7,Delivered,791.49,5.8,24.0,4.5
ORD102633,2025-03-03,4,4,Delivered,182.6,4.0,25.0,5.0
ORD101738,2025-03-04,18,2,Delivered,666.57,9.7,32.0,3.5
ORD103626,2025-03-04,6,1,Delivered,143.87,11.4,42.0,5.0
ORD104379,2025-03-04,4,1,Delivered,288.93,4.1,25.0,5.0
ORD102093,2025-03-04,13,4,Delivered,443.95,5.6,32.0,3.5
ORD103875,2025-03-04,5,6,Delivered,216.38,9.4,39.0,3.0
ORD104481,2025-03-04,12,1,Pending,828.61,1.7,22.0,
ORD100970,2025-03-04,6,5,Delivered,217.03,1.7,18.0,5.0
ORD100564,2025-03-04,17,2,Delivered,656.98,8.4,36.0,3.5
ORD101693,2025-03-04,13,4,Delivered,239.05,4.9,27.0,4.5
ORD104444,2025-03-04,2,7,Delivered,481.46,10.5,43.0,4.0
ORD101167,2025-03-04,4,3,Delivered,141.12,6.9,46.0,4.0
ORD104193,2025-03-05,16,1,Delivered,463.56,4.5,20.0,4.0
ORD100181,2025-03-05,9,5,Delivered,394.4,8.8,42.0,3.5
ORD100427,2025-03-05,4,2,Delivered,264.92,6.0,30.0,5.0
ORD100838,2025-03-05,10,1,Delivered,795.89,9.9,44.0,2.0
ORD101320,2025-03-05,20,4,Cancelled,0.0,8.9,,
ORD100312,2025-03-05,13,2,Delivered,182.03,2.0,18.0,4.0
ORD102703,2025-03-05,1,1,Delivered,553.3,4.9,26.0,4.5
ORD102424,2025-03-05,1,5,Delivered,635.62,2.4,18.0,4.5
ORD103119,2025-03-05,7,7,Delivered,497.58,2.7,28.0,5.0
ORD103834,2025-03-05,13,2,Delivered,195.49,7.1,40.0,4.0
ORD103281,2025-03-05,17,8,Delivered,503.3,9.1,43.0,3.5
ORD102523,2025-03-05,7,2,Delivered,512.69,3.0,28.0,4.5
ORD104529,2025-03-05,3,5,Delivered,669.16,9.3,44.0,3.5
ORD102560,2025-03-05,15,5,Delivered,356.4,7.1,35.0,4.5
ORD101675,2025-03-06,9,7,Cancelled,0.0,10.2,,
ORD104382,2025-03-06,14,7,Delivered,352.88,1.4,15.0,5.0
ORD103947,2025-03-06,1,5,Delivered,355.96,6.6,35.0,3.5
ORD101774,2025-03-06,12,1,Cancelled,0.0,2.4,,
ORD100523,2025-03-06,13,7,Delivered,413.14,2.9,24.0,4.5
ORD100954,2025-03-06,2,5,Refunded,0.0,8.5,41.0,3.5
ORD101860,2025-03-06,17,8,Delivered,408.7,1.4,19.0,4.0
ORD103228,2025-03-06,8,1,Cancelled,0.0,6.2,,
ORD100154,2025-03-06,21,2,Cancelled,0.0,4.0,,
ORD102647,2025-03-06,9,4,Delivered,424.89,1.7,25.0,3.5
ORD102047,2025-03-06,8,5,Delivered,317.12,1.3,37.0,5.0
ORD101142,2025-03-06,11,2,Delivered,612.46,10.1,40.0,4.0
ORD102552,2025-03-06,18,3,Delivered,410.53,8.8,46.0,3.0
ORD103146,2025-03-06,21,7,Delivered,194.77,6.3,35.0,4.0
ORD101958,2025-03-06,12,4,Cancelled,0.0,2.3,,
ORD103504,2025-03-06,3,2,Delivered,409.42,8.4,39.0,4.0
ORD100609,2025-03-06,15,4,Delivered,262.93,9.9,42.0,3.0
ORD103143,2025-03-06,2,8,Cancelled,0.0,10.7,,
ORD101960,2025-03-06,5,4,Delivered,325.27,5.3,36.0,4.0
ORD103220,2025-03-07,4,7,Delivered,224.46,10.8,43.0,4.0
ORD101546,2025-03-07,16,2,Delivered,423.23,10.5,46.0,2.0
ORD104455,2025-03-07,9,2,Delivered,211.05,11.5,50.0,3.5
ORD102052,2025-03-07,6,2,Delivered,335.53,11.7,49.0,5.0
ORD103829,2025-03-07,14,1,Delivered,357.79,3.8,34.0,5.0
ORD100174,2025-03-07,3,1,Delivered,317.43,6.0,30.0,4.5
ORD103176,2025-03-07,5,8,Delivered,322.73,2.4,27.0,4.0
ORD100898,2025-03-08,18,4,Delivered,295.95,1.6,24.0,4.5
ORD100362,2025-03-08,18,1,Delivered,533.6,4.0,29.0,4.0
ORD102420,2025-03-08,5,2,Delivered,196.39,2.0,17.0,4.0
ORD104522,2025-03-08,5,6,Delivered,246.6,9.0,42.0,4.0
ORD101339,2025-03-08,16,1,Delivered,691.38,6.6,38.0,3.5
ORD100736,2025-03-08,11,3,Refunded,0.0,5.5,44.0,3.5
ORD101583,2025-03-08,9,4,Delivered,334.2,6.4,30.0,3.5
ORD104406,2025-03-08,10,4,Delivered,792.85,11.6,50.0,3.5
ORD103457,2025-03-08,20,5,Delivered,185.33,1.6,23.0,4.0
ORD103267,2025-03-08,19,2,Delivered,346.2,9.3,39.0,4.5
ORD103042,2025-03-08,16,2,Delivered,733.96,9.8,44.0,3.0
ORD102157,2025-03-08,18,2,Pending,603.8,3.3,24.0,
ORD102562,2025-03-08,7,1,Delivered,355.66,11.5,59.0,4.0
ORD102730,2025-03-09,2,4,Delivered,266.93,6.3,40.0,4.0
ORD102422,2025-03-09,1,7,Delivered,645.54,2.8,22.0,4.5
ORD101166,2025-03-09,6,1,Delivered,145.61,7.6,37.0,5.0
ORD101551,2025-03-09,8,4,Delivered,293.74,11.7,53.0,4.0
ORD102264,2025-03-09,5,1,Delivered,181.45,11.9,44.0,3.5
ORD104355,2025-03-09,4,8,Delivered,163.81,11.5,51.0,4.0
ORD103591,2025-03-09,2,1,Delivered,458.11,10.7,43.0,2.5
ORD104635,2025-03-09,20,2,Delivered,268.08,2.7,23.0,4.5
ORD101360,2025-03-09,13,1,Delivered,199.67,7.5,33.0,4.5
ORD103655,2025-03-09,2,2,Delivered,510.47,10.4,42.0,4.0
ORD101473,2025-03-09,18,1,Delivered,276.2,11.6,42.0,2.5
ORD101078,2025-03-10,4,3,Delivered,169.9,4.4,33.0,4.0
ORD103722,2025-03-10,12,1,Delivered,761.21,8.6,29.0,5.0
ORD104873,2025-03-10,3,2,Delivered,626.8,9.0,42.0,4.0
ORD103337,2025-03-10,18,1,Delivered,572.17,11.7,47.0,2.5
ORD103784,2025-03-10,4,3,Delivered,320.84,9.4,47.0,4.5
ORD101092,2025-03-10,17,1,Delivered,635.95,2.1,30.0,5.0
ORD104538,2025-03-10,14,5,Delivered,233.95,8.0,37.0,4.5
ORD102435,2025-03-10,4,3,Delivered,272.56,11.9,44.0,3.0
ORD102926,2025-03-10,9,3,Delivered,272.03,11.2,51.0,2.0
ORD101611,2025-03-10,21,2,Delivered,356.45,4.8,34.0,3.5
ORD104125,2025-03-10,20,2,Delivered,173.12,1.3,12.0,5.0
ORD100176,2025-03-10,4,3,Delivered,290.93,11.3,50.0,5.0
ORD103446,2025-03-10,2,3,Delivered,434.32,3.0,35.0,4.0
ORD103132,2025-03-10,11,1,Delivered,485.3,4.0,30.0,4.0
ORD102702,2025-03-10,6,3,Delivered,299.48,3.3,35.0,5.0
ORD102213,2025-03-10,15,3,Delivered,407.6,4.6,30.0,4.5
ORD102787,2025-03-10,3,3,Delivered,365.8,6.3,36.0,5.0
ORD104061,2025-03-11,5,2,Delivered,154.32,1.7,24.0,4.0
ORD101348,2025-03-11,21,2,Delivered,247.37,9.6,40.0,4.0
ORD103331,2025-03-11,9,2,Delivered,452.19,2.4,12.0,3.5
ORD103251,2025-03-11,5,1,Delivered,238.16,6.1,32.0,3.5
ORD101241,2025-03-11,1,6,Delivered,485.83,11.6,45.0,4.5
ORD104030,2025-03-11,16,7,Delivered,506.16,5.6,33.0,3.5
ORD104033,2025-03-11,5,7,Delivered,178.47,2.0,16.0,4.0
ORD103964,2025-03-11,14,7,Delivered,395.05,2.5,21.0,4.5
ORD104694,2025-03-11,3,3,Delivered,285.44,6.4,42.0,5.0
ORD102109,2025-03-12,4,2,Delivered,134.08,6.9,37.0,4.5
ORD102480,2025-03-12,11,1,Delivered,811.96,2.1,30.0,4.0
ORD100905,2025-03-12,14,5,Delivered,181.77,1.9,17.0,5.0
ORD100904,2025-03-12,20,2,Pending,317.65,11.0,40.0,
ORD104101,2025-03-12,7,4,Delivered,329.93,10.2,45.0,4.0
ORD104927,2025-03-12,19,2,Delivered,369.93,6.9,32.0,4.5
ORD102645,2025-03-12,14,3,Delivered,406.03,11.7,49.0,4.0
ORD100719,2025-03-12,11,5,Delivered,743.61,10.2,54.0,3.5
ORD102363,2025-03-12,6,4,Delivered,211.64,1.7,17.0,5.0
ORD103525,2025-03-12,17,5,Delivered,458.94,11.7,51.0,4.5
ORD104778,2025-03-12,13,6,Delivered,294.78,11.0,42.0,4.0
ORD102735,2025-03-12,20,1,Delivered,311.37,7.7,32.0,5.0
ORD100411,2025-03-12,12,3,Delivered,383.25,11.7,52.0,4.5
ORD104915,2025-03-12,17,7,Delivered,377.51,1.4,16.0,4.5
ORD104127,2025-03-12,11,3,Delivered,440.62,6.9,43.0,4.0
ORD101977,2025-03-12,11,1,Delivered,446.56,7.7,39.0,3.0
ORD101835,2025-03-12,13,2,Delivered,191.65,9.3,45.0,4.5
ORD100301,2025-03-13,3,6,Cancelled,0.0,4.8,,
ORD104878,2025-03-13,12,5,Pending,336.78,6.2,33.0,
ORD104273,2025-03-13,1,5,Delivered,273.43,5.8,25.0,5.0
ORD100802,2025-03-13,9,1,Delivered,484.43,2.0,23.0,4.5
ORD103723,2025-03-13,17,7,Refunded,0.0,7.1,34.0,4.0
ORD102388,2025-03-13,3,3,Delivered,662.55,3.0,23.0,5.0
ORD102704,2025-03-13,1,1,Delivered,647.89,6.9,36.0,5.0
ORD104764,2025-03-13,14,3,Delivered,362.82,9.2,56.0,3.5
ORD103960,2025-03-13,2,4,Delivered,386.33,10.8,38.0,2.5
ORD102634,2025-03-13,13,2,Delivered,209.84,4.7,34.0,4.5
ORD103187,2025-03-13,6,3,Delivered,294.58,8.7,40.0,4.0
ORD102353,2025-03-13,1,2,Delivered,515.93,8.7,43.0,4.0
ORD103247,2025-03-13,1,2,Refunded,0.0,2.2,21.0,4.0
ORD103991,2025-03-13,21,8,Delivered,325.79,1.3,29.0,5.0
ORD102607,2025-03-13,6,4,Delivered,351.98,5.6,34.0,5.0
ORD100008,2025-03-13,2,6,Delivered,438.04,10.1,43.0,3.0
ORD103062,2025-03-13,14,2,Delivered,411.31,11.6,44.0,4.5
ORD102073,2025-03-14,1,5,Delivered,403.17,8.2,44.0,4.5
ORD103294,2025-03-14,7,7,Delivered,383.29,6.7,39.0,4.0
ORD101462,2025-03-14,13,7,Delivered,237.24,9.3,45.0,3.5
ORD104326,2025-03-14,15,4,Delivered,330.72,7.8,46.0,3.5
ORD104140,2025-03-14,4,1,Delivered,163.92,6.5,41.0,4.0
ORD101730,2025-03-14,5,3,Delivered,314.24,4.7,41.0,2.5
ORD102517,2025-03-14,15,1,Delivered,352.9,3.9,41.0,4.5
ORD102318,2025-03-14,4,1,Refunded,0.0,2.9,36.0,5.0
ORD101391,2025-03-14,2,1,Delivered,282.69,5.6,33.0,4.5
ORD104905,2025-03-14,8,2,Delivered,362.6,10.5,52.0,4.5
ORD100674,2025-03-14,7,7,Delivered,219.2,8.4,44.0,4.0
ORD102320,2025-03-14,3,4,Delivered,293.07,3.5,32.0,4.5
ORD104515,2025-03-14,15,1,Delivered,243.85,1.7,25.0,4.5
ORD103853,2025-03-14,7,7,Delivered,335.38,5.9,37.0,4.0
ORD104723,2025-03-14,12,7,Refunded,0.0,8.3,46.0,4.0
ORD104363,2025-03-14,14,1,Delivered,215.18,9.6,40.0,3.5
ORD102504,2025-03-14,16,4,Delivered,633.36,9.6,48.0,2.5
ORD103449,2025-03-14,15,6,Delivered,344.35,8.4,40.0,4.5
ORD104006,2025-03-14,10,3,Delivered,465.36,7.3,39.0,3.5
ORD100049,2025-03-14,4,1,Delivered,211.21,5.0,31.0,5.0
ORD103795,2025-03-14,19,1,Pending,291.04,9.5,45.0,
ORD103234,2025-03-15,18,2,Delivered,321.03,6.0,43.0,4.0
ORD103454,2025-03-15,14,3,Delivered,433.64,10.7,53.0,4.0
ORD101106,2025-03-15,19,7,Delivered,265.64,7.9,45.0,4.5
ORD102729,2025-03-15,17,5,Delivered,722.26,4.1,35.0,4.5
ORD103537,2025-03-15,13,3,Delivered,180.69,7.2,33.0,3.5
ORD101471,2025-03-15,19,4,Delivered,198.15,7.8,40.0,5.0
ORD102398,2025-03-15,19,3,Delivered,402.98,8.2,50.0,4.0
ORD100879,2025-03-15,4,8,Delivered,181.86,1.2,27.0,4.5
ORD100248,2025-03-15,17,6,Delivered,393.04,8.8,45.0,3.0
ORD100704,2025-03-15,16,1,Delivered,345.0,2.6,27.0,4.5
ORD104044,2025-03-15,1,1,Cancelled,0.0,4.9,,
ORD104681,2025-03-15,2,4,Delivered,448.11,7.9,50.0,3.5
ORD104640,2025-03-15,12,5,Pending,629.12,9.0,47.0,
ORD103182,2025-03-16,18,2,Delivered,357.76,7.1,41.0,2.5
ORD101421,2025-03-16,21,7,Delivered,383.82,5.5,30.0,3.5
ORD102286,2025-03-16,17,8,Delivered,449.06,11.4,48.0,4.5
ORD104791,2025-03-16,14,1,Delivered,367.22,11.8,49.0,4.0
ORD103976,2025-03-16,7,2,Delivered,249.75,4.2,28.0,4.5
ORD103789,2025-03-16,14,3,Delivered,224.08,5.5,27.0,4.0
ORD103366,2025-03-16,12,5,Delivered,712.29,7.3,34.0,4.0
ORD103099,2025-03-16,8,3,Delivered,441.89,5.3,39.0,5.0
ORD102185,2025-03-16,10,3,Delivered,744.19,3.9,36.0,3.5
ORD102062,2025-03-16,14,2,Delivered,197.42,9.8,39.0,4.5
ORD102689,2025-03-17,13,2,Delivered,447.48,8.9,25.0,5.0
ORD102370,2025-03-17,9,2,Delivered,366.46,7.6,32.0,4.0
ORD102846,2025-03-17,15,5,Delivered,427.0,1.5,22.0,5.0
ORD101201,2025-03-17,14,4,Cancelled,0.0,7.5,,
ORD104937,2025-03-17,15,3,Delivered,312.86,9.7,49.0,3.5
ORD102970,2025-03-17,5,2,Delivered,208.59,4.9,24.0,3.5
ORD103413,2025-03-17,14,7,Delivered,230.32,10.8,39.0,4.0
ORD102546,2025-03-17,15,3,Delivered,374.7,9.1,37.0,5.0
ORD102044,2025-03-17,6,8,Delivered,136.78,12.0,51.0,4.0
ORD101534,2025-03-17,18,2,Delivered,313.29,8.2,30.0,4.0
ORD104536,2025-03-17,21,6,Delivered,298.48,7.3,33.0,4.0
ORD104841,2025-03-17,9,4,Delivered,223.06,10.8,38.0,4.0
ORD101637,2025-03-18,9,4,Delivered,213.27,11.0,49.0,3.5
ORD103868,2025-03-18,9,3,Delivered,265.27,6.4,36.0,4.0
ORD102084,2025-03-18,3,2,Delivered,405.63,4.1,29.0,4.5
ORD104701,2025-03-18,14,1,Delivered,206.69,7.1,41.0,4.5
ORD104359,2025-03-18,5,4,Delivered,234.48,10.7,48.0,3.5
ORD102762,2025-03-18,14,1,Delivered,294.69,8.5,42.0,4.0
ORD100592,2025-03-18,4,7,Delivered,291.17,6.0,32.0,5.0
ORD101426,2025-03-18,2,3,Delivered,484.02,10.3,50.0,5.0
ORD104951,2025-03-18,1,5,Delivered,275.32,8.7,36.0,5.0
ORD103340,2025-03-18,11,3,Cancelled,0.0,2.4,,
ORD102688,2025-03-18,13,7,Delivered,415.91,10.7,42.0,4.5
ORD103813,2025-03-18,5,3,Cancelled,0.0,9.5,,
ORD104138,2025-03-19,1,6,Delivered,550.01,8.9,36.0,4.5
ORD101636,2025-03-19,15,5,Delivered,405.82,3.5,24.0,4.0
ORD104530,2025-03-19,15,5,Cancelled,0.0,2.8,,
ORD102737,2025-03-19,5,4,Delivered,344.43,8.4,36.0,4.0
ORD102924,2025-03-19,13,4,Delivered,302.46,2.9,23.0,4.0
ORD103935,2025-03-19,5,2,Delivered,159.89,10.5,42.0,3.5
ORD102021,2025-03-19,15,1,Delivered,417.39,10.8,54.0,3.0
ORD102679,2025-03-19,7,1,Delivered,404.75,1.2,25.0,5.0
ORD101133,2025-03-20,7,2,Delivered,483.36,6.5,30.0,5.0
ORD100082,2025-03-20,14,4,Delivered,394.96,3.0,26.0,4.5
ORD102040,2025-03-20,12,3,Delivered,464.29,8.3,39.0,4.5
ORD102035,2025-03-20,4,3,Delivered,246.48,2.7,26.0,5.0
ORD104731,2025-03-20,18,3,Delivered,491.93,5.0,24.0,4.0
ORD103778,2025-03-20,13,1,Delivered,232.67,10.5,44.0,4.0
ORD102500,2025-03-20,1,1,Delivered,456.9,4.2,31.0,5.0
ORD102341,2025-03-20,17,2,Cancelled,0.0,5.5,,
ORD103471,2025-03-20,10,1,Delivered,377.21,1.2,13.0,4.5
ORD102885,2025-03-20,13,5,Cancelled,0.0,3.8,,
ORD103289,2025-03-20,18,2,Delivered,372.43,11.1,48.0,3.5
ORD102632,2025-03-20,12,4,Delivered,738.71,5.4,37.0,5.0
ORD102205,2025-03-20,5,4,Delivered,344.61,1.6,28.0,4.0
ORD102147,2025-03-20,15,7,Delivered,334.05,3.1,29.0,4.0
ORD104166,2025-03-20,2,3,Delivered,644.7,3.7,32.0,4.5
ORD104596,2025-03-21,21,5,Delivered,218.34,5.6,40.0,5.0
ORD104576,2025-03-21,16,1,Delivered,683.23,8.8,39.0,4.5
ORD100780,2025-03-21,13,5,Delivered,215.63,2.3,32.0,3.0
ORD104754,2025-03-21,7,3,Cancelled,0.0,7.8,,
ORD102972,2025-03-21,7,1,Delivered,413.13,3.2,33.0,5.0
ORD102374,2025-03-21,14,2,Delivered,275.4,5.2,28.0,4.5
ORD104578,2025-03-22,13,1,Delivered,419.1,9.5,40.0,3.5
ORD101099,2025-03-22,2,2,Delivered,467.18,4.2,31.0,4.0
ORD104671,2025-03-22,2,1,Delivered,494.18,1.4,15.0,4.5
ORD101950,2025-03-22,18,3,Cancelled,0.0,5.7,,
ORD103970,2025-03-22,8,3,Delivered,510.19,5.6,35.0,4.5
ORD102856,2025-03-22,1,3,Delivered,661.75,10.7,60.0,4.0
ORD102236,2025-03-22,7,1,Delivered,270.14,8.6,52.0,4.0
ORD104593,2025-03-22,17,3,Delivered,613.14,6.6,45.0,3.0
ORD104771,2025-03-22,5,1,Delivered,291.24,9.5,46.0,3.5
ORD103282,2025-03-22,9,2,Delivered,270.28,8.3,44.0,4.5
ORD101978,2025-03-22,18,3,Delivered,715.89,8.5,43.0,4.0
ORD103212,2025-03-22,2,2,Delivered,381.7,2.3,32.0,5.0
ORD104081,2025-03-22,8,2,Delivered,363.07,4.6,40.0,5.0
ORD102828,2025-03-23,1,6,Delivered,455.85,11.9,54.0,3.5
ORD101025,2025-03-23,13,6,Delivered,378.26,2.9,30.0,4.5
ORD101853,2025-03-23,21,4,Delivered,379.01,9.6,37.0,4.5
ORD104745,2025-03-23,14,3,Delivered,305.48,10.4,36.0,4.5
ORD103197,2025-03-23,21,6,Delivered,224.06,3.2,23.0,5.0
ORD103001,2025-03-23,6,8,Delivered,276.98,6.7,37.0,5.0
ORD101505,2025-03-23,20,3,Delivered,181.35,5.1,36.0,4.0
ORD104610,2025-03-23,17,6,Delivered,617.32,8.6,32.0,3.5
ORD101901,2025-03-23,14,2,Delivered,441.97,2.3,30.0,4.5
ORD104677,2025-03-23,4,3,Delivered,183.1,8.6,43.0,5.0
ORD102880,2025-03-23,8,2,Delivered,391.52,6.6,29.0,4.0
ORD103223,2025-03-23,17,3,Delivered,675.63,7.9,45.0,4.5
ORD104491,2025-03-24,15,5,Delivered,340.71,5.9,40.0,4.0
ORD103103,2025-03-24,21,2,Delivered,281.12,9.7,46.0,3.5
ORD104543,2025-03-24,14,6,Delivered,421.43,2.1,32.0,4.5
ORD103445,2025-03-24,5,5,Delivered,180.08,1.9,18.0,4.0
ORD104422,2025-03-24,16,4,Delivered,533.53,9.4,48.0,4.0
ORD100029,2025-03-24,2,3,Delivered,648.06,9.8,38.0,4.0
ORD103490,2025-03-24,4,8,Delivered,282.95,4.5,25.0,5.0
ORD104397,2025-03-24,4,1,Delivered,283.77,2.7,23.0,5.0
ORD103627,2025-03-24,3,8,Delivered,269.07,6.1,30.0,5.0
ORD102409,2025-03-24,2,8,Pending,586.44,7.6,38.0,
ORD101913,2025-03-24,7,4,Delivered,358.88,9.7,40.0,4.5
ORD102606,2025-03-24,21,6,Refunded,0.0,4.7,21.0,5.0
ORD104163,2025-03-24,13,2,Delivered,294.33,10.5,41.0,5.0
ORD104112,2025-03-24,11,2,Delivered,411.81,10.7,52.0,3.0
ORD100788,2025-03-24,15,4,Delivered,256.77,4.3,29.0,4.5
ORD104337,2025-03-25,8,1,Delivered,531.89,6.6,28.0,5.0
ORD103138,2025-03-25,21,1,Delivered,222.37,9.3,42.0,4.5
ORD101225,2025-03-25,1,4,Delivered,505.54,7.3,34.0,4.5
ORD102455,2025-03-25,3,4,Delivered,657.25,4.7,28.0,4.0
ORD104479,2025-03-25,16,2,Delivered,404.23,10.7,42.0,3.5
ORD100448,2025-03-25,4,2,Pending,148.32,3.9,40.0,
ORD100313,2025-03-25,14,3,Delivered,200.15,11.7,53.0,5.0
ORD102767,2025-03-25,15,3,Pending,398.99,7.9,45.0,
ORD102428,2025-03-25,11,2,Delivered,335.86,4.1,32.0,5.0
ORD101233,2025-03-25,14,7,Delivered,423.2,9.8,47.0,3.5
ORD102553,2025-03-26,16,8,Delivered,451.05,1.7,28.0,3.0
ORD100237,2025-03-26,8,1,Delivered,233.6,9.9,43.0,5.0
ORD102893,2025-03-26,21,2,Pending,220.48,2.6,18.0,
ORD100903,2025-03-26,2,1,Delivered,385.12,4.7,21.0,4.5
ORD100376,2025-03-26,17,3,Refunded,0.0,7.2,43.0,5.0
ORD101353,2025-03-26,15,4,Delivered,314.36,6.2,28.0,3.5
ORD103249,2025-03-26,17,4,Delivered,538.74,2.4,19.0,5.0
ORD103070,2025-03-26,4,2,Delivered,297.65,2.9,28.0,4.5
ORD101206,2025-03-26,2,5,Delivered,590.85,5.1,31.0,4.5
ORD101486,2025-03-27,2,2,Delivered,313.13,10.1,39.0,3.5
ORD100504,2025-03-27,12,4,Delivered,699.63,8.9,46.0,4.5
ORD100088,2025-03-27,7,3,Delivered,380.87,4.2,37.0,4.5
ORD104987,2025-03-27,20,4,Delivered,240.85,7.6,34.0,4.0
ORD103890,2025-03-27,5,3,Delivered,210.79,6.3,37.0,3.5
ORD101124,2025-03-27,18,3,Refunded,0.0,4.4,27.0,4.5
ORD101827,2025-03-27,16,7,Delivered,325.97,11.5,42.0,3.0
ORD101051,2025-03-27,6,3,Delivered,275.49,8.8,44.0,4.0
ORD101049,2025-03-27,11,2,Delivered,379.85,11.0,46.0,4.5
ORD101797,2025-03-27,5,1,Delivered,298.62,8.4,38.0,3.5
ORD104384,2025-03-27,10,6,Delivered,485.16,5.3,28.0,4.5
ORD104109,2025-03-27,13,4,Delivered,325.61,8.8,38.0,4.5
ORD102659,2025-03-27,8,8,Delivered,320.96,2.4,31.0,5.0
ORD102797,2025-03-28,1,4,Delivered,289.72,9.7,49.0,4.0
ORD100238,2025-03-28,8,3,Delivered,444.41,10.9,60.0,3.5
ORD100447,2025-03-28,12,3,Refunded,0.0,11.5,51.0,4.5
ORD102733,2025-03-28,14,1,Cancelled,0.0,2.7,,
ORD100578,2025-03-28,11,3,Delivered,708.3,11.5,63.0,2.5
ORD102701,2025-03-28,13,3,Delivered,357.23,2.3,36.0,4.5
ORD102572,2025-03-28,14,6,Delivered,258.47,11.0,39.0,4.5
ORD102381,2025-03-28,3,3,Delivered,547.76,2.6,33.0,5.0
ORD103996,2025-03-28,9,3,Delivered,441.73,1.6,37.0,3.5
ORD100399,2025-03-28,1,2,Delivered,371.09,7.5,33.0,4.5
ORD100687,2025-03-29,15,3,Delivered,221.01,8.4,47.0,5.0
ORD103815,2025-03-29,19,2,Delivered,340.55,9.4,46.0,5.0
ORD103517,2025-03-29,17,3,Delivered,486.87,10.1,54.0,4.5
ORD100121,2025-03-29,4,6,Pending,312.59,7.8,38.0,
ORD100289,2025-03-29,4,8,Delivered,177.96,10.4,44.0,4.0
ORD100668,2025-03-29,3,4,Delivered,333.93,9.4,46.0,4.5
ORD101031,2025-03-29,14,1,Delivered,403.68,10.3,40.0,3.0
ORD104599,2025-03-29,13,4,Refunded,0.0,7.7,46.0,5.0
ORD102207,2025-03-29,14,4,Delivered,412.42,7.6,52.0,3.0
ORD102183,2025-03-29,2,3,Delivered,549.95,1.6,25.0,4.5
ORD102549,2025-03-29,16,5,Delivered,637.34,7.3,41.0,3.5
ORD102454,2025-03-29,1,5,Delivered,352.27,7.8,35.0,4.0
ORD102540,2025-03-29,11,4,Delivered,474.04,5.0,44.0,4.5
ORD100469,2025-03-29,8,5,Delivered,430.22,11.5,55.0,4.0
ORD102557,2025-03-29,14,7,Delivered,273.23,2.8,26.0,5.0
ORD101395,2025-03-30,10,2,Delivered,636.6,8.5,31.0,4.5
ORD104357,2025-03-30,16,1,Delivered,434.33,5.6,25.0,4.5
ORD104930,2025-03-30,15,1,Delivered,282.73,5.8,37.0,5.0
ORD101139,2025-03-30,3,1,Delivered,345.61,11.6,48.0,4.0
ORD100913,2025-03-30,17,1,Delivered,345.9,5.6,29.0,3.5
ORD101461,2025-03-30,16,4,Delivered,484.03,2.3,27.0,4.0
ORD104216,2025-03-30,14,2,Cancelled,0.0,10.8,,
ORD104347,2025-03-30,14,1,Delivered,176.76,9.9,45.0,3.5
ORD102718,2025-03-30,14,6,Delivered,390.45,3.1,25.0,3.5
ORD101259,2025-03-30,14,2,Delivered,454.26,1.1,18.0,4.5
ORD101020,2025-03-30,10,3,Delivered,391.64,5.6,35.0,3.5
ORD103107,2025-03-30,2,8,Delivered,643.79,8.4,39.0,4.5
ORD103297,2025-03-30,9,6,Delivered,480.28,10.5,33.0,3.0
ORD104630,2025-03-31,5,1,Delivered,193.01,4.8,35.0,3.0
ORD102720,2025-03-31,8,3,Delivered,477.46,7.4,35.0,4.0
ORD104670,2025-03-31,14,4,Delivered,389.71,11.6,49.0,4.0
ORD102223,2025-03-31,16,8,Delivered,550.97,4.8,30.0,4.0
ORD104405,2025-03-31,20,2,Delivered,187.87,4.5,30.0,4.5
ORD102271,2025-03-31,3,2,Delivered,451.57,4.1,32.0,4.0
ORD100667,2025-03-31,2,1,Delivered,383.44,2.1,31.0,4.0
ORD104960,2025-03-31,5,1,Delivered,225.58,5.7,20.0,3.0
ORD104818,2025-03-31,10,3,Delivered,441.95,10.7,50.0,3.0
ORD101481,2025-03-31,3,7,Delivered,317.53,1.4,19.0,4.5
ORD103219,2025-03-31,14,1,Delivered,252.46,9.2,39.0,3.5
ORD103730,2025-03-31,2,5,Delivered,511.62,9.2,39.0,3.0
ORD100799,2025-03-31,16,7,Delivered,638.06,8.8,30.0,3.5
ORD102958,2025-03-31,18,3,Delivered,494.86,10.5,51.0,3.0
ORD100690,2025-03-31,8,4,Cancelled,0.0,8.2,,
ORD104699,2025-03-31,11,3,Delivered,663.25,10.5,42.0,3.5
ORD100062,2025-03-31,4,3,Pending,158.29,5.3,41.0,
ORD101786,2025-03-31,5,5,Delivered,192.01,11.3,44.0,4.5
ORD100819,2025-03-31,13,3,Cancelled,0.0,5.7,,
ORD102891,2025-03-31,18,3,Delivered,628.23,3.7,28.0,4.5
ORD101552,2025-03-31,8,7,Delivered,267.56,7.7,35.0,4.0
ORD100228,2025-03-31,16,1,Delivered,569.48,7.9,35.0,4.0
ORD104486,2025-04-01,15,4,Delivered,205.44,7.0,35.0,2.5
ORD104884,2025-04-01,19,3,Delivered,293.45,1.8,23.0,5.0
ORD101278,2025-04-01,21,3,Delivered,316.13,9.8,50.0,4.0
ORD101234,2025-04-01,6,8,Delivered,348.44,8.2,32.0,5.0
ORD101564,2025-04-01,14,2,Delivered,336.88,7.9,38.0,4.0
ORD103977,2025-04-01,17,4,Delivered,434.52,5.5,21.0,4.0
ORD104236,2025-04-01,14,3,Delivered,235.42,7.6,41.0,3.5
ORD101735,2025-04-01,17,3,Delivered,395.59,8.7,42.0,4.0
ORD104984,2025-04-01,16,7,Delivered,588.79,10.4,39.0,4.0
ORD103356,2025-04-01,17,1,Delivered,500.25,7.4,36.0,5.0
ORD103380,2025-04-01,16,2,Delivered,294.91,9.4,49.0,3.5
ORD102980,2025-04-01,7,2,Delivered,464.62,8.7,51.0,4.0
ORD100747,2025-04-01,14,1,Delivered,322.93,8.2,45.0,4.0
ORD100397,2025-04-01,11,2,Delivered,330.51,11.2,47.0,3.5
ORD102530,2025-04-01,17,3,Delivered,611.51,3.9,34.0,4.0
ORD100373,2025-04-02,15,1,Delivered,305.14,3.8,28.0,5.0
ORD101983,2025-04-02,15,3,Delivered,205.08,10.0,44.0,2.5
ORD104205,2025-04-02,13,4,Delivered,247.8,1.9,22.0,5.0
ORD104360,2025-04-02,9,2,Refunded,0.0,1.4,19.0,4.0
ORD100449,2025-04-02,14,4,Delivered,288.89,2.9,21.0,5.0
ORD101849,2025-04-02,9,2,Delivered,419.58,6.3,26.0,5.0
ORD102844,2025-04-02,12,3,Delivered,353.72,5.1,37.0,4.0
ORD103928,2025-04-02,17,5,Delivered,295.9,11.8,42.0,4.5
ORD103082,2025-04-02,13,1,Delivered,398.67,3.4,21.0,5.0
ORD103329,2025-04-02,17,3,Delivered,659.62,9.0,51.0,4.0
ORD101148,2025-04-02,3,1,Cancelled,0.0,8.9,,
ORD104907,2025-04-03,14,1,Delivered,261.81,8.2,39.0,4.0
ORD101357,2025-04-03,11,2,Delivered,568.8,9.5,43.0,3.5
ORD103719,2025-04-03,17,3,Delivered,725.78,5.2,31.0,4.0
ORD102669,2025-04-03,4,2,Delivered,222.99,3.3,26.0,5.0
ORD101594,2025-04-03,7,3,Delivered,515.71,9.0,42.0,5.0
ORD101277,2025-04-03,12,5,Delivered,687.96,7.1,34.0,4.5
ORD104653,2025-04-03,12,2,Delivered,388.94,11.0,41.0,4.5
ORD100557,2025-04-03,2,2,Delivered,576.59,3.2,21.0,4.0
ORD104156,2025-04-03,7,5,Delivered,393.58,6.4,42.0,4.0
ORD101517,2025-04-03,11,3,Refunded,0.0,8.2,41.0,4.0
ORD101063,2025-04-03,13,3,Delivered,175.79,2.0,32.0,4.5
ORD100742,2025-04-03,5,6,Delivered,256.8,6.1,32.0,3.5
ORD102812,2025-04-03,9,7,Delivered,464.85,5.0,26.0,3.5
ORD104506,2025-04-03,2,8,Delivered,572.95,3.6,28.0,4.5
ORD101487,2025-04-03,1,2,Delivered,296.35,4.0,29.0,4.5
ORD104183,2025-04-04,8,2,Delivered,208.47,5.1,33.0,5.0
ORD102152,2025-04-04,20,1,Delivered,275.84,9.9,35.0,3.5
ORD100255,2025-04-04,17,6,Delivered,520.26,2.9,39.0,4.0
ORD103613,2025-04-04,2,8,Delivered,553.47,11.7,47.0,2.5
ORD100752,2025-04-04,11,2,Cancelled,0.0,11.0,,
ORD103602,2025-04-04,12,4,Delivered,826.67,9.4,42.0,4.5
ORD103147,2025-04-04,5,8,Delivered,149.4,6.7,35.0,4.0
ORD104445,2025-04-04,4,5,Delivered,349.22,3.0,25.0,3.5
ORD102754,2025-04-04,1,8,Cancelled,0.0,7.9,,
ORD104830,2025-04-04,10,3,Delivered,506.79,8.8,42.0,4.5
ORD101160,2025-04-04,13,4,Delivered,211.93,11.4,53.0,4.5
ORD104903,2025-04-04,14,5,Cancelled,0.0,6.2,,
ORD104524,2025-04-04,16,1,Delivered,570.22,4.7,17.0,3.5
ORD103671,2025-04-04,19,3,Delivered,414.81,5.3,35.0,5.0
ORD104893,2025-04-04,21,3,Delivered,228.83,4.8,39.0,4.0
ORD101939,2025-04-04,4,3,Delivered,154.62,5.3,32.0,3.0
ORD101808,2025-04-05,9,5,Delivered,329.99,7.9,37.0,3.5
ORD101998,2025-04-05,14,5,Delivered,271.36,5.5,38.0,5.0
ORD104971,2025-04-05,12,1,Delivered,661.65,11.0,54.0,3.0
ORD103432,2025-04-05,14,5,Delivered,406.11,7.6,45.0,3.5
ORD103654,2025-04-05,3,2,Delivered,540.2,5.2,38.0,4.5
ORD104586,2025-04-05,20,2,Delivered,309.36,1.2,27.0,4.0
ORD103639,2025-04-05,19,1,Delivered,237.71,5.7,35.0,4.5
ORD101716,2025-04-05,8,4,Delivered,214.76,9.9,49.0,4.0
ORD102877,2025-04-05,7,1,Delivered,356.64,8.5,43.0,5.0
ORD103513,2025-04-05,6,6,Delivered,262.13,6.1,30.0,4.0
ORD103646,2025-04-05,14,3,Delivered,206.76,7.8,48.0,2.0
ORD102001,2025-04-05,20,5,Delivered,270.33,8.1,46.0,4.5
ORD103963,2025-04-05,8,7,Delivered,300.52,8.9,43.0,5.0
ORD103301,2025-04-05,2,1,Delivered,357.39,6.2,38.0,4.0
ORD100958,2025-04-05,2,8,Cancelled,0.0,3.7,,
ORD101224,2025-04-06,15,7,Delivered,177.66,9.1,37.0,5.0
ORD103652,2025-04-06,13,5,Delivered,420.5,8.3,42.0,4.0
ORD103084,2025-04-06,13,5,Delivered,232.8,1.4,26.0,4.5
ORD103656,2025-04-06,13,3,Delivered,324.26,7.4,32.0,5.0
ORD104228,2025-04-06,3,1,Delivered,570.83,6.5,33.0,5.0
ORD103725,2025-04-06,17,1,Delivered,707.67,2.7,27.0,4.5
ORD102393,2025-04-06,19,3,Delivered,320.5,3.5,31.0,4.5
ORD104018,2025-04-06,21,4,Delivered,262.08,11.9,40.0,3.0
ORD102955,2025-04-06,2,3,Delivered,420.54,8.7,55.0,4.5
ORD103848,2025-04-06,3,5,Delivered,306.01,4.5,41.0,4.5
ORD100285,2025-04-06,17,1,Delivered,715.38,4.3,36.0,3.0
ORD101055,2025-04-06,12,6,Cancelled,0.0,1.2,,
ORD100139,2025-04-06,6,2,Delivered,327.4,3.2,29.0,5.0
ORD104909,2025-04-06,17,7,Pending,684.01,1.2,26.0,
ORD102664,2025-04-07,17,7,Delivered,520.09,3.7,25.0,4.5
ORD103460,2025-04-07,13,2,Delivered,369.3,9.3,42.0,3.5
ORD103923,2025-04-07,11,2,Delivered,578.91,1.7,22.0,3.5
ORD103738,2025-04-07,8,3,Delivered,216.07,11.6,57.0,3.5
ORD103917,2025-04-07,15,4,Delivered,291.89,9.7,41.0,4.5
ORD104370,2025-04-07,17,1,Delivered,460.87,10.0,43.0,4.0
ORD101543,2025-04-07,13,4,Delivered,250.49,2.5,25.0,4.5
ORD103512,2025-04-07,10,3,Delivered,728.21,2.5,24.0,4.5
ORD101324,2025-04-07,17,1,Delivered,474.4,1.2,12.0,4.0
ORD104094,2025-04-07,16,4,Delivered,511.46,9.2,40.0,3.0
ORD103631,2025-04-07,2,3,Delivered,547.11,2.0,36.0,5.0
ORD102650,2025-04-07,13,8,Delivered,400.28,1.7,24.0,4.5
ORD102915,2025-04-07,18,8,Delivered,643.94,5.6,30.0,3.5
ORD101190,2025-04-07,8,2,Delivered,283.38,10.9,47.0,4.5
ORD102059,2025-04-07,14,1,Refunded,0.0,6.0,41.0,4.0
ORD100135,2025-04-08,9,2,Cancelled,0.0,8.2,,
ORD101903,2025-04-08,5,8,Delivered,292.12,8.3,36.0,3.5
ORD103418,2025-04-08,8,2,Delivered,513.24,3.3,25.0,5.0
ORD101928,2025-04-08,4,1,Delivered,183.93,5.0,28.0,3.5
ORD102742,2025-04-08,3,4,Delivered,556.0,4.0,27.0,4.5
ORD101163,2025-04-08,1,1,Delivered,540.59,10.3,37.0,4.0
ORD101028,2025-04-08,14,6,Delivered,402.74,10.3,40.0,4.0
ORD103470,2025-04-08,5,1,Delivered,155.71,8.8,35.0,2.0
ORD102622,2025-04-08,13,1,Refunded,0.0,3.0,31.0,3.5
ORD103592,2025-04-09,14,1,Delivered,212.59,11.5,41.0,5.0
ORD102009,2025-04-09,7,1,Delivered,286.27,5.2,36.0,4.5
ORD104324,2025-04-09,17,3,Delivered,312.49,7.6,49.0,3.5
ORD102200,2025-04-09,13,3,Delivered,433.41,8.7,37.0,3.5
ORD104689,2025-04-09,4,3,Delivered,319.29,7.5,41.0,5.0
ORD100721,2025-04-09,12,1,Delivered,521.49,4.9,22.0,5.0
ORD100912,2025-04-09,4,2,Delivered,311.23,9.2,43.0,4.0
ORD101850,2025-04-09,3,7,Delivered,565.96,2.4,15.0,4.0
ORD100626,2025-04-09,10,3,Refunded,0.0,1.0,27.0,5.0
ORD100398,2025-04-09,20,4,Delivered,186.11,4.9,34.0,4.5
ORD102563,2025-04-10,17,7,Delivered,354.36,1.7,21.0,4.5
ORD101340,2025-04-10,11,3,Delivered,583.27,10.5,44.0,4.0
ORD104073,2025-04-10,8,8,Delivered,516.42,9.0,49.0,4.5
ORD102529,2025-04-10,3,8,Pending,560.04,4.0,26.0,
ORD102510,2025-04-10,1,1,Delivered,488.82,10.4,48.0,5.0
ORD103524,2025-04-10,15,5,Delivered,213.07,9.9,39.0,5.0
ORD100144,2025-04-10,8,5,Cancelled,0.0,4.7,,
ORD104436,2025-04-10,16,1,Delivered,692.68,7.7,32.0,3.5
ORD104519,2025-04-10,2,8,Delivered,501.5,6.8,42.0,4.0
ORD103519,2025-04-10,6,4,Delivered,332.68,9.7,40.0,4.5
ORD100394,2025-04-11,12,7,Delivered,425.96,4.5,38.0,5.0
ORD103149,2025-04-11,11,5,Delivered,729.46,2.7,19.0,5.0
ORD103833,2025-04-11,19,5,Refunded,0.0,5.4,33.0,3.5
ORD101215,2025-04-11,16,2,Pending,453.0,8.9,34.0,
ORD102744,2025-04-11,2,3,Cancelled,0.0,6.9,,
ORD101075,2025-04-11,1,1,Delivered,422.51,11.3,49.0,4.5
ORD103796,2025-04-11,17,6,Delivered,358.29,6.7,38.0,4.5
ORD100198,2025-04-11,3,2,Delivered,307.81,6.6,32.0,4.5
ORD102746,2025-04-11,15,3,Delivered,411.06,9.6,56.0,3.0
ORD103579,2025-04-11,15,5,Delivered,414.45,3.2,29.0,4.0
ORD103567,2025-04-11,10,4,Refunded,0.0,6.7,35.0,4.0
ORD104756,2025-04-11,17,7,Delivered,472.73,9.1,35.0,4.0
ORD100083,2025-04-11,15,1,Delivered,194.56,5.6,41.0,3.5
ORD101687,2025-04-12,13,4,Delivered,343.81,2.0,23.0,5.0
ORD100767,2025-04-12,4,7,Delivered,198.81,11.4,58.0,4.0
ORD104923,2025-04-12,1,5,Delivered,287.79,1.3,19.0,4.5
ORD101469,2025-04-12,5,1,Delivered,191.13,3.5,32.0,4.0
ORD100314,2025-04-12,16,4,Delivered,406.54,1.3,24.0,4.5
ORD104820,2025-04-12,13,5,Delivered,213.01,3.5,34.0,4.0
ORD104711,2025-04-12,9,6,Delivered,343.02,9.5,41.0,3.5
ORD104979,2025-04-12,12,3,Delivered,727.71,1.1,30.0,4.5
ORD103523,2025-04-12,9,1,Delivered,358.52,7.4,41.0,3.0
ORD102548,2025-04-12,13,1,Delivered,242.83,11.7,57.0,4.5
ORD104629,2025-04-12,16,1,Delivered,703.0,9.1,48.0,3.5
ORD104144,2025-04-12,13,2,Delivered,414.55,6.0,41.0,3.5
ORD102442,2025-04-12,5,3,Delivered,324.43,8.1,46.0,4.0
ORD100227,2025-04-13,13,4,Delivered,175.4,8.5,44.0,3.5
ORD104961,2025-04-13,16,1,Delivered,479.29,9.1,40.0,3.5
ORD101743,2025-04-13,13,3,Delivered,245.51,8.2,44.0,3.5
ORD103345,2025-04-13,18,4,Delivered,538.6,1.3,22.0,3.5
ORD100834,2025-04-13,2,1,Delivered,431.08,10.1,44.0,4.0
ORD100091,2025-04-13,10,7,Delivered,596.14,10.7,49.0,3.0
ORD102351,2025-04-13,2,7,Delivered,386.2,10.2,39.0,4.0
ORD101647,2025-04-13,3,4,Delivered,267.72,5.3,31.0,5.0
ORD103438,2025-04-13,2,2,Delivered,548.98,11.0,35.0,3.0
ORD101910,2025-04-13,15,5,Delivered,209.62,5.2,25.0,4.0
ORD101742,2025-04-13,16,3,Delivered,313.92,9.0,49.0,4.0
ORD101266,2025-04-13,18,5,Delivered,295.32,6.5,42.0,3.0
ORD101145,2025-04-14,18,2,Delivered,622.64,3.8,25.0,3.5
ORD104899,2025-04-14,15,1,Delivered,357.94,6.7,32.0,3.0
ORD100213,2025-04-14,2,3,Delivered,262.52,10.5,48.0,4.0
ORD102299,2025-04-14,7,5,Delivered,345.81,9.4,46.0,3.5
ORD102466,2025-04-14,17,3,Delivered,521.14,3.2,29.0,4.5
ORD101574,2025-04-14,9,4,Delivered,380.32,7.8,39.0,3.0
ORD100981,2025-04-14,4,1,Delivered,331.46,4.4,23.0,5.0
ORD102984,2025-04-14,5,1,Delivered,281.02,3.5,20.0,3.5
ORD102371,2025-04-14,14,6,Delivered,267.45,4.3,32.0,4.5
ORD103383,2025-04-14,19,3,Refunded,0.0,5.0,36.0,4.5
ORD102239,2025-04-14,12,1,Delivered,417.18,5.9,34.0,5.0
ORD102835,2025-04-14,4,2,Delivered,309.84,2.0,33.0,4.0
ORD104862,2025-04-14,7,3,Delivered,495.08,7.2,37.0,3.5
ORD101121,2025-04-14,6,5,Refunded,0.0,8.2,38.0,5.0
ORD104650,2025-04-14,18,1,Delivered,361.97,2.4,15.0,4.0
ORD103336,2025-04-14,4,3,Delivered,268.3,2.4,25.0,5.0
ORD100651,2025-04-14,18,5,Delivered,391.44,8.3,32.0,3.5
ORD100452,2025-04-14,2,2,Delivered,476.09,4.5,28.0,4.0
ORD104573,2025-04-14,16,3,Delivered,471.77,10.5,45.0,4.5
ORD104268,2025-04-15,21,2,Refunded,0.0,11.5,40.0,4.0
ORD104063,2025-04-15,10,3,Delivered,676.06,2.4,28.0,4.0
ORD103080,2025-04-15,8,7,Delivered,540.2,2.6,24.0,4.0
ORD101641,2025-04-15,21,6,Delivered,257.58,6.4,34.0,5.0
ORD101813,2025-04-15,6,2,Delivered,250.02,4.0,27.0,3.5
ORD101834,2025-04-15,5,2,Delivered,161.72,10.0,42.0,3.0
ORD103894,2025-04-15,19,1,Delivered,302.2,3.8,30.0,4.0
ORD103832,2025-04-15,4,3,Delivered,346.52,2.2,37.0,4.5
ORD103338,2025-04-15,21,1,Delivered,304.76,6.1,26.0,3.0
ORD104440,2025-04-15,10,7,Delivered,601.93,5.2,33.0,3.0
ORD103320,2025-04-15,19,2,Delivered,159.94,1.3,17.0,5.0
ORD104223,2025-04-15,5,4,Delivered,276.14,2.2,31.0,3.5
ORD102810,2025-04-16,4,8,Delivered,202.46,5.1,36.0,3.5
ORD102734,2025-04-16,14,4,Delivered,278.34,1.0,19.0,5.0
ORD101806,2025-04-16,11,3,Refunded,0.0,10.4,43.0,2.5
ORD101209,2025-04-16,11,1,Cancelled,0.0,9.1,,
ORD102099,2025-04-16,18,6,Delivered,306.51,9.1,39.0,3.5
ORD101000,2025-04-16,5,2,Pending,293.1,4.8,22.0,
ORD102315,2025-04-16,4,4,Delivered,258.17,2.5,23.0,5.0
ORD101684,2025-04-16,12,5,Delivered,568.09,9.0,40.0,5.0
ORD103736,2025-04-16,5,5,Delivered,223.3,10.7,38.0,4.5
ORD100371,2025-04-16,12,5,Delivered,721.18,8.1,45.0,3.5
ORD101982,2025-04-16,20,4,Delivered,294.46,7.9,41.0,4.5
ORD103879,2025-04-16,4,1,Delivered,142.15,10.5,44.0,3.0
ORD101999,2025-04-16,9,2,Delivered,464.44,1.4,17.0,5.0
ORD100385,2025-04-16,10,4,Delivered,379.37,7.5,42.0,3.5
ORD100688,2025-04-16,13,3,Delivered,446.07,11.4,53.0,3.5
ORD102981,2025-04-16,2,4,Pending,669.45,5.5,33.0,
ORD104371,2025-04-17,15,2,Delivered,234.86,1.8,24.0,4.5
ORD101276,2025-04-17,8,1,Delivered,444.82,2.0,26.0,4.5
ORD102133,2025-04-17,4,5,Delivered,291.77,11.0,38.0,5.0
ORD100251,2025-04-17,18,2,Delivered,401.26,8.5,41.0,3.5
ORD104174,2025-04-17,10,1,Cancelled,0.0,2.7,,
ORD103409,2025-04-17,5,3,Delivered,237.76,5.1,37.0,4.0
ORD103908,2025-04-17,13,2,Delivered,219.95,11.9,51.0,4.5
ORD103538,2025-04-17,5,1,Pending,342.68,11.5,48.0,
ORD101816,2025-04-17,14,6,Cancelled,0.0,11.5,,
ORD101865,2025-04-18,11,7,Delivered,572.96,2.0,26.0,3.0
ORD103645,2025-04-18,2,4,Delivered,338.16,10.4,51.0,3.5
ORD100190,2025-04-18,7,7,Delivered,400.18,1.9,26.0,5.0
ORD100637,2025-04-18,19,7,Delivered,315.1,10.3,49.0,4.0
ORD102977,2025-04-18,16,3,Delivered,276.13,4.2,36.0,3.5
ORD104290,2025-04-18,14,1,Delivered,183.5,9.3,49.0,3.5
ORD102849,2025-04-18,1,6,Cancelled,0.0,8.1,,
ORD100093,2025-04-18,9,6,Delivered,321.29,10.2,43.0,3.5
ORD101185,2025-04-18,11,7,Delivered,585.0,1.3,32.0,4.5
ORD104086,2025-04-18,6,3,Delivered,151.69,2.6,28.0,5.0
ORD101344,2025-04-18,4,3,Cancelled,0.0,3.9,,
ORD103486,2025-04-19,10,5,Delivered,542.23,1.8,29.0,4.0
ORD101009,2025-04-19,12,6,Delivered,808.21,4.7,32.0,5.0
ORD101882,2025-04-19,10,4,Delivered,788.68,9.2,43.0,3.5
ORD103715,2025-04-19,6,2,Delivered,289.31,10.0,34.0,5.0
ORD102631,2025-04-19,12,3,Delivered,769.57,4.9,39.0,4.5
ORD101294,2025-04-19,17,4,Delivered,543.82,6.7,38.0,3.5
ORD103981,2025-04-19,15,4,Delivered,447.21,5.5,48.0,4.0
ORD100319,2025-04-19,1,2,Delivered,560.71,1.3,24.0,4.5
ORD102884,2025-04-19,14,5,Delivered,391.58,4.2,22.0,5.0
ORD100505,2025-04-19,10,4,Delivered,435.81,6.1,28.0,4.0
ORD100260,2025-04-20,21,6,Delivered,347.23,10.6,56.0,3.5
ORD103192,2025-04-20,17,1,Delivered,690.9,4.3,27.0,4.5
ORD104514,2025-04-20,9,3,Delivered,394.2,2.7,26.0,2.5
ORD102654,2025-04-20,4,1,Delivered,287.19,7.6,36.0,4.5
ORD100184,2025-04-20,17,5,Delivered,344.85,2.8,25.0,4.0
ORD102335,2025-04-20,11,3,Delivered,357.45,10.1,47.0,3.0
ORD102843,2025-04-20,7,5,Delivered,304.24,6.9,34.0,5.0
ORD103740,2025-04-20,12,2,Delivered,758.71,3.6,27.0,4.0
ORD104575,2025-04-20,6,1,Delivered,329.42,9.8,51.0,4.0
ORD101140,2025-04-20,12,8,Delivered,796.09,10.8,34.0,4.0
ORD104743,2025-04-20,13,1,Delivered,397.0,7.1,40.0,4.0
ORD102037,2025-04-20,19,7,Delivered,219.96,7.9,40.0,5.0
ORD100785,2025-04-20,14,3,Delivered,225.91,5.6,34.0,5.0
ORD102568,2025-04-21,4,1,Cancelled,0.0,5.5,,
ORD103628,2025-04-21,8,6,Delivered,354.36,4.4,38.0,4.5
ORD103464,2025-04-21,13,4,Delivered,426.66,2.4,15.0,4.5
ORD104415,2025-04-21,6,7,Delivered,305.86,10.6,50.0,4.0
ORD101491,2025-04-21,3,3,Delivered,312.98,7.0,53.0,3.0
ORD103448,2025-04-21,4,1,Delivered,155.02,11.6,57.0,3.0
ORD101203,2025-04-21,15,2,Delivered,410.06,3.9,24.0,5.0
ORD102241,2025-04-21,11,3,Delivered,597.0,6.5,39.0,3.5
ORD102482,2025-04-21,13,4,Delivered,280.53,3.3,28.0,5.0
ORD102289,2025-04-21,8,1,Cancelled,0.0,7.6,,
ORD101694,2025-04-21,5,1,Delivered,216.53,8.2,39.0,3.0
ORD100076,2025-04-21,7,1,Delivered,272.77,2.7,28.0,4.5
ORD104527,2025-04-21,6,4,Delivered,342.88,9.1,34.0,4.5
ORD100642,2025-04-21,16,4,Delivered,662.79,9.1,42.0,3.5
ORD101664,2025-04-21,11,1,Delivered,714.49,11.0,47.0,3.5
ORD100221,2025-04-21,1,5,Delivered,373.2,8.0,33.0,3.0
ORD100122,2025-04-21,14,3,Delivered,207.99,7.4,37.0,3.5
ORD104315,2025-04-21,2,3,Delivered,651.35,1.2,38.0,4.5
ORD103104,2025-04-21,16,6,Delivered,697.31,5.3,27.0,4.0
ORD101309,2025-04-21,7,5,Delivered,421.47,4.1,26.0,4.0
ORD103239,2025-04-21,8,4,Delivered,227.36,10.2,36.0,4.0
ORD100936,2025-04-22,3,3,Delivered,492.76,3.4,32.0,5.0
ORD101725,2025-04-22,10,2,Delivered,483.19,5.4,29.0,4.0
ORD101807,2025-04-22,13,1,Delivered,264.22,10.9,48.0,2.5
ORD100768,2025-04-22,18,1,Delivered,590.77,11.4,43.0,3.5
ORD102773,2025-04-22,14,3,Delivered,223.87,3.1,35.0,5.0
ORD103349,2025-04-22,18,7,Delivered,603.79,3.0,30.0,3.5
ORD101129,2025-04-22,10,3,Delivered,389.74,6.5,46.0,5.0
ORD103959,2025-04-22,4,6,Delivered,220.81,11.0,50.0,4.0
ORD101504,2025-04-22,9,2,Delivered,216.99,4.4,25.0,4.5
ORD100897,2025-04-22,2,3,Delivered,347.12,6.6,37.0,4.0
ORD102941,2025-04-23,15,8,Delivered,420.13,11.5,52.0,3.5
ORD103726,2025-04-23,6,4,Refunded,0.0,5.3,32.0,5.0
ORD100163,2025-04-23,15,2,Delivered,262.08,7.9,33.0,4.5
ORD102971,2025-04-23,17,1,Delivered,443.31,1.8,18.0,4.0
ORD104768,2025-04-23,13,2,Cancelled,0.0,10.4,,
ORD104944,2025-04-23,20,5,Delivered,296.79,2.9,19.0,4.5
ORD103862,2025-04-23,17,4,Delivered,296.62,6.2,30.0,4.0
ORD100964,2025-04-23,20,5,Delivered,313.02,9.7,49.0,5.0
ORD103687,2025-04-23,6,5,Delivered,203.35,1.2,20.0,5.0
ORD104798,2025-04-23,16,3,Delivered,294.55,9.2,40.0,3.5
ORD101757,2025-04-23,15,3,Delivered,230.86,2.0,20.0,4.5
ORD101908,2025-04-23,7,7,Delivered,366.52,9.0,34.0,4.0
ORD104421,2025-04-23,8,3,Delivered,239.95,3.6,35.0,5.0
ORD103788,2025-04-23,5,5,Delivered,318.31,3.5,25.0,3.5
ORD103066,2025-04-23,3,5,Cancelled,0.0,1.8,,
ORD102531,2025-04-23,12,2,Delivered,713.72,7.2,41.0,4.0
ORD101947,2025-04-23,13,2,Delivered,413.84,6.2,34.0,5.0
ORD104510,2025-04-23,2,1,Delivered,570.04,1.9,23.0,5.0
ORD103802,2025-04-23,13,3,Cancelled,0.0,10.8,,
ORD102294,2025-04-24,4,5,Delivered,164.34,7.6,39.0,5.0
ORD102908,2025-04-24,16,1,Delivered,660.35,11.0,32.0,3.5
ORD100414,2025-04-24,12,3,Delivered,345.16,10.0,53.0,4.0
ORD100302,2025-04-24,14,3,Cancelled,0.0,8.4,,
ORD100860,2025-04-24,2,7,Delivered,459.75,8.0,44.0,3.0
ORD103313,2025-04-24,2,2,Delivered,285.15,2.1,34.0,4.0
ORD104478,2025-04-24,14,1,Delivered,199.06,11.2,54.0,4.5
ORD103273,2025-04-24,13,7,Delivered,353.87,9.0,36.0,3.5
ORD104321,2025-04-24,1,2,Delivered,362.89,9.2,42.0,4.0
ORD100343,2025-04-25,15,7,Delivered,366.3,11.6,57.0,4.0
ORD101193,2025-04-25,14,2,Delivered,416.54,5.5,28.0,5.0
ORD103680,2025-04-25,14,1,Delivered,423.08,3.4,33.0,4.0
ORD102012,2025-04-25,11,4,Delivered,706.01,4.8,35.0,5.0
ORD101489,2025-04-25,11,4,Delivered,518.29,3.1,32.0,3.0
ORD104398,2025-04-25,11,4,Delivered,405.46,5.1,39.0,4.0
ORD104766,2025-04-25,4,2,Delivered,151.03,4.8,28.0,5.0
ORD103669,2025-04-25,6,7,Delivered,313.34,8.2,50.0,5.0
ORD100820,2025-04-25,4,3,Delivered,182.65,3.4,39.0,3.5
ORD100601,2025-04-25,19,2,Pending,303.11,11.4,46.0,
ORD102561,2025-04-25,6,5,Delivered,340.55,8.1,36.0,4.5
ORD104595,2025-04-25,2,5,Delivered,559.48,1.9,20.0,4.5
ORD102618,2025-04-25,20,1,Delivered,238.85,11.6,48.0,4.5
ORD100038,2025-04-25,16,1,Delivered,478.87,4.4,29.0,5.0
ORD103860,2025-04-25,14,7,Refunded,0.0,9.1,38.0,5.0
ORD104564,2025-04-26,20,3,Delivered,234.63,10.9,47.0,4.0
ORD100957,2025-04-26,2,5,Delivered,648.34,10.8,56.0,3.5
ORD100798,2025-04-26,18,1,Delivered,624.75,1.2,17.0,4.0
ORD100640,2025-04-26,15,1,Delivered,420.47,1.0,29.0,4.5
ORD104972,2025-04-26,7,1,Delivered,479.31,9.5,28.0,4.5
ORD100783,2025-04-26,4,3,Delivered,313.79,7.9,46.0,3.5
ORD100223,2025-04-26,7,1,Delivered,391.21,9.7,39.0,5.0
ORD100273,2025-04-26,3,3,Delivered,661.59,3.7,39.0,4.5
ORD103325,2025-04-26,3,7,Cancelled,0.0,10.6,,
ORD101297,2025-04-26,20,4,Pending,162.96,6.6,43.0,
ORD104159,2025-04-26,9,5,Delivered,389.3,7.4,39.0,3.0
ORD100247,2025-04-26,18,3,Delivered,585.11,10.2,49.0,3.0
ORD104732,2025-04-26,2,7,Delivered,655.76,3.0,28.0,5.0
ORD103630,2025-04-26,15,7,Delivered,332.27,8.3,41.0,4.0
ORD100413,2025-04-27,15,2,Delivered,269.72,10.7,37.0,4.0
ORD102053,2025-04-27,20,2,Delivered,277.75,8.8,46.0,5.0
ORD101881,2025-04-27,8,2,Delivered,293.35,5.7,21.0,5.0
ORD104897,2025-04-27,6,1,Delivered,270.54,2.3,18.0,4.5
ORD100437,2025-04-27,12,4,Delivered,790.52,3.8,23.0,3.5
ORD101659,2025-04-27,10,6,Delivered,710.05,11.2,47.0,4.0
ORD101169,2025-04-27,19,3,Delivered,391.53,3.2,28.0,4.5
ORD101173,2025-04-27,1,8,Delivered,629.22,2.4,22.0,5.0
ORD101245,2025-04-27,10,5,Delivered,692.82,5.7,31.0,4.0
ORD102859,2025-04-27,13,7,Delivered,298.66,10.1,41.0,4.5
ORD101760,2025-04-27,13,1,Cancelled,0.0,2.0,,
ORD104213,2025-04-27,15,3,Delivered,265.16,11.8,49.0,3.5
ORD101290,2025-04-27,10,2,Delivered,800.12,10.4,43.0,3.5
ORD101777,2025-04-28,19,3,Delivered,413.18,7.4,33.0,3.0
ORD100103,2025-04-28,17,3,Delivered,414.16,2.6,31.0,4.0
ORD101601,2025-04-28,18,3,Delivered,482.16,3.9,33.0,4.0
ORD103657,2025-04-28,4,3,Delivered,342.49,3.9,40.0,3.0
ORD100233,2025-04-28,16,2,Refunded,0.0,2.1,24.0,5.0
ORD102137,2025-04-28,3,2,Delivered,257.35,6.1,24.0,4.5
ORD100471,2025-04-28,18,6,Delivered,487.82,8.1,36.0,4.5
ORD103116,2025-04-28,15,5,Refunded,0.0,2.6,27.0,4.5
ORD104715,2025-04-28,11,5,Delivered,728.87,3.0,19.0,5.0
ORD103098,2025-04-28,6,4,Delivered,262.33,10.4,46.0,4.0
ORD101141,2025-04-28,7,6,Delivered,309.38,11.9,46.0,3.0
ORD102108,2025-04-28,16,6,Delivered,309.44,5.2,24.0,3.5
ORD104240,2025-04-28,3,1,Delivered,661.55,11.3,42.0,4.0
ORD104027,2025-04-28,21,6,Delivered,160.48,3.3,23.0,5.0
ORD104849,2025-04-28,7,5,Delivered,536.96,11.6,40.0,4.5
ORD101226,2025-04-28,7,4,Delivered,412.23,5.8,28.0,5.0
ORD102421,2025-04-28,5,6,Delivered,327.22,6.1,34.0,4.0
ORD103377,2025-04-29,2,4,Delivered,485.93,3.2,25.0,4.5
ORD103404,2025-04-29,1,3,Delivered,285.82,4.0,38.0,4.5
ORD104865,2025-04-29,21,1,Delivered,262.16,4.7,25.0,4.5
ORD101126,2025-04-29,1,2,Delivered,494.63,11.2,45.0,4.5
ORD101018,2025-04-29,11,4,Delivered,643.73,2.7,27.0,3.0
ORD100020,2025-04-29,3,4,Delivered,391.42,10.0,34.0,3.5
ORD101720,2025-04-29,15,3,Delivered,208.37,7.7,47.0,4.0
ORD101907,2025-04-29,18,1,Delivered,321.27,10.7,42.0,3.5
ORD104222,2025-04-29,3,5,Delivered,376.91,9.3,38.0,4.5
ORD103205,2025-04-29,1,2,Delivered,450.11,7.2,34.0,5.0
ORD103819,2025-04-29,12,4,Delivered,656.66,9.7,33.0,5.0
ORD102415,2025-04-29,6,2,Delivered,235.31,8.2,35.0,5.0
ORD101890,2025-04-29,13,2,Delivered,302.13,5.6,41.0,5.0
ORD104883,2025-04-29,1,7,Delivered,256.69,7.7,32.0,4.5
ORD103874,2025-04-29,13,3,Delivered,255.37,10.9,57.0,3.5
ORD100888,2025-04-30,17,4,Delivered,377.32,11.8,48.0,3.0
ORD103063,2025-04-30,18,3,Delivered,439.27,10.1,53.0,4.5
ORD103681,2025-04-30,14,8,Delivered,315.94,11.3,44.0,5.0
ORD102989,2025-04-30,20,4,Delivered,162.71,9.1,35.0,4.5
ORD104985,2025-04-30,17,3,Delivered,674.44,1.4,26.0,4.5
ORD103351,2025-04-30,3,2,Delivered,455.36,8.7,38.0,4.0
ORD103532,2025-04-30,10,2,Delivered,494.62,11.7,44.0,4.0
ORD101728,2025-04-30,3,3,Delivered,570.46,4.4,37.0,5.0
ORD100512,2025-04-30,10,6,Delivered,822.26,12.0,46.0,2.5
ORD101572,2025-04-30,8,1,Delivered,320.44,5.7,27.0,5.0
ORD101940,2025-04-30,3,1,Delivered,306.09,1.7,25.0,4.0
ORD100500,2025-04-30,13,8,Delivered,201.85,11.9,48.0,4.5
ORD103533,2025-04-30,19,4,Delivered,411.14,4.0,26.0,5.0
ORD103925,2025-04-30,5,1,Delivered,318.51,3.5,26.0,4.0
ORD103851,2025-05-01,1,1,Delivered,480.06,5.8,36.0,4.0
ORD103441,2025-05-01,2,7,Delivered,444.5,9.3,41.0,4.0
ORD102962,2025-05-01,3,1,Delivered,269.72,2.5,21.0,5.0
ORD104096,2025-05-01,19,3,Delivered,278.62,10.6,55.0,4.0
ORD104078,2025-05-01,7,2,Delivered,537.75,11.4,54.0,4.0
ORD104769,2025-05-01,9,4,Delivered,410.41,7.8,44.0,3.5
ORD102128,2025-05-01,14,7,Delivered,310.82,1.7,36.0,3.5
ORD100928,2025-05-01,11,2,Refunded,0.0,8.3,36.0,3.0
ORD103983,2025-05-01,8,1,Cancelled,0.0,2.8,,
ORD103002,2025-05-01,1,4,Delivered,601.13,9.2,46.0,4.5
ORD102192,2025-05-01,2,5,Delivered,355.84,3.9,29.0,3.5
ORD104196,2025-05-01,12,7,Delivered,418.89,7.0,46.0,5.0
ORD103130,2025-05-01,18,1,Delivered,608.21,11.2,37.0,4.5
ORD100177,2025-05-01,5,5,Delivered,176.86,10.9,48.0,2.0
ORD100028,2025-05-01,8,2,Delivered,293.23,6.6,33.0,3.5
ORD104759,2025-05-01,8,3,Delivered,318.86,1.1,24.0,5.0
ORD104770,2025-05-01,17,8,Delivered,546.85,2.2,18.0,4.5
ORD101707,2025-05-01,15,3,Refunded,0.0,5.5,36.0,4.5
ORD103728,2025-05-01,6,3,Delivered,264.99,3.4,33.0,3.5
ORD103660,2025-05-02,6,3,Delivered,326.09,10.7,54.0,2.5
ORD100208,2025-05-02,8,1,Refunded,0.0,7.8,42.0,3.5
ORD104492,2025-05-02,11,1,Pending,401.11,7.9,34.0,
ORD101232,2025-05-02,6,8,Delivered,180.01,7.0,39.0,3.5
ORD101454,2025-05-02,2,1,Delivered,520.9,5.7,36.0,4.0
ORD101217,2025-05-02,7,1,Delivered,515.7,6.1,36.0,4.5
ORD104517,2025-05-02,5,4,Delivered,349.67,8.7,46.0,3.0
ORD101565,2025-05-02,13,8,Delivered,385.0,6.6,42.0,4.0
ORD101784,2025-05-02,12,4,Delivered,664.08,3.4,25.0,4.5
ORD100377,2025-05-02,15,2,Delivered,451.41,9.0,47.0,4.0
ORD100594,2025-05-02,9,6,Delivered,542.56,11.9,53.0,4.0
ORD103128,2025-05-02,11,1,Delivered,696.58,3.8,30.0,3.5
ORD100867,2025-05-02,1,1,Cancelled,0.0,1.3,,
ORD100836,2025-05-02,13,3,Delivered,253.12,6.5,45.0,4.5
ORD102180,2025-05-03,2,1,Delivered,528.09,5.3,39.0,5.0
ORD100276,2025-05-03,19,1,Delivered,309.69,9.7,40.0,4.0
ORD103518,2025-05-03,14,2,Delivered,224.3,10.4,48.0,5.0
ORD100105,2025-05-03,5,6,Delivered,327.53,8.6,37.0,3.5
ORD102814,2025-05-03,17,3,Cancelled,0.0,11.0,,
ORD104879,2025-05-03,6,1,Delivered,315.36,2.2,19.0,5.0
ORD104278,2025-05-03,14,6,Delivered,442.42,6.4,41.0,4.0
ORD101823,2025-05-03,4,1,Delivered,232.55,6.3,32.0,4.0
ORD103398,2025-05-03,3,5,Delivered,330.54,1.9,26.0,4.5
ORD102847,2025-05-03,3,1,Delivered,400.86,11.4,49.0,5.0
ORD104620,2025-05-03,15,5,Delivered,351.82,11.3,40.0,4.0
ORD103321,2025-05-03,2,2,Delivered,605.82,2.2,34.0,3.5
ORD103357,2025-05-03,15,4,Delivered,439.13,10.0,39.0,4.0
ORD103641,2025-05-03,12,1,Delivered,619.36,5.6,40.0,5.0
ORD103033,2025-05-03,18,4,Delivered,685.92,2.8,25.0,3.5
ORD101919,2025-05-04,14,4,Delivered,398.23,5.7,32.0,4.0
ORD101449,2025-05-04,4,4,Delivered,135.61,7.5,25.0,5.0
ORD103785,2025-05-04,18,7,Delivered,711.81,3.8,29.0,3.5
ORD104374,2025-05-04,18,2,Delivered,539.18,11.5,50.0,2.5
ORD102550,2025-05-04,21,2,Delivered,382.92,2.1,27.0,4.0
ORD102982,2025-05-04,21,4,Delivered,330.05,8.5,41.0,2.5
ORD101957,2025-05-04,11,1,Delivered,395.62,6.9,31.0,4.0
ORD104896,2025-05-04,12,2,Cancelled,0.0,1.4,,
ORD100129,2025-05-04,6,3,Delivered,172.23,11.7,44.0,5.0
ORD100956,2025-05-04,17,2,Delivered,491.84,7.5,37.0,4.5
ORD102698,2025-05-04,21,3,Delivered,339.55,6.1,43.0,4.0
ORD101457,2025-05-04,3,1,Delivered,369.14,9.0,34.0,5.0
ORD101560,2025-05-04,8,8,Delivered,283.5,6.1,41.0,4.5
ORD103178,2025-05-04,15,1,Delivered,315.01,3.0,33.0,4.0
ORD100495,2025-05-04,18,5,Delivered,664.13,4.5,29.0,3.0
ORD104047,2025-05-04,1,6,Delivered,628.14,11.2,36.0,4.0
ORD103530,2025-05-04,7,1,Delivered,356.32,11.9,47.0,4.0
ORD102058,2025-05-05,15,1,Delivered,312.91,1.7,21.0,5.0
ORD101624,2025-05-05,6,7,Delivered,351.39,7.8,34.0,5.0
ORD103531,2025-05-05,13,2,Delivered,183.65,3.3,30.0,4.5
ORD103093,2025-05-05,13,1,Delivered,263.78,6.4,37.0,4.5
ORD104431,2025-05-05,7,1,Cancelled,0.0,7.2,,
ORD104836,2025-05-05,6,7,Delivered,336.16,6.9,39.0,3.5
ORD102661,2025-05-05,17,1,Delivered,732.89,10.5,52.0,4.0
ORD103312,2025-05-05,6,1,Delivered,234.24,3.4,29.0,5.0
ORD103498,2025-05-05,4,1,Delivered,336.35,5.2,31.0,4.5
ORD101711,2025-05-05,14,6,Delivered,392.57,2.4,21.0,5.0
ORD101923,2025-05-05,19,2,Delivered,224.21,6.9,30.0,4.5
ORD102034,2025-05-05,15,4,Delivered,337.11,1.2,18.0,4.0
ORD100940,2025-05-05,9,5,Delivered,359.39,9.0,45.0,4.0
ORD103475,2025-05-06,9,3,Delivered,222.36,6.2,31.0,4.0
ORD101673,2025-05-06,15,1,Delivered,461.17,8.1,40.0,3.5
ORD103484,2025-05-06,1,2,Delivered,560.34,7.0,35.0,4.0
ORD101112,2025-05-06,17,5,Delivered,376.46,6.1,38.0,4.5
ORD102627,2025-05-06,6,1,Delivered,296.54,6.4,34.0,5.0
ORD102555,2025-05-06,6,1,Delivered,199.3,11.2,51.0,4.0
ORD100801,2025-05-06,11,6,Delivered,818.78,10.5,41.0,2.5
ORD101100,2025-05-06,4,2,Pending,133.14,3.1,35.0,
ORD102263,2025-05-06,17,2,Delivered,639.44,3.4,30.0,4.0
ORD101468,2025-05-06,13,2,Delivered,459.36,7.8,41.0,3.5
ORD101396,2025-05-06,2,1,Pending,608.86,10.9,38.0,
ORD102054,2025-05-06,6,7,Delivered,250.81,2.8,31.0,5.0
ORD100128,2025-05-06,2,5,Delivered,597.11,3.7,23.0,5.0
ORD101345,2025-05-06,16,1,Delivered,316.68,8.8,37.0,3.0
ORD102139,2025-05-07,3,2,Delivered,324.45,2.1,19.0,5.0
ORD102483,2025-05-07,18,1,Delivered,529.72,7.4,27.0,5.0
ORD104344,2025-05-07,4,1,Cancelled,0.0,2.2,,
ORD101122,2025-05-07,3,3,Delivered,536.35,10.6,49.0,3.5
ORD101006,2025-05-07,3,6,Delivered,485.04,5.0,30.0,5.0
ORD101302,2025-05-07,12,5,Refunded,0.0,1.5,25.0,4.5
ORD103507,2025-05-07,13,2,Delivered,370.49,3.2,35.0,4.0
ORD103731,2025-05-07,12,1,Delivered,326.94,3.1,35.0,4.0
ORD100189,2025-05-07,19,3,Refunded,0.0,7.2,48.0,5.0
ORD102950,2025-05-07,4,4,Delivered,179.44,5.9,43.0,3.5
ORD100079,2025-05-07,6,3,Delivered,263.92,10.7,45.0,4.5
ORD102501,2025-05-08,17,2,Delivered,365.0,11.7,43.0,4.5
ORD102911,2025-05-08,3,6,Delivered,274.0,4.4,24.0,5.0
ORD102866,2025-05-08,2,1,Delivered,350.73,9.3,46.0,4.5
ORD103922,2025-05-08,16,8,Delivered,607.27,5.6,30.0,4.5
ORD103577,2025-05-08,13,3,Delivered,272.33,5.0,31.0,4.0
ORD102005,2025-05-08,1,1,Delivered,543.15,6.7,33.0,5.0
ORD103463,2025-05-08,12,3,Delivered,722.56,1.5,27.0,5.0
ORD101066,2025-05-08,16,5,Delivered,649.55,11.6,38.0,3.5
ORD103081,2025-05-08,8,5,Delivered,447.42,8.5,42.0,4.5
ORD103993,2025-05-08,4,6,Delivered,239.24,3.4,26.0,4.5
ORD101436,2025-05-08,3,3,Delivered,407.34,2.5,28.0,5.0
ORD102135,2025-05-08,18,1,Delivered,520.16,6.8,36.0,4.5
ORD103333,2025-05-09,4,1,Delivered,351.45,6.3,34.0,4.5
ORD103606,2025-05-09,5,2,Cancelled,0.0,4.7,,
ORD104333,2025-05-09,16,5,Delivered,563.59,10.1,43.0,4.0
ORD104480,2025-05-09,6,7,Cancelled,0.0,3.3,,
ORD101889,2025-05-09,14,1,Delivered,402.15,4.6,40.0,5.0
ORD104314,2025-05-09,7,4,Delivered,404.76,8.6,49.0,3.5
ORD101105,2025-05-09,1,1,Delivered,510.61,2.9,31.0,4.0
ORD103831,2025-05-09,3,5,Delivered,612.36,3.4,17.0,5.0
ORD104274,2025-05-09,5,3,Delivered,251.64,11.3,58.0,3.0
ORD103636,2025-05-09,15,2,Delivered,405.55,4.7,33.0,4.5
ORD103201,2025-05-09,14,3,Delivered,378.04,8.3,41.0,4.0
ORD104594,2025-05-09,2,1,Delivered,451.6,11.7,48.0,4.0
ORD103744,2025-05-09,2,5,Delivered,578.64,5.1,37.0,4.0
ORD103522,2025-05-09,11,2,Delivered,633.11,9.4,36.0,5.0
ORD104167,2025-05-09,2,6,Delivered,430.71,2.4,27.0,4.5
ORD104685,2025-05-09,1,2,Refunded,0.0,2.6,30.0,4.5
ORD102823,2025-05-09,9,6,Delivered,503.79,6.3,33.0,4.0
ORD100001,2025-05-10,18,5,Refunded,0.0,6.5,41.0,4.0
ORD101498,2025-05-10,19,2,Delivered,302.84,8.9,49.0,4.0
ORD104581,2025-05-10,8,3,Delivered,333.76,8.8,45.0,4.0
ORD103682,2025-05-10,14,3,Delivered,379.6,5.9,48.0,4.0
ORD102384,2025-05-10,8,2,Delivered,310.81,10.3,48.0,4.0
ORD104270,2025-05-10,11,2,Delivered,816.63,5.3,33.0,3.5
ORD104502,2025-05-10,4,2,Delivered,306.77,11.4,48.0,3.0
ORD101375,2025-05-11,1,2,Cancelled,0.0,4.0,,
ORD102588,2025-05-11,1,5,Delivered,583.38,11.5,52.0,4.0
ORD102057,2025-05-11,4,2,Delivered,262.8,3.2,20.0,5.0
ORD102525,2025-05-11,12,3,Delivered,760.75,5.4,32.0,4.5
ORD102874,2025-05-12,3,2,Cancelled,0.0,2.6,,
ORD103203,2025-05-12,1,2,Delivered,358.1,6.4,24.0,4.0
ORD101582,2025-05-12,16,3,Delivered,667.84,6.9,38.0,4.0
ORD103076,2025-05-12,2,2,Delivered,596.26,3.5,34.0,4.5
ORD103196,2025-05-12,6,1,Delivered,256.0,1.3,31.0,5.0
ORD103957,2025-05-12,3,2,Delivered,487.56,8.0,29.0,5.0
ORD101388,2025-05-12,5,2,Delivered,178.67,8.0,35.0,3.5
ORD102352,2025-05-12,20,3,Delivered,322.9,7.5,36.0,4.5
ORD102277,2025-05-12,15,1,Delivered,416.57,5.1,30.0,3.5
ORD102551,2025-05-12,6,1,Refunded,0.0,5.6,29.0,5.0
ORD100613,2025-05-12,13,8,Delivered,208.48,4.3,28.0,5.0
ORD104533,2025-05-12,18,6,Cancelled,0.0,5.9,,
ORD103467,2025-05-12,17,3,Delivered,568.38,7.2,33.0,3.5
ORD102055,2025-05-12,2,1,Delivered,274.2,1.4,24.0,5.0
ORD100807,2025-05-12,9,3,Delivered,271.26,3.6,33.0,3.0
ORD101286,2025-05-12,2,1,Delivered,614.71,10.4,45.0,4.0
ORD104160,2025-05-12,18,5,Delivered,466.33,8.9,36.0,3.5
ORD100125,2025-05-13,4,4,Delivered,151.69,2.3,24.0,4.0
ORD102684,2025-05-13,8,3,Pending,307.17,4.8,37.0,
ORD100009,2025-05-13,6,5,Delivered,302.03,6.3,34.0,3.5
ORD102018,2025-05-13,17,3,Delivered,639.64,9.6,59.0,3.5
ORD102330,2025-05-13,8,4,Delivered,310.11,9.9,35.0,4.5
ORD100600,2025-05-13,15,2,Pending,196.69,7.8,34.0,
ORD100215,2025-05-13,7,1,Cancelled,0.0,6.5,,
ORD101772,2025-05-13,20,2,Cancelled,0.0,6.1,,
ORD102391,2025-05-13,16,6,Delivered,442.61,8.1,38.0,3.5
ORD101811,2025-05-13,6,3,Delivered,325.42,8.7,52.0,5.0
ORD101451,2025-05-13,15,5,Delivered,344.22,7.9,40.0,4.0
ORD100924,2025-05-14,1,1,Delivered,488.8,1.2,24.0,5.0
ORD100131,2025-05-14,11,4,Delivered,430.77,10.5,41.0,3.0
ORD103930,2025-05-14,2,1,Delivered,572.21,7.3,25.0,4.5
ORD102280,2025-05-14,21,2,Delivered,273.04,5.1,25.0,3.5
ORD102577,2025-05-14,14,5,Delivered,265.24,7.2,30.0,5.0
ORD103049,2025-05-14,14,8,Delivered,450.77,1.6,32.0,4.5
ORD100853,2025-05-14,4,1,Delivered,301.77,10.2,40.0,4.0
ORD101697,2025-05-14,1,2,Refunded,0.0,8.0,34.0,5.0
ORD101103,2025-05-14,3,1,Delivered,566.59,4.3,23.0,5.0
ORD103393,2025-05-14,13,2,Delivered,415.97,2.2,25.0,4.0
ORD103921,2025-05-14,13,1,Delivered,418.56,7.8,42.0,4.0
ORD100498,2025-05-14,3,7,Cancelled,0.0,9.4,,
ORD104835,2025-05-14,18,6,Delivered,560.16,10.9,41.0,3.0
ORD101820,2025-05-14,13,2,Delivered,187.3,9.5,37.0,4.5
ORD103279,2025-05-15,3,4,Delivered,390.31,6.6,43.0,4.5
ORD102495,2025-05-15,21,2,Delivered,348.0,4.5,24.0,5.0
ORD102570,2025-05-15,4,6,Delivered,191.22,2.8,34.0,5.0
ORD101886,2025-05-15,1,1,Delivered,294.93,6.3,32.0,4.5
ORD101036,2025-05-15,7,2,Delivered,467.81,1.5,17.0,5.0
ORD102282,2025-05-15,17,4,Delivered,698.48,4.2,21.0,4.5
ORD104171,2025-05-15,3,3,Delivered,638.28,3.4,31.0,5.0
ORD103871,2025-05-15,5,3,Cancelled,0.0,7.7,,
ORD102136,2025-05-15,17,1,Cancelled,0.0,1.3,,
ORD100297,2025-05-15,15,3,Delivered,432.15,5.8,38.0,3.0
ORD103711,2025-05-15,4,5,Delivered,267.88,2.7,29.0,4.5
ORD104095,2025-05-15,11,1,Delivered,452.68,10.1,39.0,3.5
ORD100496,2025-05-15,7,1,Delivered,394.79,1.5,18.0,5.0
ORD101948,2025-05-15,8,1,Delivered,322.7,9.2,34.0,5.0
ORD101989,2025-05-16,12,4,Delivered,724.0,9.4,45.0,5.0
ORD101590,2025-05-16,3,2,Delivered,319.62,10.0,53.0,3.5
ORD104092,2025-05-16,1,3,Delivered,484.85,11.8,56.0,3.0
ORD102700,2025-05-16,11,3,Delivered,442.72,3.4,37.0,4.0
ORD104294,2025-05-16,5,5,Delivered,211.31,8.8,50.0,3.5
ORD101617,2025-05-16,11,5,Cancelled,0.0,8.4,,
ORD101527,2025-05-16,12,4,Delivered,449.24,9.1,48.0,3.0
ORD104691,2025-05-16,21,7,Delivered,176.3,1.8,23.0,5.0
ORD102491,2025-05-16,12,1,Cancelled,0.0,1.4,,
ORD101995,2025-05-16,11,5,Cancelled,0.0,3.4,,
ORD100021,2025-05-16,7,2,Delivered,533.88,4.8,25.0,3.5
ORD104255,2025-05-16,11,2,Delivered,721.64,1.8,15.0,4.5
ORD102231,2025-05-16,4,6,Delivered,229.38,10.0,39.0,5.0
ORD100849,2025-05-16,1,2,Delivered,450.91,1.7,21.0,5.0
ORD102899,2025-05-16,15,3,Delivered,277.33,8.4,49.0,3.5
ORD102505,2025-05-17,2,4,Delivered,609.67,5.0,31.0,4.5
ORD104208,2025-05-17,15,2,Delivered,321.21,3.8,30.0,4.5
ORD101521,2025-05-17,3,1,Delivered,539.52,8.6,42.0,4.5
ORD100279,2025-05-17,15,7,Delivered,454.3,1.9,27.0,4.5
ORD102217,2025-05-17,15,2,Delivered,312.68,5.6,33.0,5.0
ORD104103,2025-05-17,19,2,Delivered,252.64,3.9,29.0,5.0
ORD100455,2025-05-17,11,1,Delivered,738.82,6.0,30.0,4.5
ORD103459,2025-05-17,17,8,Delivered,623.05,10.9,47.0,3.5
ORD100388,2025-05-17,13,5,Delivered,292.99,2.0,19.0,5.0
ORD102196,2025-05-17,7,2,Delivered,243.92,11.3,49.0,3.5
ORD103350,2025-05-17,3,1,Delivered,559.13,7.1,41.0,5.0
ORD104362,2025-05-18,1,3,Cancelled,0.0,8.8,,
ORD100737,2025-05-18,2,8,Delivered,500.16,4.1,21.0,4.0
ORD104327,2025-05-18,13,6,Delivered,257.07,11.9,47.0,4.0
ORD101450,2025-05-18,12,3,Delivered,418.79,7.5,42.0,5.0
ORD104708,2025-05-18,18,1,Delivered,334.39,9.8,39.0,3.0
ORD104248,2025-05-18,15,5,Delivered,349.66,1.6,25.0,4.5
ORD102253,2025-05-18,1,8,Delivered,456.32,6.5,33.0,5.0
ORD101429,2025-05-18,10,2,Delivered,480.89,8.5,32.0,3.5
ORD103859,2025-05-18,2,7,Refunded,0.0,8.9,37.0,4.0
ORD100617,2025-05-18,13,5,Delivered,297.46,2.8,20.0,4.5
ORD103363,2025-05-18,12,3,Delivered,694.5,1.0,34.0,5.0
ORD104100,2025-05-18,11,7,Delivered,633.23,2.6,26.0,4.0
ORD102121,2025-05-19,14,2,Delivered,452.17,4.0,24.0,5.0
ORD102414,2025-05-19,11,1,Delivered,716.79,2.9,27.0,4.0
ORD104696,2025-05-19,5,2,Delivered,323.76,4.0,29.0,4.5
ORD102675,2025-05-19,15,8,Delivered,197.12,1.3,15.0,5.0
ORD102928,2025-05-19,9,1,Delivered,539.77,4.8,35.0,3.0
ORD102102,2025-05-19,2,7,Delivered,385.71,2.3,29.0,4.5
ORD104802,2025-05-19,17,1,Delivered,661.89,9.6,41.0,4.5
ORD103100,2025-05-19,14,5,Delivered,350.39,10.2,45.0,4.5
ORD103293,2025-05-19,14,6,Delivered,243.61,8.7,45.0,4.5
ORD104710,2025-05-19,8,5,Delivered,463.61,4.8,39.0,5.0
ORD100284,2025-05-19,9,7,Delivered,446.49,9.5,48.0,2.5
ORD103735,2025-05-19,4,7,Delivered,342.75,10.9,42.0,3.5
ORD104039,2025-05-19,6,7,Delivered,228.61,7.1,32.0,5.0
ORD103527,2025-05-19,2,3,Delivered,642.92,3.7,27.0,5.0
ORD102140,2025-05-19,14,1,Refunded,0.0,11.8,47.0,4.0
ORD103648,2025-05-19,18,1,Delivered,725.18,10.8,44.0,4.0
ORD100502,2025-05-19,11,4,Pending,511.02,10.3,37.0,
ORD101402,2025-05-19,5,5,Delivered,238.22,9.5,42.0,2.5
ORD102532,2025-05-20,2,7,Delivered,583.55,4.2,36.0,3.5
ORD102838,2025-05-20,11,3,Pending,660.23,5.4,36.0,
ORD104266,2025-05-20,20,5,Delivered,201.19,11.2,46.0,3.0
ORD104115,2025-05-20,2,2,Cancelled,0.0,4.9,,
ORD100120,2025-05-20,19,8,Delivered,160.18,2.6,32.0,4.0
ORD103167,2025-05-20,3,6,Pending,604.21,6.6,30.0,
ORD104449,2025-05-20,13,2,Delivered,382.04,1.7,23.0,4.0
ORD103637,2025-05-20,19,3,Delivered,308.66,9.0,40.0,4.0
ORD100607,2025-05-20,19,3,Delivered,284.49,7.1,38.0,4.0
ORD102375,2025-05-20,17,2,Pending,489.5,7.9,36.0,
ORD104106,2025-05-20,13,1,Delivered,269.97,11.7,40.0,2.5
ORD101046,2025-05-20,20,6,Delivered,379.63,7.9,30.0,4.5
ORD101197,2025-05-21,1,2,Delivered,639.93,2.5,34.0,5.0
ORD104605,2025-05-21,14,1,Delivered,294.69,10.9,47.0,5.0
ORD100823,2025-05-21,4,7,Delivered,307.84,4.9,24.0,4.0
ORD104795,2025-05-21,10,6,Delivered,342.75,3.5,34.0,5.0
ORD103528,2025-05-21,8,5,Delivered,485.96,3.7,23.0,5.0
ORD101987,2025-05-21,6,5,Delivered,344.38,5.3,28.0,5.0
ORD100487,2025-05-21,14,3,Delivered,407.88,9.9,50.0,3.5
ORD103721,2025-05-21,4,5,Delivered,318.84,7.4,37.0,3.5
ORD102132,2025-05-21,15,8,Delivered,292.16,8.3,41.0,4.5
ORD101542,2025-05-21,3,4,Delivered,554.39,11.8,50.0,3.5
ORD102007,2025-05-21,10,5,Delivered,562.17,6.5,28.0,5.0
ORD101440,2025-05-21,14,4,Delivered,241.95,10.3,45.0,4.5
ORD104470,2025-05-22,15,2,Delivered,222.6,1.4,12.0,5.0
ORD102503,2025-05-22,18,1,Delivered,713.02,11.0,50.0,4.0
ORD101330,2025-05-22,10,8,Delivered,781.07,9.4,51.0,4.0
ORD102350,2025-05-22,9,2,Delivered,516.32,10.1,37.0,3.5
ORD102292,2025-05-22,3,3,Delivered,547.66,4.6,35.0,4.0
ORD102337,2025-05-22,4,8,Delivered,288.92,6.1,27.0,5.0
ORD100043,2025-05-22,3,3,Delivered,465.87,1.9,31.0,3.0
ORD100864,2025-05-22,17,4,Delivered,659.97,9.1,29.0,4.5
ORD103729,2025-05-22,18,1,Delivered,634.09,2.6,15.0,4.0
ORD100646,2025-05-23,21,2,Delivered,272.06,2.1,34.0,4.0
ORD102126,2025-05-23,1,2,Delivered,367.56,1.5,23.0,5.0
ORD104409,2025-05-23,20,7,Delivered,331.92,4.3,41.0,4.5
ORD100953,2025-05-23,13,3,Delivered,277.99,2.1,33.0,5.0
ORD102528,2025-05-23,13,1,Delivered,304.02,6.3,24.0,4.0
ORD103995,2025-05-23,14,7,Delivered,364.38,9.4,34.0,4.5
ORD102219,2025-05-23,16,1,Delivered,592.56,9.8,49.0,3.5
ORD102354,2025-05-23,1,1,Delivered,624.75,6.1,41.0,4.5
ORD102822,2025-05-24,11,6,Delivered,323.66,3.8,32.0,5.0
ORD101936,2025-05-24,12,2,Pending,379.18,5.4,42.0,
ORD102165,2025-05-24,19,4,Delivered,298.09,9.8,47.0,4.0
ORD101971,2025-05-24,12,5,Delivered,785.55,10.7,40.0,5.0
ORD103587,2025-05-24,6,1,Delivered,265.81,2.7,34.0,5.0
ORD103359,2025-05-24,15,3,Delivered,354.83,6.6,47.0,4.0
ORD103452,2025-05-24,1,2,Delivered,671.43,5.8,34.0,3.5
ORD104989,2025-05-24,18,1,Delivered,470.15,6.5,43.0,4.0
ORD104511,2025-05-24,4,7,Delivered,292.57,3.9,28.0,4.5
ORD104462,2025-05-24,3,3,Delivered,352.68,8.4,43.0,5.0
ORD101097,2025-05-24,9,3,Delivered,275.85,8.3,48.0,3.5
ORD101699,2025-05-24,3,8,Cancelled,0.0,1.7,,
ORD104403,2025-05-24,9,1,Delivered,452.97,7.5,40.0,3.0
ORD101577,2025-05-24,2,1,Delivered,363.03,3.3,24.0,3.0
ORD101656,2025-05-24,15,8,Delivered,278.81,1.3,24.0,4.0
ORD104386,2025-05-24,13,3,Delivered,245.76,11.3,51.0,4.5
ORD101452,2025-05-24,16,1,Delivered,441.02,6.2,40.0,4.0
ORD100435,2025-05-24,4,5,Delivered,172.53,9.7,50.0,3.0
ORD104809,2025-05-24,4,2,Delivered,210.22,4.1,22.0,5.0
ORD100887,2025-05-24,6,1,Delivered,331.86,10.6,50.0,4.5
ORD103828,2025-05-24,13,5,Delivered,281.49,9.1,40.0,4.0
ORD101205,2025-05-24,15,3,Refunded,0.0,1.3,27.0,3.5
ORD104391,2025-05-24,15,1,Delivered,352.33,10.9,54.0,3.5
ORD101434,2025-05-25,15,2,Delivered,248.1,5.3,36.0,3.5
ORD102697,2025-05-25,12,4,Delivered,468.02,4.3,32.0,5.0
ORD101363,2025-05-25,15,5,Delivered,307.34,9.9,41.0,3.0
ORD104964,2025-05-25,7,1,Delivered,209.39,11.7,42.0,4.0
ORD104241,2025-05-25,4,3,Delivered,200.17,2.4,23.0,4.5
ORD101896,2025-05-25,13,1,Delivered,322.65,6.8,32.0,5.0
ORD103064,2025-05-25,15,3,Delivered,206.2,7.1,36.0,4.5
ORD101383,2025-05-25,4,2,Delivered,150.37,9.3,36.0,5.0
ORD102310,2025-05-25,20,4,Cancelled,0.0,10.7,,
ORD104401,2025-05-25,21,8,Delivered,330.5,3.7,16.0,4.0
ORD101073,2025-05-25,17,2,Delivered,608.54,9.0,40.0,3.5
ORD102802,2025-05-25,13,3,Delivered,284.06,7.9,43.0,4.0
ORD102104,2025-05-26,6,3,Delivered,263.93,5.3,37.0,5.0
ORD101764,2025-05-26,17,6,Pending,662.04,5.0,28.0,
ORD104079,2025-05-26,1,5,Delivered,657.81,2.5,19.0,4.5
ORD101963,2025-05-26,14,3,Delivered,261.6,6.4,34.0,4.0
ORD103650,2025-05-26,18,2,Delivered,643.96,7.5,33.0,4.5
ORD101648,2025-05-26,2,5,Delivered,476.2,8.5,36.0,4.5
ORD100337,2025-05-26,13,8,Delivered,306.25,10.0,30.0,4.5
ORD104988,2025-05-26,13,4,Delivered,241.74,8.2,43.0,4.0
ORD104169,2025-05-26,5,3,Delivered,152.48,5.5,41.0,3.0
ORD104774,2025-05-26,13,1,Delivered,204.32,9.3,39.0,4.5
ORD103849,2025-05-26,18,6,Delivered,643.53,7.5,40.0,3.5
ORD102753,2025-05-26,4,7,Delivered,277.16,1.0,14.0,4.5
ORD100948,2025-05-26,11,2,Cancelled,0.0,10.2,,
ORD104758,2025-05-27,13,6,Delivered,238.34,5.3,35.0,5.0
ORD101607,2025-05-27,17,2,Delivered,595.45,3.4,31.0,5.0
ORD103462,2025-05-27,16,4,Cancelled,0.0,3.3,,
ORD100773,2025-05-27,3,1,Delivered,403.58,4.5,30.0,5.0
ORD102085,2025-05-27,16,3,Delivered,406.1,10.8,48.0,3.0
ORD101059,2025-05-27,11,1,Delivered,478.29,9.1,45.0,3.0
ORD104126,2025-05-27,3,8,Delivered,552.07,4.3,28.0,3.0
ORD101710,2025-05-27,1,1,Delivered,290.32,10.0,44.0,3.5
ORD103902,2025-05-27,4,8,Delivered,293.38,5.5,41.0,3.5
ORD102749,2025-05-27,7,7,Refunded,0.0,7.5,40.0,4.5
ORD103705,2025-05-27,17,3,Delivered,358.26,2.5,35.0,3.5
ORD104281,2025-05-27,20,7,Delivered,233.39,3.4,34.0,4.0
ORD104913,2025-05-27,15,1,Delivered,370.76,8.5,41.0,2.5
ORD101840,2025-05-27,15,2,Delivered,379.35,12.0,43.0,5.0
ORD101767,2025-05-27,1,4,Delivered,269.81,11.9,50.0,5.0
ORD101513,2025-05-27,3,4,Cancelled,0.0,6.3,,
ORD102620,2025-05-27,2,1,Delivered,578.23,1.6,24.0,5.0
ORD102640,2025-05-28,8,5,Delivered,281.05,1.7,14.0,5.0
ORD100760,2025-05-28,11,5,Delivered,352.11,7.7,35.0,3.5
ORD104054,2025-05-28,17,5,Delivered,574.87,7.7,44.0,4.0
ORD102731,2025-05-28,13,7,Cancelled,0.0,10.0,,
ORD103451,2025-05-28,4,8,Delivered,166.93,7.7,37.0,4.0
ORD100462,2025-05-28,13,1,Delivered,224.56,2.8,19.0,4.5
ORD102717,2025-05-28,7,6,Delivered,535.61,3.6,18.0,5.0
ORD103846,2025-05-28,14,4,Delivered,374.76,8.5,34.0,5.0
ORD104496,2025-05-28,2,2,Delivered,565.47,2.8,29.0,3.5
ORD101529,2025-05-28,18,2,Delivered,308.7,6.9,44.0,4.0
ORD102267,2025-05-28,9,4,Refunded,0.0,8.1,32.0,4.5
ORD104790,2025-05-28,14,1,Delivered,238.63,11.9,44.0,3.0
ORD101787,2025-05-28,4,1,Pending,323.9,2.2,25.0,
ORD100548,2025-05-29,13,2,Delivered,387.53,7.7,38.0,4.0
ORD102071,2025-05-29,14,4,Delivered,323.74,10.0,43.0,3.5
ORD104807,2025-05-29,8,4,Delivered,357.8,4.9,33.0,5.0
ORD104295,2025-05-29,6,4,Delivered,279.11,6.2,33.0,4.5
ORD101378,2025-05-29,16,1,Delivered,722.04,9.8,35.0,4.0
ORD104550,2025-05-29,1,5,Cancelled,0.0,6.9,,
ORD101713,2025-05-29,5,7,Delivered,161.13,4.0,27.0,4.0
ORD102894,2025-05-29,16,1,Delivered,676.09,3.4,24.0,4.0
ORD100918,2025-05-29,14,3,Refunded,0.0,9.5,46.0,4.5
ORD102596,2025-05-29,3,2,Delivered,310.85,1.1,18.0,4.0
ORD100019,2025-05-30,2,3,Delivered,660.85,8.9,53.0,4.0
ORD100778,2025-05-30,8,3,Delivered,224.16,11.8,58.0,4.0
ORD100100,2025-05-30,20,3,Delivered,383.78,6.4,43.0,4.0
ORD104740,2025-05-30,11,6,Delivered,546.95,5.1,30.0,3.5
ORD103028,2025-05-30,14,5,Delivered,367.3,9.8,42.0,3.5
ORD101441,2025-05-30,1,7,Delivered,372.25,9.4,45.0,4.5
ORD102888,2025-05-30,13,3,Cancelled,0.0,8.0,,
ORD104772,2025-05-30,13,1,Delivered,418.77,10.9,44.0,3.5
ORD103124,2025-05-30,1,7,Delivered,382.73,7.4,35.0,5.0
ORD101537,2025-05-30,16,5,Delivered,376.84,3.5,19.0,3.5
ORD100084,2025-05-30,15,3,Delivered,360.38,6.5,46.0,3.5
ORD101812,2025-05-30,14,4,Delivered,431.45,1.1,28.0,4.5
ORD102117,2025-05-30,10,3,Delivered,628.16,4.7,33.0,4.0
ORD101218,2025-05-30,8,5,Refunded,0.0,3.2,30.0,5.0
ORD104392,2025-05-30,5,1,Delivered,291.74,5.7,47.0,3.5
ORD102706,2025-05-30,14,2,Delivered,330.79,10.6,46.0,4.5
ORD100278,2025-05-30,2,2,Delivered,485.23,1.5,35.0,4.0
ORD104504,2025-05-30,2,5,Delivered,378.62,4.5,31.0,4.5
ORD102997,2025-05-30,12,4,Delivered,763.31,6.0,29.0,4.5
ORD100776,2025-05-31,5,7,Delivered,346.03,2.4,33.0,3.5
ORD103353,2025-05-31,3,5,Cancelled,0.0,9.6,,
ORD104301,2025-05-31,15,4,Delivered,367.0,6.4,39.0,4.0
ORD102831,2025-05-31,7,2,Delivered,328.88,9.5,43.0,4.0
ORD104714,2025-05-31,16,5,Delivered,633.56,5.8,30.0,4.5
ORD102715,2025-05-31,16,7,Delivered,487.53,2.7,33.0,3.5
ORD101548,2025-05-31,19,8,Pending,380.9,3.2,28.0,
ORD101949,2025-05-31,12,5,Pending,640.16,5.1,39.0,
ORD100386,2025-05-31,2,1,Delivered,556.79,2.0,22.0,5.0
ORD100734,2025-05-31,9,6,Delivered,285.46,5.5,31.0,3.5
ORD104832,2025-05-31,7,1,Delivered,524.33,1.1,22.0,5.0
ORD103609,2025-05-31,6,1,Delivered,176.09,5.5,36.0,5.0
ORD104035,2025-05-31,1,1,Refunded,0.0,11.1,41.0,4.5
ORD103067,2025-05-31,2,6,Delivered,587.01,3.2,34.0,5.0
ORD103123,2025-05-31,7,2,Delivered,455.84,9.6,46.0,4.5
ORD101403,2025-05-31,13,2,Delivered,299.6,11.2,52.0,5.0
ORD104735,2025-06-01,19,3,Refunded,0.0,11.3,42.0,4.5
ORD103494,2025-06-01,15,4,Delivered,433.71,10.2,44.0,3.0
ORD103342,2025-06-01,13,1,Delivered,447.96,2.6,20.0,5.0
ORD100969,2025-06-01,5,1,Cancelled,0.0,6.8,,
ORD100171,2025-06-01,11,3,Delivered,344.04,2.2,40.0,4.5
ORD102727,2025-06-01,6,6,Delivered,327.37,1.9,19.0,5.0
ORD101064,2025-06-01,16,4,Delivered,708.86,11.8,53.0,4.0
ORD101335,2025-06-01,10,3,Delivered,456.06,2.8,33.0,3.5
ORD103226,2025-06-01,14,3,Delivered,377.4,3.2,34.0,4.5
ORD104728,2025-06-01,12,1,Delivered,526.95,5.8,29.0,4.5
ORD103315,2025-06-01,2,6,Delivered,476.5,6.8,31.0,3.5
ORD102872,2025-06-01,16,2,Delivered,533.51,8.8,39.0,3.5
ORD104736,2025-06-01,8,2,Delivered,314.63,10.8,38.0,4.0
ORD103581,2025-06-01,18,1,Refunded,0.0,10.6,46.0,3.0
ORD100848,2025-06-01,18,3,Delivered,389.54,9.9,54.0,3.5
ORD102043,2025-06-01,4,3,Delivered,214.19,3.8,32.0,4.5
ORD103686,2025-06-01,3,5,Refunded,0.0,6.1,23.0,4.5
ORD102947,2025-06-01,11,5,Delivered,609.44,3.9,28.0,3.0
ORD102269,2025-06-01,16,8,Delivered,494.91,3.3,33.0,3.0
ORD101660,2025-06-01,16,1,Delivered,642.35,1.5,27.0,4.5
ORD101296,2025-06-01,10,6,Cancelled,0.0,4.7,,
ORD100193,2025-06-02,1,7,Refunded,0.0,10.9,36.0,3.5
ORD100357,2025-06-02,6,7,Delivered,167.1,1.2,15.0,5.0
ORD102000,2025-06-02,19,3,Delivered,320.96,8.9,40.0,5.0
ORD102061,2025-06-02,3,3,Delivered,560.83,1.0,18.0,5.0
ORD101207,2025-06-02,1,1,Delivered,333.91,8.4,43.0,3.5
ORD100786,2025-06-02,1,1,Cancelled,0.0,9.3,,
ORD104864,2025-06-02,12,3,Delivered,468.68,7.0,39.0,4.5
ORD103261,2025-06-02,20,3,Delivered,295.12,6.8,43.0,5.0
ORD103990,2025-06-02,13,5,Delivered,311.33,6.7,34.0,5.0
ORD102232,2025-06-02,3,1,Delivered,333.09,7.2,33.0,4.0
ORD100101,2025-06-02,17,3,Delivered,589.23,1.3,19.0,4.5
ORD104643,2025-06-02,15,7,Delivered,397.48,1.5,27.0,5.0
ORD103919,2025-06-02,14,3,Refunded,0.0,3.7,32.0,4.5
ORD100493,2025-06-02,3,4,Refunded,0.0,6.1,30.0,4.5
ORD100996,2025-06-02,16,8,Delivered,641.05,8.2,32.0,4.0
ORD103600,2025-06-02,15,3,Delivered,362.6,6.6,39.0,5.0
ORD101114,2025-06-03,4,3,Delivered,285.75,10.2,38.0,3.5
ORD102658,2025-06-03,7,3,Delivered,293.98,9.3,47.0,4.5
ORD102449,2025-06-03,8,2,Delivered,271.03,4.1,33.0,5.0
ORD101708,2025-06-03,18,4,Delivered,616.53,11.3,45.0,3.0
ORD103371,2025-06-03,15,7,Delivered,444.11,11.0,39.0,4.5
ORD104383,2025-06-03,2,2,Refunded,0.0,4.6,33.0,4.5
ORD100963,2025-06-03,13,1,Delivered,331.28,8.4,36.0,3.5
ORD104154,2025-06-03,2,1,Cancelled,0.0,3.1,,
ORD102953,2025-06-03,2,4,Delivered,571.02,6.1,24.0,4.0
ORD103424,2025-06-04,3,6,Delivered,621.7,11.6,50.0,4.0
ORD102419,2025-06-04,6,5,Pending,200.43,10.2,52.0,
ORD101935,2025-06-04,19,1,Delivered,327.97,4.7,30.0,4.5
ORD103129,2025-06-04,1,6,Cancelled,0.0,2.6,,
ORD102794,2025-06-04,15,7,Delivered,374.97,10.8,36.0,4.0
ORD102538,2025-06-04,13,3,Delivered,260.14,7.5,43.0,4.0
ORD104342,2025-06-04,20,3,Delivered,387.62,6.4,41.0,4.0
ORD100624,2025-06-04,10,4,Delivered,559.46,8.3,42.0,3.5
ORD101862,2025-06-04,17,4,Delivered,646.87,4.0,33.0,4.5
ORD101839,2025-06-04,8,2,Delivered,535.99,11.3,33.0,4.0
ORD102493,2025-06-05,5,3,Delivered,186.1,1.3,30.0,3.5
ORD103596,2025-06-05,10,1,Cancelled,0.0,1.4,,
ORD102229,2025-06-05,9,3,Delivered,442.03,11.6,51.0,2.5
ORD101171,2025-06-05,6,5,Delivered,322.34,1.4,15.0,5.0
ORD103043,2025-06-05,6,3,Delivered,231.49,6.0,44.0,4.0
ORD101884,2025-06-05,1,6,Delivered,366.25,3.6,21.0,5.0
ORD103346,2025-06-05,4,3,Cancelled,0.0,3.1,,
ORD103893,2025-06-05,3,5,Delivered,552.0,2.7,17.0,4.5
ORD101507,2025-06-05,2,2,Delivered,491.42,6.1,31.0,3.5
ORD101084,2025-06-05,5,8,Delivered,265.73,1.0,23.0,3.5
ORD103589,2025-06-05,14,3,Delivered,461.85,5.3,31.0,4.5
ORD101377,2025-06-06,18,4,Delivered,451.93,3.4,27.0,3.5
ORD102477,2025-06-06,11,3,Pending,317.06,2.0,42.0,
ORD102666,2025-06-06,5,3,Delivered,348.01,10.0,51.0,2.5
ORD100770,2025-06-06,2,4,Delivered,650.02,1.7,30.0,4.5
ORD104505,2025-06-06,15,5,Delivered,367.98,2.8,31.0,4.5
ORD103747,2025-06-06,13,2,Delivered,438.51,5.0,31.0,4.5
ORD103474,2025-06-06,18,1,Delivered,509.59,6.9,32.0,3.5
ORD104799,2025-06-06,21,5,Delivered,367.23,2.1,34.0,4.5
ORD100430,2025-06-06,5,4,Cancelled,0.0,9.7,,
ORD103865,2025-06-06,6,1,Delivered,250.06,4.6,38.0,5.0
ORD104356,2025-06-06,15,3,Delivered,272.55,11.0,55.0,3.5
ORD100366,2025-06-07,16,4,Cancelled,0.0,4.2,,
ORD101422,2025-06-07,13,6,Delivered,395.09,8.9,45.0,4.5
ORD104722,2025-06-07,14,7,Delivered,322.74,10.6,39.0,5.0
ORD101219,2025-06-07,5,4,Delivered,158.85,9.8,44.0,3.5
ORD102279,2025-06-07,10,2,Delivered,587.31,4.9,30.0,4.0
ORD100162,2025-06-07,21,3,Delivered,375.41,4.3,40.0,5.0
ORD100803,2025-06-07,7,1,Delivered,533.31,9.6,40.0,4.5
ORD102626,2025-06-07,6,6,Delivered,350.23,3.2,29.0,5.0
ORD102668,2025-06-07,13,2,Delivered,421.73,9.3,52.0,3.5
ORD100934,2025-06-07,10,3,Pending,706.91,5.3,40.0,
ORD103821,2025-06-07,18,3,Delivered,525.18,4.8,39.0,4.0
ORD103048,2025-06-07,13,3,Refunded,0.0,4.6,38.0,4.0
ORD104712,2025-06-07,15,6,Refunded,0.0,8.3,37.0,4.0
ORD102119,2025-06-07,6,1,Delivered,189.35,11.9,48.0,4.0
ORD102759,2025-06-08,1,8,Delivered,595.59,3.2,22.0,5.0
ORD101178,2025-06-08,16,1,Delivered,397.81,10.6,38.0,4.0
ORD102998,2025-06-08,4,2,Delivered,248.91,3.5,25.0,4.5
ORD100490,2025-06-08,9,7,Delivered,324.32,3.4,23.0,4.5
ORD100041,2025-06-08,10,8,Delivered,704.37,8.2,35.0,5.0
ORD100333,2025-06-08,14,2,Delivered,265.21,11.8,54.0,5.0
ORD100501,2025-06-08,1,4,Delivered,444.72,9.6,36.0,3.5
ORD101652,2025-06-08,15,4,Delivered,330.59,5.0,27.0,4.0
ORD104654,2025-06-08,21,3,Delivered,229.67,8.8,42.0,4.0
ORD100308,2025-06-08,13,3,Delivered,389.58,6.5,38.0,4.0
ORD102203,2025-06-08,2,5,Refunded,0.0,9.0,32.0,4.0
ORD103552,2025-06-08,4,4,Delivered,266.06,3.5,28.0,4.5
ORD100094,2025-06-08,17,2,Delivered,565.03,7.4,33.0,4.0
ORD101580,2025-06-08,15,1,Delivered,246.88,8.8,43.0,3.0
ORD100261,2025-06-08,10,7,Delivered,573.54,1.1,20.0,5.0
ORD102248,2025-06-08,3,6,Delivered,500.37,10.3,44.0,4.0
ORD100893,2025-06-08,6,2,Delivered,325.49,11.0,46.0,4.5
ORD104175,2025-06-08,17,2,Delivered,486.03,4.6,32.0,4.0
ORD102426,2025-06-08,5,7,Delivered,168.78,2.2,23.0,4.5
ORD102484,2025-06-08,6,2,Delivered,242.58,10.0,38.0,4.5
ORD102707,2025-06-08,14,4,Delivered,258.34,8.9,45.0,5.0
ORD102441,2025-06-09,13,2,Delivered,287.76,9.3,40.0,5.0
ORD102343,2025-06-09,13,5,Delivered,409.3,3.8,34.0,5.0
ORD104697,2025-06-09,13,7,Delivered,182.47,10.2,41.0,3.5
ORD104986,2025-06-09,21,3,Delivered,162.18,4.6,27.0,4.5
ORD103817,2025-06-09,10,3,Delivered,687.77,8.7,42.0,4.5
ORD100033,2025-06-09,16,6,Pending,442.18,7.3,31.0,
ORD104557,2025-06-09,17,6,Delivered,582.81,11.4,44.0,4.0
ORD101640,2025-06-09,14,5,Pending,424.22,3.5,17.0,
ORD100606,2025-06-09,7,5,Cancelled,0.0,4.1,,
ORD100844,2025-06-09,8,4,Delivered,431.25,1.1,28.0,4.0
ORD102410,2025-06-09,1,5,Delivered,620.13,8.9,43.0,5.0
ORD104202,2025-06-09,4,2,Delivered,202.71,7.9,38.0,4.5
ORD103233,2025-06-09,1,6,Delivered,370.15,8.4,41.0,5.0
ORD104036,2025-06-09,12,3,Delivered,365.15,8.4,50.0,4.5
ORD104300,2025-06-09,1,2,Refunded,0.0,4.7,34.0,5.0
ORD100080,2025-06-09,11,3,Delivered,531.72,2.8,31.0,4.0
ORD104796,2025-06-09,17,1,Delivered,507.39,8.8,45.0,5.0
ORD102118,2025-06-10,3,3,Delivered,338.29,8.3,43.0,4.0
ORD100991,2025-06-10,1,2,Delivered,515.27,3.1,19.0,5.0
ORD103003,2025-06-10,13,6,Delivered,228.94,4.4,36.0,4.5
ORD103106,2025-06-10,14,1,Delivered,341.37,6.7,41.0,4.5
ORD100212,2025-06-10,18,8,Delivered,306.02,9.2,37.0,3.5
ORD102943,2025-06-10,5,4,Delivered,150.62,8.1,46.0,3.0
ORD100064,2025-06-10,2,3,Delivered,353.92,11.5,45.0,3.5
ORD101715,2025-06-10,7,2,Delivered,213.47,11.7,56.0,4.0
ORD101153,2025-06-10,4,3,Delivered,265.7,6.9,51.0,3.0
ORD102566,2025-06-10,4,1,Delivered,304.17,5.7,32.0,4.0
ORD102784,2025-06-11,14,3,Delivered,240.95,8.0,41.0,4.5
ORD103166,2025-06-11,3,5,Refunded,0.0,3.9,26.0,4.5
ORD100641,2025-06-11,5,3,Delivered,247.31,9.5,42.0,4.0
ORD101052,2025-06-11,16,1,Delivered,442.82,6.4,33.0,4.0
ORD101781,2025-06-11,13,7,Pending,236.77,3.5,27.0,
ORD102897,2025-06-11,21,3,Refunded,0.0,9.4,41.0,5.0
ORD102082,2025-06-11,13,1,Cancelled,0.0,1.3,,
ORD100753,2025-06-11,15,2,Delivered,235.21,1.3,22.0,4.5
ORD100202,2025-06-11,14,2,Delivered,434.71,7.6,40.0,4.0
ORD103164,2025-06-12,8,2,Delivered,500.45,3.9,25.0,4.5
ORD104645,2025-06-12,12,6,Delivered,789.67,8.0,37.0,5.0
ORD100701,2025-06-12,10,7,Delivered,358.87,6.4,35.0,4.5
ORD103136,2025-06-12,14,2,Delivered,230.14,11.5,51.0,5.0
ORD103699,2025-06-12,5,8,Delivered,189.47,7.5,29.0,4.0
ORD101411,2025-06-12,5,3,Delivered,214.15,2.4,30.0,4.0
ORD101773,2025-06-12,3,3,Delivered,587.4,1.2,22.0,5.0
ORD104088,2025-06-12,2,3,Delivered,658.19,2.8,28.0,3.5
ORD100118,2025-06-12,3,2,Delivered,274.44,4.4,37.0,3.5
ORD103326,2025-06-12,3,4,Cancelled,0.0,3.3,,
ORD103563,2025-06-12,13,4,Delivered,264.86,8.0,43.0,4.0
ORD104211,2025-06-12,14,1,Delivered,365.3,3.2,25.0,4.0
ORD104568,2025-06-12,11,2,Delivered,747.32,11.4,50.0,3.5
ORD100550,2025-06-12,13,7,Delivered,316.84,1.9,23.0,5.0
ORD102362,2025-06-12,11,4,Delivered,764.97,3.7,34.0,3.5
ORD104276,2025-06-12,4,6,Delivered,145.59,1.6,19.0,3.5
ORD103768,2025-06-12,5,2,Delivered,309.84,10.2,36.0,3.5
ORD100004,2025-06-12,11,3,Delivered,387.3,6.7,38.0,4.0
ORD103394,2025-06-12,20,4,Delivered,189.61,1.0,18.0,5.0
ORD104976,2025-06-13,9,2,Delivered,428.87,10.9,59.0,3.0
ORD100147,2025-06-13,3,5,Delivered,359.7,10.6,49.0,3.5
ORD100188,2025-06-13,15,4,Delivered,362.82,11.8,49.0,3.5
ORD103109,2025-06-13,11,2,Delivered,393.73,11.3,54.0,4.0
ORD104418,2025-06-13,2,3,Delivered,578.22,1.2,32.0,4.0
ORD100715,2025-06-13,1,3,Delivered,365.42,2.0,33.0,5.0
ORD101072,2025-06-13,13,5,Delivered,222.61,9.5,31.0,4.0
ORD102260,2025-06-13,13,8,Delivered,211.84,2.9,39.0,4.5
ORD101969,2025-06-13,13,1,Refunded,0.0,9.6,53.0,4.0
ORD100885,2025-06-13,11,1,Delivered,357.27,5.7,38.0,5.0
ORD103584,2025-06-13,15,2,Delivered,409.18,1.5,22.0,3.5
ORD102948,2025-06-13,6,1,Delivered,291.81,11.9,59.0,3.0
ORD101683,2025-06-14,3,7,Delivered,359.25,5.4,30.0,5.0
ORD103937,2025-06-14,20,2,Delivered,252.77,9.4,37.0,5.0
ORD104678,2025-06-14,1,1,Delivered,421.86,5.6,28.0,5.0
ORD100142,2025-06-14,12,1,Delivered,333.54,3.3,29.0,5.0
ORD104625,2025-06-14,13,5,Delivered,227.28,10.7,50.0,3.5
ORD101113,2025-06-14,12,3,Delivered,499.45,6.1,43.0,5.0
ORD101576,2025-06-14,10,2,Delivered,466.96,6.2,42.0,4.0
ORD103505,2025-06-14,14,3,Delivered,234.91,9.2,41.0,4.0
ORD102013,2025-06-14,17,8,Cancelled,0.0,2.7,,
ORD102597,2025-06-14,5,1,Delivered,161.18,11.6,44.0,3.0
ORD102129,2025-06-14,3,3,Delivered,623.45,10.0,52.0,3.5
ORD101550,2025-06-14,11,7,Delivered,723.46,11.8,44.0,4.0
ORD102905,2025-06-14,8,2,Delivered,465.44,3.6,31.0,5.0
ORD100858,2025-06-14,7,2,Delivered,267.07,2.7,30.0,5.0
ORD103169,2025-06-14,13,5,Refunded,0.0,9.1,46.0,3.0
ORD101082,2025-06-14,16,5,Delivered,522.67,4.3,24.0,3.5
ORD103040,2025-06-14,15,2,Delivered,317.59,9.8,45.0,3.5
ORD101689,2025-06-15,16,7,Refunded,0.0,10.8,37.0,4.0
ORD101976,2025-06-15,15,3,Delivered,307.05,6.9,34.0,4.5
ORD102816,2025-06-15,18,1,Delivered,471.11,2.8,28.0,5.0
ORD101855,2025-06-15,4,3,Delivered,199.07,7.1,34.0,5.0
ORD103684,2025-06-15,16,7,Cancelled,0.0,9.9,,
ORD101824,2025-06-15,18,5,Delivered,363.59,9.7,35.0,3.5
ORD103339,2025-06-15,1,2,Delivered,429.26,3.6,26.0,5.0
ORD100669,2025-06-15,9,6,Delivered,313.67,6.6,38.0,4.0
ORD101932,2025-06-15,15,5,Refunded,0.0,1.6,16.0,3.5
ORD102187,2025-06-15,16,1,Delivered,563.08,10.6,47.0,4.0
ORD102973,2025-06-15,3,4,Delivered,527.75,11.9,49.0,3.5
ORD101281,2025-06-15,13,5,Delivered,401.07,11.7,46.0,4.5
ORD102865,2025-06-15,21,4,Delivered,212.62,5.9,34.0,4.0
ORD101518,2025-06-15,20,2,Delivered,260.5,5.0,24.0,5.0
ORD104604,2025-06-15,13,2,Delivered,355.79,3.2,28.0,4.0
ORD101108,2025-06-15,7,3,Delivered,485.34,6.9,44.0,3.5
ORD100395,2025-06-15,8,2,Delivered,325.25,6.3,35.0,5.0
ORD103401,2025-06-15,10,1,Delivered,335.3,6.1,30.0,4.0
ORD104388,2025-06-15,3,3,Delivered,422.39,1.5,21.0,4.0
ORD103355,2025-06-15,2,7,Delivered,641.7,7.9,36.0,4.0
ORD100421,2025-06-16,14,6,Cancelled,0.0,8.3,,
ORD100703,2025-06-16,13,4,Delivered,361.63,5.7,34.0,4.0
ORD102478,2025-06-16,8,2,Delivered,430.67,6.8,27.0,4.5
ORD103358,2025-06-16,5,2,Delivered,337.71,1.2,16.0,3.5
ORD101802,2025-06-16,9,8,Delivered,228.13,10.1,45.0,3.0
ORD103224,2025-06-16,12,1,Delivered,479.05,3.5,22.0,5.0
ORD102855,2025-06-16,16,3,Cancelled,0.0,4.4,,
ORD101424,2025-06-16,1,3,Delivered,558.66,2.5,29.0,4.0
ORD102347,2025-06-16,13,3,Delivered,330.34,9.1,43.0,4.5
ORD102348,2025-06-16,16,7,Delivered,515.49,6.4,37.0,3.0
ORD100134,2025-06-16,18,6,Delivered,407.46,10.8,39.0,4.5
ORD104305,2025-06-16,18,1,Delivered,349.08,3.2,25.0,4.5
ORD100149,2025-06-16,3,3,Delivered,567.95,7.1,45.0,5.0
ORD103668,2025-06-16,13,3,Delivered,367.02,4.9,34.0,4.5
ORD104749,2025-06-17,19,3,Pending,299.11,2.9,30.0,
ORD103753,2025-06-17,9,1,Delivered,490.18,6.1,36.0,4.0
ORD104726,2025-06-17,9,4,Delivered,421.78,5.3,30.0,2.5
ORD101649,2025-06-17,3,8,Delivered,471.23,9.6,31.0,5.0
ORD100244,2025-06-17,14,8,Delivered,302.41,11.5,43.0,5.0
ORD100733,2025-06-17,13,7,Delivered,285.74,8.0,33.0,4.0
ORD104608,2025-06-17,9,6,Delivered,342.66,6.3,31.0,4.5
ORD101270,2025-06-17,15,1,Delivered,206.54,5.8,29.0,5.0
ORD100639,2025-06-17,7,4,Delivered,443.67,3.4,21.0,4.5
ORD102498,2025-06-17,12,1,Delivered,379.56,8.3,36.0,4.5
ORD100985,2025-06-18,8,4,Delivered,408.24,6.5,30.0,4.5
ORD104680,2025-06-18,6,2,Delivered,222.15,3.8,20.0,5.0
ORD101809,2025-06-18,15,5,Delivered,456.66,11.6,42.0,4.0
ORD103456,2025-06-18,12,2,Delivered,427.81,11.8,36.0,5.0
ORD102589,2025-06-18,2,2,Delivered,637.77,7.0,36.0,4.0
ORD102257,2025-06-18,8,6,Delivered,269.25,7.7,42.0,4.0
ORD100111,2025-06-18,8,3,Delivered,389.57,2.9,31.0,4.5
ORD101663,2025-06-18,14,1,Cancelled,0.0,1.0,,
ORD100513,2025-06-18,18,8,Delivered,449.93,8.4,38.0,3.5
ORD101883,2025-06-18,4,5,Delivered,224.84,3.9,32.0,4.5
ORD103924,2025-06-18,10,3,Delivered,709.2,7.1,41.0,4.0
ORD100375,2025-06-18,12,3,Delivered,391.47,10.9,53.0,4.5
ORD100757,2025-06-18,14,1,Delivered,319.51,5.4,31.0,4.5
ORD104153,2025-06-18,2,2,Delivered,275.48,8.3,36.0,4.5
ORD100024,2025-06-18,1,4,Delivered,668.3,10.7,44.0,5.0
ORD103585,2025-06-18,13,1,Delivered,286.5,8.2,37.0,5.0
ORD102247,2025-06-19,1,6,Delivered,387.57,2.2,22.0,4.5
ORD101946,2025-06-19,19,4,Delivered,339.96,7.1,35.0,5.0
ORD103009,2025-06-19,3,4,Delivered,473.84,10.7,43.0,2.0
ORD104719,2025-06-19,11,7,Delivered,445.19,9.1,38.0,4.5
ORD101017,2025-06-19,11,4,Delivered,663.41,11.7,47.0,5.0
ORD101714,2025-06-19,9,2,Delivered,538.22,3.1,17.0,4.0
ORD100155,2025-06-19,10,3,Delivered,476.35,4.8,30.0,4.5
ORD104229,2025-06-19,15,3,Delivered,345.11,1.6,26.0,4.5
ORD104669,2025-06-19,1,7,Delivered,627.62,6.6,43.0,4.0
ORD101605,2025-06-19,4,8,Delivered,277.54,6.8,29.0,5.0
ORD102732,2025-06-19,12,4,Delivered,399.95,3.4,27.0,4.5
ORD101991,2025-06-19,14,2,Delivered,429.4,10.6,37.0,4.5
ORD104358,2025-06-19,17,2,Delivered,448.01,11.7,57.0,5.0
ORD102036,2025-06-19,5,2,Delivered,162.2,5.1,27.0,3.5
ORD103284,2025-06-19,7,7,Delivered,280.44,4.0,27.0,4.5
ORD100367,2025-06-20,4,7,Cancelled,0.0,4.3,,
ORD102728,2025-06-20,15,6,Delivered,411.4,3.7,32.0,5.0
ORD101222,2025-06-20,6,3,Cancelled,0.0,2.7,,
ORD102087,2025-06-20,8,3,Pending,347.85,4.0,38.0,
ORD104026,2025-06-20,13,4,Delivered,191.47,2.5,22.0,5.0
ORD103465,2025-06-20,3,5,Delivered,416.59,1.7,22.0,5.0
ORD104475,2025-06-20,5,6,Delivered,221.71,1.3,28.0,4.5
ORD102952,2025-06-20,6,7,Delivered,223.63,8.5,43.0,4.5
ORD104414,2025-06-20,10,1,Delivered,454.51,3.4,30.0,5.0
ORD103601,2025-06-20,15,2,Delivered,241.79,11.5,44.0,3.0
ORD100569,2025-06-20,15,5,Pending,330.21,10.4,45.0,
ORD101447,2025-06-20,9,2,Delivered,230.2,9.9,43.0,3.0
ORD102186,2025-06-20,13,2,Delivered,287.0,3.0,36.0,4.0
ORD102554,2025-06-20,2,4,Delivered,426.83,3.9,30.0,5.0
ORD103036,2025-06-20,18,6,Cancelled,0.0,6.2,,
ORD101477,2025-06-20,14,2,Delivered,235.44,2.5,32.0,4.5
ORD100010,2025-06-20,18,2,Delivered,523.74,4.3,40.0,3.0
ORD103714,2025-06-20,21,4,Delivered,291.23,7.9,37.0,4.0
ORD100872,2025-06-20,18,1,Delivered,600.07,10.4,53.0,3.0
ORD102028,2025-06-21,5,1,Delivered,175.37,6.2,42.0,4.0
ORD102463,2025-06-21,5,3,Delivered,226.32,2.0,36.0,3.5
ORD104875,2025-06-21,7,3,Delivered,532.23,4.9,35.0,5.0
ORD101618,2025-06-21,6,2,Delivered,236.25,11.2,46.0,4.5
ORD101397,2025-06-21,1,2,Delivered,538.18,1.6,23.0,5.0
ORD102107,2025-06-21,2,7,Delivered,508.3,7.1,46.0,3.5
ORD104904,2025-06-21,11,1,Delivered,555.18,11.6,50.0,3.5
ORD101386,2025-06-21,14,2,Delivered,456.15,9.2,43.0,4.0
ORD100895,2025-06-21,12,4,Delivered,675.62,7.0,29.0,3.5
ORD100272,2025-06-21,2,4,Delivered,448.96,10.2,42.0,4.5
ORD102594,2025-06-21,3,1,Delivered,600.27,10.5,44.0,4.0
ORD101165,2025-06-21,12,2,Delivered,440.6,9.4,36.0,4.5
ORD104847,2025-06-22,3,2,Delivered,323.62,8.2,30.0,3.5
ORD101669,2025-06-22,17,4,Delivered,342.03,7.3,37.0,3.5
ORD100056,2025-06-22,14,5,Delivered,193.95,3.0,30.0,5.0
ORD103814,2025-06-22,2,7,Delivered,491.46,1.1,23.0,4.0
ORD103269,2025-06-22,14,1,Delivered,393.12,1.5,21.0,5.0
ORD102584,2025-06-22,2,2,Delivered,592.63,11.7,40.0,4.5
ORD101979,2025-06-22,16,2,Pending,403.23,2.3,22.0,
ORD104420,2025-06-22,2,4,Delivered,470.38,8.0,44.0,3.5
ORD104425,2025-06-22,19,1,Delivered,335.56,10.8,44.0,4.5
ORD104534,2025-06-22,2,4,Delivered,572.09,6.1,34.0,4.5
ORD101464,2025-06-22,13,3,Delivered,371.02,11.8,49.0,4.0
ORD102408,2025-06-22,18,1,Delivered,473.09,7.7,43.0,3.0
ORD100408,2025-06-23,16,2,Cancelled,0.0,3.0,,
ORD101851,2025-06-23,16,3,Delivered,650.17,7.6,44.0,4.5
ORD104242,2025-06-23,6,2,Delivered,315.22,10.0,37.0,4.0
ORD103316,2025-06-23,11,3,Delivered,314.96,3.9,33.0,4.5
ORD101258,2025-06-23,21,1,Refunded,0.0,4.7,25.0,5.0
ORD104647,2025-06-23,13,2,Delivered,211.41,5.8,24.0,5.0
ORD100027,2025-06-23,21,6,Delivered,222.91,7.6,37.0,5.0
ORD103410,2025-06-23,17,4,Delivered,306.87,7.1,38.0,4.5
ORD102467,2025-06-23,4,5,Cancelled,0.0,5.9,,
ORD104253,2025-06-23,13,3,Delivered,286.01,4.1,32.0,5.0
ORD101155,2025-06-23,2,1,Delivered,336.68,7.8,36.0,3.5
ORD104834,2025-06-23,12,3,Delivered,628.57,8.5,48.0,4.0
ORD102863,2025-06-23,6,4,Delivered,148.37,4.3,29.0,4.5
ORD102033,2025-06-23,6,5,Delivered,148.81,7.1,38.0,4.5
ORD102030,2025-06-23,7,3,Delivered,260.3,5.4,41.0,3.5
ORD103215,2025-06-23,14,3,Delivered,219.63,7.6,29.0,5.0
ORD104588,2025-06-23,5,2,Delivered,238.12,9.2,47.0,3.0
ORD102903,2025-06-23,3,5,Delivered,637.54,11.7,44.0,4.5
ORD100762,2025-06-23,4,2,Delivered,287.27,11.3,47.0,4.0
ORD103194,2025-06-24,2,6,Cancelled,0.0,9.4,,
ORD101474,2025-06-24,17,6,Delivered,411.58,3.9,37.0,3.5
ORD100976,2025-06-24,3,2,Delivered,630.72,8.7,36.0,4.0
ORD100491,2025-06-24,5,3,Delivered,191.91,2.4,28.0,4.0
ORD101470,2025-06-24,9,2,Refunded,0.0,3.7,20.0,5.0
ORD100630,2025-06-24,16,5,Pending,382.11,3.6,22.0,
ORD102593,2025-06-24,17,4,Delivered,361.98,1.7,31.0,4.5
ORD103551,2025-06-24,13,6,Delivered,353.28,4.5,30.0,3.5
ORD100616,2025-06-24,16,3,Delivered,393.58,11.5,58.0,4.0
ORD102447,2025-06-24,16,7,Delivered,691.68,10.6,36.0,4.0
ORD103690,2025-06-24,4,8,Delivered,160.02,4.6,29.0,4.5
ORD103909,2025-06-24,12,2,Delivered,682.72,1.4,12.0,5.0
ORD102708,2025-06-24,3,2,Delivered,595.12,8.9,47.0,4.0
ORD100510,2025-06-25,13,2,Delivered,324.13,2.2,21.0,5.0
ORD102539,2025-06-25,17,2,Delivered,641.03,7.5,32.0,3.5
ORD103406,2025-06-25,18,5,Delivered,474.73,8.8,38.0,3.0
ORD100894,2025-06-25,6,4,Delivered,169.66,8.6,40.0,4.0
ORD103260,2025-06-25,19,3,Pending,367.59,4.7,30.0,
ORD101229,2025-06-25,16,4,Delivered,518.88,7.4,37.0,3.0
ORD102222,2025-06-25,13,3,Refunded,0.0,9.5,36.0,3.5
ORD103030,2025-06-25,3,5,Delivered,644.35,5.4,31.0,4.0
ORD101586,2025-06-25,19,2,Delivered,326.87,11.3,46.0,4.0
ORD101479,2025-06-25,7,5,Delivered,509.35,9.3,44.0,5.0
ORD104048,2025-06-25,13,6,Delivered,380.7,11.9,48.0,3.5
ORD104053,2025-06-25,1,5,Delivered,359.75,1.9,22.0,4.5
ORD101800,2025-06-25,2,4,Pending,578.72,6.1,32.0,
ORD102841,2025-06-25,17,1,Delivered,290.35,6.4,30.0,3.5
ORD100194,2025-06-26,15,1,Delivered,203.7,4.1,32.0,3.0
ORD103610,2025-06-26,15,1,Delivered,383.97,6.8,39.0,4.0
ORD102346,2025-06-26,16,2,Cancelled,0.0,11.2,,
ORD104801,2025-06-26,6,7,Delivered,239.81,1.5,24.0,5.0
ORD101236,2025-06-26,8,2,Pending,441.36,1.2,19.0,
ORD101996,2025-06-27,8,2,Delivered,512.63,1.7,17.0,5.0
ORD104446,2025-06-27,15,2,Delivered,206.16,9.7,37.0,5.0
ORD100199,2025-06-27,21,5,Delivered,355.75,1.4,29.0,4.0
ORD100837,2025-06-27,11,2,Delivered,392.68,3.6,35.0,4.5
ORD102445,2025-06-27,9,5,Delivered,213.28,11.3,48.0,3.5
ORD103816,2025-06-27,5,3,Delivered,231.53,6.9,46.0,4.0
ORD100588,2025-06-28,7,5,Delivered,473.69,7.5,43.0,4.0
ORD100340,2025-06-28,9,5,Delivered,528.53,11.5,59.0,3.5
ORD103897,2025-06-28,5,5,Delivered,168.1,9.5,45.0,4.0
ORD101013,2025-06-28,21,6,Delivered,298.33,11.4,43.0,4.5
ORD103782,2025-06-28,3,1,Delivered,315.94,1.8,31.0,5.0
ORD103707,2025-06-28,9,2,Delivered,500.91,9.2,42.0,2.5
ORD100516,2025-06-28,4,7,Delivered,164.81,4.9,34.0,4.0
ORD100906,2025-06-28,1,2,Delivered,644.74,4.9,35.0,4.0
ORD104974,2025-06-28,4,3,Delivered,329.19,9.1,56.0,3.0
ORD101575,2025-06-29,4,1,Delivered,134.05,1.1,24.0,4.5
ORD100577,2025-06-29,15,4,Delivered,232.26,6.1,41.0,4.5
ORD103662,2025-06-29,3,2,Delivered,486.43,2.6,26.0,4.0
ORD104307,2025-06-29,1,2,Refunded,0.0,7.7,36.0,4.0
ORD100159,2025-06-29,8,6,Delivered,320.33,11.7,51.0,4.5
ORD100201,2025-06-29,6,1,Delivered,207.54,1.4,16.0,4.0
ORD104320,2025-06-29,2,5,Delivered,551.99,2.8,27.0,3.5
ORD104407,2025-06-29,3,5,Delivered,529.23,8.0,38.0,4.0
ORD101204,2025-06-29,15,3,Delivered,330.73,4.6,36.0,4.0
ORD103020,2025-06-29,16,1,Delivered,329.39,6.2,25.0,4.5
ORD104623,2025-06-29,4,7,Delivered,339.6,9.8,53.0,2.5
ORD102595,2025-06-29,6,8,Delivered,258.36,8.8,40.0,4.5
ORD100445,2025-06-29,4,2,Delivered,240.11,9.1,41.0,5.0
ORD101900,2025-06-29,13,4,Delivered,263.38,10.6,32.0,4.5
ORD100824,2025-06-30,12,3,Delivered,317.44,4.1,34.0,4.5
ORD100132,2025-06-30,20,5,Delivered,398.36,1.3,21.0,3.5
ORD100117,2025-06-30,6,7,Delivered,279.67,11.6,41.0,5.0
ORD103791,2025-06-30,1,3,Delivered,287.9,8.6,50.0,4.5
ORD100175,2025-06-30,12,2,Delivered,807.6,1.1,20.0,4.5
ORD103034,2025-06-30,12,8,Delivered,788.64,9.8,37.0,5.0
ORD101264,2025-06-30,3,7,Refunded,0.0,2.7,22.0,5.0
ORD100910,2025-06-30,14,5,Delivered,197.77,11.6,44.0,2.5
ORD104688,2025-06-30,3,3,Delivered,377.68,8.3,45.0,4.0
ORD104325,2025-06-30,16,2,Pending,526.41,2.2,25.0,
ORD101238,2025-06-30,18,1,Delivered,288.39,4.7,28.0,4.0
ORD103191,2025-06-30,14,4,Delivered,379.06,4.6,30.0,5.0
ORD102862,2025-06-30,19,8,Delivered,397.95,8.7,38.0,5.0
ORD103478,2025-06-30,4,5,Delivered,276.69,6.6,30.0,4.5
ORD101484,2025-06-30,15,4,Refunded,0.0,7.8,36.0,4.0
ORD102098,2025-06-30,14,7,Delivered,325.54,4.9,28.0,4.0
ORD102464,2025-06-30,11,5,Delivered,418.22,5.8,37.0,3.5
ORD104453,2025-07-01,9,5,Delivered,260.67,4.0,27.0,3.5
ORD102184,2025-07-01,3,3,Delivered,345.19,10.1,42.0,5.0
ORD103617,2025-07-01,11,8,Delivered,373.08,3.4,33.0,3.5
ORD104931,2025-07-01,18,2,Delivered,473.72,8.0,33.0,4.5
ORD104292,2025-07-01,15,3,Delivered,231.09,1.1,25.0,5.0
ORD103856,2025-07-01,3,1,Delivered,561.3,6.0,33.0,5.0
ORD104419,2025-07-01,15,4,Delivered,378.16,2.1,13.0,4.5
ORD104041,2025-07-01,13,8,Delivered,341.62,5.3,36.0,3.5
ORD101655,2025-07-01,10,4,Delivered,655.49,6.0,29.0,4.0
ORD100011,2025-07-01,8,5,Delivered,267.79,6.0,29.0,4.5
ORD104143,2025-07-01,5,3,Delivered,328.65,6.0,40.0,3.0
ORD103838,2025-07-01,12,3,Delivered,752.26,3.7,33.0,4.0
ORD101864,2025-07-02,4,4,Delivered,135.54,1.7,23.0,5.0
ORD102096,2025-07-02,7,4,Delivered,271.78,9.1,45.0,4.0
ORD100306,2025-07-02,1,5,Delivered,595.94,8.3,41.0,3.5
ORD104217,2025-07-02,4,1,Pending,346.28,7.5,31.0,
ORD102144,2025-07-02,12,6,Delivered,446.73,6.5,27.0,5.0
ORD104423,2025-07-02,8,6,Refunded,0.0,1.1,13.0,5.0
ORD103989,2025-07-02,9,1,Delivered,257.8,10.3,45.0,3.5
ORD103015,2025-07-02,10,7,Delivered,449.49,11.5,47.0,3.5
ORD100307,2025-07-02,1,4,Delivered,330.64,3.7,24.0,5.0
ORD103899,2025-07-02,12,5,Delivered,544.96,5.9,22.0,4.5
ORD103073,2025-07-02,10,7,Delivered,768.53,1.2,18.0,4.0
ORD100347,2025-07-02,15,1,Delivered,420.63,4.4,30.0,5.0
ORD100942,2025-07-02,20,2,Delivered,377.08,11.2,41.0,4.0
ORD103598,2025-07-03,21,3,Delivered,212.39,8.0,36.0,3.5
ORD103420,2025-07-03,13,1,Delivered,238.69,6.8,37.0,3.5
ORD104493,2025-07-03,4,4,Delivered,194.86,2.7,28.0,5.0
ORD100854,2025-07-03,7,1,Delivered,362.47,5.5,31.0,4.5
ORD103965,2025-07-03,18,4,Delivered,319.21,11.6,39.0,3.5
ORD103428,2025-07-03,9,6,Delivered,268.81,5.6,31.0,4.5
ORD100528,2025-07-03,3,5,Delivered,612.73,5.2,30.0,4.5
ORD103603,2025-07-03,19,2,Delivered,402.65,2.8,32.0,4.5
ORD103386,2025-07-03,4,6,Delivered,261.06,1.1,18.0,4.0
ORD100817,2025-07-03,17,3,Delivered,392.05,5.4,35.0,5.0
ORD101418,2025-07-03,8,5,Refunded,0.0,7.5,33.0,5.0
ORD100884,2025-07-03,14,6,Delivered,432.4,9.0,37.0,4.5
ORD101118,2025-07-03,1,3,Delivered,442.35,8.6,48.0,3.5
ORD104567,2025-07-04,14,7,Delivered,433.11,3.3,29.0,5.0
ORD100708,2025-07-04,19,2,Delivered,344.51,9.6,52.0,3.5
ORD101863,2025-07-04,18,8,Delivered,507.96,11.6,55.0,4.0
ORD100096,2025-07-04,12,2,Delivered,711.33,9.3,47.0,4.5
ORD103461,2025-07-04,2,4,Delivered,428.35,2.7,34.0,3.5
ORD102221,2025-07-04,10,1,Delivered,714.2,11.0,47.0,3.5
ORD103434,2025-07-04,17,3,Delivered,471.28,7.1,46.0,3.5
ORD101446,2025-07-04,3,2,Delivered,382.92,6.7,48.0,4.0
ORD100439,2025-07-04,17,5,Delivered,504.39,3.0,38.0,3.5
ORD103120,2025-07-04,13,1,Cancelled,0.0,2.5,,
ORD101942,2025-07-04,14,2,Delivered,305.17,8.2,42.0,4.5
ORD102586,2025-07-04,8,1,Delivered,454.5,4.6,36.0,4.5
ORD102799,2025-07-04,15,7,Delivered,352.41,10.2,47.0,3.0
ORD104912,2025-07-04,10,1,Delivered,556.56,11.2,44.0,4.0
ORD100933,2025-07-04,14,5,Delivered,425.87,9.1,36.0,4.0
ORD104107,2025-07-04,12,2,Delivered,737.44,11.5,53.0,4.0
ORD100320,2025-07-04,1,4,Delivered,671.83,1.2,29.0,5.0
ORD100497,2025-07-04,6,4,Delivered,344.88,3.1,29.0,4.5
ORD102496,2025-07-04,9,2,Delivered,437.78,9.1,41.0,3.0
ORD102800,2025-07-04,6,7,Delivered,307.28,9.7,45.0,4.5
ORD100341,2025-07-05,13,3,Delivered,437.18,3.3,33.0,4.5
ORD101705,2025-07-05,14,1,Delivered,452.56,2.3,23.0,4.0
ORD104476,2025-07-05,8,2,Delivered,468.44,5.7,35.0,5.0
ORD103760,2025-07-05,15,3,Cancelled,0.0,10.9,,
ORD100727,2025-07-05,17,2,Delivered,527.95,5.5,34.0,5.0
ORD102399,2025-07-05,14,1,Delivered,430.91,2.4,30.0,5.0
ORD104200,2025-07-05,14,5,Delivered,353.01,2.8,34.0,4.0
ORD101321,2025-07-05,1,1,Delivered,386.12,7.1,36.0,4.5
ORD103243,2025-07-05,14,4,Delivered,273.88,2.8,30.0,5.0
ORD101010,2025-07-05,15,7,Cancelled,0.0,11.6,,
ORD100758,2025-07-05,16,2,Delivered,294.24,6.0,30.0,4.5
ORD100988,2025-07-05,6,6,Delivered,306.78,5.4,30.0,5.0
ORD104199,2025-07-06,12,1,Delivered,728.44,2.1,25.0,5.0
ORD102265,2025-07-06,20,1,Delivered,361.83,7.1,31.0,5.0
ORD104499,2025-07-06,13,3,Delivered,322.13,5.4,38.0,4.0
ORD101912,2025-07-06,10,4,Delivered,559.09,1.2,12.0,3.5
ORD103644,2025-07-06,9,5,Pending,524.24,2.9,24.0,
ORD103271,2025-07-06,4,8,Delivered,244.18,3.7,23.0,4.0
ORD104838,2025-07-07,17,1,Delivered,374.2,9.6,44.0,4.0
ORD103031,2025-07-07,2,1,Cancelled,0.0,3.2,,
ORD100809,2025-07-07,16,1,Delivered,414.61,5.2,30.0,3.5
ORD103039,2025-07-07,2,3,Delivered,576.82,9.7,51.0,2.5
ORD104584,2025-07-07,13,1,Delivered,370.17,9.9,42.0,4.5
ORD102446,2025-07-07,7,7,Delivered,409.49,6.0,38.0,5.0
ORD103403,2025-07-07,4,4,Delivered,198.78,11.8,47.0,4.5
ORD101176,2025-07-07,14,6,Delivered,352.57,1.7,12.0,5.0
ORD104187,2025-07-07,11,6,Delivered,395.38,6.7,33.0,4.5
ORD102317,2025-07-07,10,1,Delivered,511.23,3.7,28.0,3.5
ORD101054,2025-07-07,15,4,Delivered,458.66,12.0,50.0,4.0
ORD100482,2025-07-07,4,7,Delivered,254.93,2.5,25.0,4.5
ORD101371,2025-07-07,12,7,Delivered,403.01,8.2,34.0,4.5
ORD100253,2025-07-07,13,4,Delivered,303.64,2.3,25.0,4.0
ORD101191,2025-07-08,1,4,Delivered,266.32,8.6,42.0,5.0
ORD101573,2025-07-08,16,6,Delivered,458.7,10.3,30.0,3.5
ORD100576,2025-07-08,6,2,Delivered,277.42,4.7,32.0,5.0
ORD102376,2025-07-08,14,2,Delivered,317.9,3.9,24.0,4.5
ORD101295,2025-07-08,6,3,Delivered,281.6,7.2,34.0,5.0
ORD101874,2025-07-08,20,4,Delivered,393.81,9.4,37.0,4.5
ORD100945,2025-07-08,7,1,Delivered,444.02,1.5,32.0,5.0
ORD104815,2025-07-08,16,4,Delivered,304.42,7.6,34.0,5.0
ORD101404,2025-07-08,10,1,Cancelled,0.0,11.6,,
ORD103369,2025-07-08,7,7,Delivered,443.98,10.2,47.0,3.5
ORD104237,2025-07-08,1,7,Cancelled,0.0,7.9,,
ORD100432,2025-07-08,14,1,Delivered,376.81,2.9,24.0,5.0
ORD104498,2025-07-08,12,8,Delivered,738.32,9.0,53.0,4.0
ORD103575,2025-07-09,20,6,Delivered,323.13,5.2,31.0,3.5
ORD103241,2025-07-09,9,8,Delivered,543.28,5.1,26.0,4.5
ORD102691,2025-07-09,2,1,Delivered,571.62,3.0,29.0,4.5
ORD102246,2025-07-09,14,1,Delivered,335.82,1.3,22.0,4.5
ORD103162,2025-07-09,13,2,Delivered,263.55,7.4,42.0,4.0
ORD104093,2025-07-09,2,2,Delivered,644.88,11.7,42.0,3.0
ORD101763,2025-07-09,21,3,Delivered,335.58,2.9,29.0,4.5
ORD103501,2025-07-09,19,4,Delivered,261.12,9.8,41.0,4.0
ORD100561,2025-07-09,4,2,Delivered,337.44,10.0,46.0,4.0
ORD104203,2025-07-09,12,7,Delivered,769.02,5.5,31.0,5.0
ORD101376,2025-07-09,8,2,Delivered,464.12,1.3,26.0,5.0
ORD100821,2025-07-09,3,6,Delivered,647.07,6.7,37.0,3.5
ORD100271,2025-07-09,14,5,Delivered,360.39,7.9,48.0,4.0
ORD104649,2025-07-10,17,3,Delivered,607.36,10.2,48.0,3.5
ORD103287,2025-07-10,13,2,Delivered,260.29,1.5,21.0,5.0
ORD100571,2025-07-10,18,3,Delivered,552.31,2.4,28.0,3.5
ORD102010,2025-07-10,5,5,Cancelled,0.0,3.3,,
ORD104354,2025-07-10,18,2,Delivered,383.31,3.7,27.0,4.5
ORD104674,2025-07-10,6,2,Delivered,262.31,2.7,26.0,5.0
ORD103344,2025-07-10,18,8,Delivered,457.1,11.5,40.0,3.5
ORD102768,2025-07-10,3,1,Delivered,285.99,5.8,33.0,4.0
ORD102046,2025-07-10,9,5,Delivered,314.45,5.1,20.0,4.0
ORD100210,2025-07-10,16,2,Delivered,534.71,1.5,32.0,4.0
ORD102290,2025-07-10,12,5,Delivered,326.97,7.0,29.0,5.0
ORD103210,2025-07-10,18,2,Delivered,632.05,11.1,42.0,3.5
ORD101475,2025-07-10,6,1,Refunded,0.0,10.7,38.0,4.5
ORD104690,2025-07-10,13,4,Delivered,317.28,10.7,43.0,3.5
ORD102944,2025-07-10,2,1,Delivered,541.51,3.8,34.0,3.0
ORD100540,2025-07-10,3,1,Delivered,416.67,9.5,42.0,4.5
ORD101515,2025-07-10,14,3,Delivered,332.96,4.6,34.0,4.0
ORD100724,2025-07-10,16,2,Delivered,548.2,7.1,28.0,3.5
ORD104134,2025-07-10,16,2,Delivered,651.89,7.1,38.0,3.0
ORD104304,2025-07-10,13,4,Delivered,421.46,5.7,33.0,3.5
ORD104554,2025-07-11,16,4,Pending,594.38,3.4,25.0,
ORD100971,2025-07-11,7,7,Cancelled,0.0,1.3,,
ORD104494,2025-07-11,17,4,Delivered,427.04,4.3,28.0,5.0
ORD100457,2025-07-11,6,2,Delivered,309.58,12.0,46.0,4.0
ORD104733,2025-07-11,5,3,Delivered,157.01,7.6,45.0,3.0
ORD101672,2025-07-11,4,6,Delivered,317.44,4.4,27.0,4.5
ORD104730,2025-07-11,11,1,Delivered,376.24,10.2,55.0,4.0
ORD104556,2025-07-11,21,2,Delivered,300.94,5.8,39.0,2.5
ORD101065,2025-07-11,14,3,Delivered,255.54,2.4,45.0,3.5
ORD101523,2025-07-11,4,5,Delivered,174.84,4.8,29.0,5.0
ORD102878,2025-07-11,19,5,Delivered,331.59,11.4,44.0,4.5
ORD100871,2025-07-11,1,1,Delivered,600.18,4.2,32.0,4.0
ORD104881,2025-07-11,13,5,Delivered,423.48,1.4,28.0,4.5
ORD101362,2025-07-11,16,2,Delivered,436.46,3.2,29.0,3.5
ORD102056,2025-07-11,11,6,Delivered,732.18,2.7,33.0,5.0
ORD103101,2025-07-12,3,1,Cancelled,0.0,2.6,,
ORD103022,2025-07-12,1,3,Refunded,0.0,11.2,58.0,3.5
ORD103978,2025-07-12,11,6,Delivered,408.74,11.9,47.0,3.0
ORD100806,2025-07-12,10,7,Delivered,628.26,9.1,43.0,3.0
ORD104188,2025-07-12,18,1,Refunded,0.0,11.0,45.0,3.0
ORD104207,2025-07-12,3,3,Refunded,0.0,2.7,26.0,4.5
ORD102153,2025-07-12,12,1,Delivered,321.67,6.8,39.0,4.5
ORD102788,2025-07-12,17,3,Refunded,0.0,5.8,32.0,3.5
ORD103624,2025-07-12,18,4,Delivered,319.66,1.8,29.0,3.5
ORD103131,2025-07-12,16,3,Delivered,604.58,2.1,32.0,4.0
ORD104319,2025-07-12,2,1,Delivered,390.46,11.6,54.0,3.5
ORD104978,2025-07-12,9,1,Cancelled,0.0,7.0,,
ORD103998,2025-07-12,4,1,Delivered,293.46,2.5,16.0,5.0
ORD102933,2025-07-12,17,7,Delivered,328.97,10.4,46.0,4.5
ORD101608,2025-07-12,13,2,Refunded,0.0,10.6,47.0,3.5
ORD103092,2025-07-12,3,8,Delivered,278.25,2.4,30.0,4.5
ORD103365,2025-07-13,3,7,Delivered,587.94,2.7,23.0,4.0
ORD100396,2025-07-13,15,4,Delivered,365.3,7.2,33.0,3.0
ORD101130,2025-07-13,18,7,Delivered,648.28,11.6,39.0,4.0
ORD102887,2025-07-13,8,7,Delivered,323.26,8.1,39.0,4.5
ORD102097,2025-07-13,9,6,Cancelled,0.0,8.6,,
ORD104523,2025-07-13,2,2,Pending,443.61,9.5,41.0,
ORD103442,2025-07-13,2,1,Delivered,627.99,7.6,34.0,4.0
ORD100944,2025-07-13,1,2,Delivered,482.32,7.3,33.0,5.0
ORD102518,2025-07-13,16,1,Cancelled,0.0,8.8,,
ORD100378,2025-07-13,14,1,Delivered,357.89,10.8,49.0,4.0
ORD100804,2025-07-13,1,3,Delivered,515.25,10.0,49.0,4.0
ORD101690,2025-07-13,9,7,Delivered,215.14,3.5,27.0,4.0
ORD101562,2025-07-13,9,5,Pending,223.05,7.1,36.0,
ORD104760,2025-07-13,21,3,Delivered,345.02,1.7,25.0,4.5
ORD101639,2025-07-13,2,4,Delivered,318.52,1.2,15.0,4.0
ORD100929,2025-07-13,1,3,Pending,254.91,3.1,25.0,
ORD100259,2025-07-14,19,7,Delivered,295.47,2.0,23.0,5.0
ORD104616,2025-07-14,5,2,Cancelled,0.0,3.3,,
ORD101609,2025-07-14,3,7,Delivered,606.8,11.5,49.0,4.0
ORD101268,2025-07-14,2,8,Delivered,393.36,6.9,26.0,4.5
ORD104546,2025-07-14,3,2,Delivered,669.62,7.5,44.0,4.5
ORD101089,2025-07-14,7,4,Delivered,313.43,1.0,13.0,5.0
ORD104150,2025-07-14,3,5,Refunded,0.0,10.7,43.0,3.5
ORD103544,2025-07-14,3,1,Delivered,378.37,2.8,21.0,4.5
ORD103732,2025-07-14,3,7,Delivered,302.47,6.0,31.0,5.0
ORD101407,2025-07-14,8,2,Delivered,337.43,6.1,34.0,4.0
ORD104968,2025-07-14,4,5,Delivered,248.42,10.6,45.0,5.0
ORD104468,2025-07-14,21,1,Delivered,219.76,6.0,31.0,3.5
ORD102499,2025-07-14,8,2,Delivered,218.46,9.0,33.0,5.0
ORD103133,2025-07-14,14,4,Delivered,252.43,3.5,25.0,5.0
ORD103237,2025-07-14,6,2,Delivered,170.19,8.4,52.0,3.5
ORD102141,2025-07-14,5,2,Cancelled,0.0,1.0,,
ORD103503,2025-07-14,14,4,Delivered,344.38,6.4,39.0,4.0
ORD100520,2025-07-14,20,1,Refunded,0.0,8.2,29.0,4.5
ORD102901,2025-07-14,15,3,Delivered,247.67,8.1,49.0,4.0
ORD101909,2025-07-14,5,1,Delivered,253.44,9.5,47.0,2.5
ORD101364,2025-07-14,6,2,Delivered,350.27,5.1,35.0,5.0
ORD100444,2025-07-15,4,2,Delivered,331.43,1.2,27.0,5.0
ORD104716,2025-07-15,7,2,Cancelled,0.0,9.6,,
ORD103396,2025-07-15,1,2,Delivered,442.8,6.0,41.0,3.5
ORD101561,2025-07-15,10,2,Delivered,629.02,9.7,45.0,3.5
ORD102206,2025-07-15,14,3,Delivered,250.02,7.0,40.0,4.5
ORD102304,2025-07-15,6,8,Delivered,289.41,9.1,38.0,3.5
ORD101336,2025-07-15,14,3,Delivered,356.6,4.5,39.0,5.0
ORD102281,2025-07-15,20,2,Refunded,0.0,5.9,28.0,3.5
ORD101578,2025-07-15,18,5,Delivered,384.66,2.7,27.0,3.5
ORD101943,2025-07-16,11,3,Cancelled,0.0,8.6,,
ORD104068,2025-07-16,16,8,Delivered,348.12,8.2,35.0,4.0
ORD101931,2025-07-16,7,2,Delivered,456.59,9.0,39.0,4.5
ORD102394,2025-07-16,15,2,Delivered,424.63,10.5,48.0,3.5
ORD102876,2025-07-16,5,7,Delivered,263.88,4.8,29.0,4.5
ORD104761,2025-07-16,14,2,Delivered,283.97,4.0,34.0,4.5
ORD103985,2025-07-16,12,4,Delivered,616.23,5.6,32.0,5.0
ORD102775,2025-07-16,10,2,Delivered,658.39,4.7,33.0,4.0
ORD100925,2025-07-16,16,3,Delivered,578.58,11.0,48.0,4.5
ORD103713,2025-07-16,15,2,Delivered,267.02,9.5,47.0,5.0
ORD104046,2025-07-16,16,3,Delivered,432.4,9.3,52.0,2.5
ORD104394,2025-07-16,5,5,Delivered,261.23,9.0,40.0,3.5
ORD102573,2025-07-16,8,8,Delivered,432.11,6.6,32.0,4.5
ORD103750,2025-07-16,5,3,Delivered,241.28,6.6,41.0,4.0
ORD102739,2025-07-16,8,1,Delivered,346.38,1.5,17.0,5.0
ORD102324,2025-07-17,11,2,Delivered,696.96,8.1,35.0,4.5
ORD101514,2025-07-17,6,4,Delivered,157.07,6.1,34.0,4.5
ORD103014,2025-07-17,17,1,Delivered,291.94,7.1,37.0,4.0
ORD103306,2025-07-17,3,2,Refunded,0.0,9.0,33.0,4.5
ORD100709,2025-07-17,5,6,Delivered,189.37,1.1,14.0,4.5
ORD103343,2025-07-17,21,4,Delivered,373.78,3.0,35.0,4.0
ORD102418,2025-07-17,17,1,Refunded,0.0,5.3,31.0,5.0
ORD102772,2025-07-17,3,1,Delivered,509.61,7.9,42.0,4.0
ORD100423,2025-07-17,14,1,Delivered,403.67,11.9,44.0,4.5
ORD101119,2025-07-17,1,5,Delivered,573.75,7.8,40.0,5.0
ORD101749,2025-07-17,1,2,Delivered,301.69,6.4,36.0,5.0
ORD100749,2025-07-17,7,2,Delivered,385.56,8.2,40.0,4.5
ORD100740,2025-07-18,1,2,Delivered,598.57,11.3,54.0,3.5
ORD100209,2025-07-18,1,3,Delivered,637.82,4.1,33.0,4.5
ORD104895,2025-07-18,1,1,Pending,426.34,4.9,35.0,
ORD100633,2025-07-18,17,1,Delivered,325.9,9.9,44.0,4.5
ORD100219,2025-07-18,5,7,Delivered,255.26,6.2,43.0,4.0
ORD103888,2025-07-18,1,3,Delivered,395.5,9.0,38.0,4.5
ORD101779,2025-07-18,2,5,Delivered,539.68,3.5,27.0,4.5
ORD104215,2025-07-18,2,1,Delivered,627.47,6.8,40.0,3.0
ORD104256,2025-07-18,21,3,Cancelled,0.0,7.5,,
ORD103718,2025-07-18,14,3,Delivered,408.17,4.3,41.0,4.0
ORD104351,2025-07-18,1,1,Delivered,441.45,6.6,43.0,5.0
ORD102288,2025-07-18,4,3,Delivered,155.88,5.9,32.0,4.5
ORD103272,2025-07-18,13,1,Delivered,236.97,8.0,36.0,3.0
ORD104459,2025-07-18,6,3,Delivered,212.36,7.0,45.0,5.0
ORD102338,2025-07-18,2,2,Delivered,450.68,2.5,27.0,4.5
ORD102336,2025-07-19,18,6,Delivered,493.55,4.7,38.0,3.5
ORD104679,2025-07-19,17,2,Refunded,0.0,10.2,48.0,3.5
ORD103423,2025-07-19,10,2,Delivered,801.09,3.4,27.0,5.0
ORD102886,2025-07-19,16,8,Delivered,427.61,8.9,38.0,4.0
ORD100242,2025-07-19,17,1,Delivered,575.04,10.3,65.0,2.0
ORD103117,2025-07-19,16,3,Delivered,666.45,2.4,24.0,4.0
ORD101750,2025-07-19,6,8,Pending,153.91,6.0,33.0,
ORD100793,2025-07-19,20,4,Delivered,317.88,3.7,30.0,3.0
ORD100153,2025-07-19,18,1,Pending,464.24,8.1,40.0,
ORD101937,2025-07-19,10,2,Delivered,366.34,11.6,46.0,4.5
ORD100012,2025-07-19,18,2,Delivered,356.43,8.2,34.0,4.5
ORD103010,2025-07-19,13,1,Delivered,279.01,3.7,33.0,5.0
ORD101076,2025-07-20,20,5,Delivered,206.56,8.1,34.0,4.5
ORD100711,2025-07-20,21,5,Delivered,218.48,1.2,20.0,5.0
ORD104224,2025-07-20,18,4,Delivered,446.69,2.8,30.0,4.5
ORD101291,2025-07-20,12,6,Delivered,420.97,4.3,21.0,5.0
ORD104946,2025-07-20,14,1,Delivered,381.17,6.9,40.0,5.0
ORD103252,2025-07-20,3,3,Delivered,333.33,1.6,22.0,4.5
ORD102533,2025-07-20,14,7,Delivered,185.33,4.7,30.0,3.5
ORD104934,2025-07-20,13,6,Delivered,271.66,8.7,36.0,5.0
ORD103179,2025-07-20,17,4,Refunded,0.0,10.9,46.0,3.0
ORD103175,2025-07-20,3,2,Delivered,405.58,1.9,23.0,5.0
ORD104767,2025-07-20,3,1,Delivered,507.39,7.2,33.0,5.0
ORD103891,2025-07-20,5,8,Delivered,150.28,11.8,39.0,4.0
ORD104136,2025-07-21,9,6,Delivered,340.71,8.0,38.0,4.0
ORD100519,2025-07-21,21,2,Delivered,340.38,9.6,43.0,3.0
ORD101220,2025-07-21,1,7,Delivered,662.98,6.3,30.0,5.0
ORD101327,2025-07-21,7,7,Delivered,522.42,2.5,30.0,3.5
ORD102600,2025-07-21,6,2,Delivered,169.82,5.7,31.0,5.0
ORD104518,2025-07-21,18,1,Delivered,317.62,6.1,31.0,3.5
ORD100610,2025-07-21,20,3,Delivered,181.9,6.1,35.0,4.5
ORD101930,2025-07-21,19,4,Cancelled,0.0,5.5,,
ORD100993,2025-07-21,19,3,Cancelled,0.0,2.0,,
ORD101506,2025-07-21,13,3,Delivered,456.82,11.8,51.0,2.0
ORD101645,2025-07-21,5,2,Delivered,245.71,2.3,25.0,3.5
ORD103688,2025-07-21,5,3,Delivered,169.97,4.5,38.0,3.5
ORD100605,2025-07-22,4,2,Refunded,0.0,6.5,35.0,5.0
ORD101026,2025-07-22,8,1,Delivered,244.67,8.5,34.0,4.5
ORD103979,2025-07-22,7,1,Cancelled,0.0,2.7,,
ORD103479,2025-07-22,15,5,Cancelled,0.0,9.8,,
ORD101107,2025-07-22,2,3,Delivered,382.3,2.0,27.0,4.0
ORD102983,2025-07-22,3,2,Delivered,350.24,10.6,48.0,4.5
ORD101591,2025-07-22,17,4,Delivered,498.26,2.4,19.0,4.0
ORD103142,2025-07-22,14,2,Delivered,336.8,11.8,39.0,4.0
ORD100222,2025-07-22,5,2,Delivered,204.34,4.4,23.0,5.0
ORD104824,2025-07-22,2,5,Delivered,491.27,3.4,25.0,5.0
ORD100072,2025-07-22,4,2,Pending,180.19,11.7,41.0,
ORD103967,2025-07-22,13,6,Delivered,204.85,10.1,46.0,3.5
ORD100241,2025-07-22,14,5,Delivered,320.8,1.1,13.0,5.0
ORD100349,2025-07-22,18,1,Delivered,700.94,5.0,30.0,4.0
ORD101361,2025-07-22,1,7,Cancelled,0.0,5.1,,
ORD101674,2025-07-22,2,2,Delivered,452.15,10.2,40.0,5.0
ORD104077,2025-07-22,15,3,Delivered,357.44,1.0,18.0,3.5
ORD100878,2025-07-22,18,3,Delivered,400.98,4.5,39.0,3.0
ORD104742,2025-07-23,6,1,Delivered,214.18,2.0,28.0,5.0
ORD102629,2025-07-23,8,3,Delivered,338.18,7.1,43.0,4.5
ORD104482,2025-07-23,4,7,Delivered,163.49,3.8,27.0,3.5
ORD101280,2025-07-23,12,1,Delivered,467.9,6.3,38.0,5.0
ORD100812,2025-07-23,14,7,Delivered,279.29,8.7,45.0,4.0
ORD103625,2025-07-23,3,1,Delivered,556.44,4.7,29.0,5.0
ORD104497,2025-07-23,8,3,Delivered,428.5,5.6,35.0,4.0
ORD103035,2025-07-23,7,1,Delivered,457.76,4.0,44.0,3.0
ORD104251,2025-07-23,18,4,Delivered,398.74,11.8,47.0,2.0
ORD103776,2025-07-23,1,1,Delivered,497.9,5.7,32.0,3.5
ORD100917,2025-07-23,15,3,Delivered,249.96,8.2,42.0,2.5
ORD104648,2025-07-23,14,3,Delivered,188.07,1.9,25.0,5.0
ORD104329,2025-07-23,15,2,Delivered,370.09,5.5,25.0,2.5
ORD102006,2025-07-24,16,4,Refunded,0.0,7.8,40.0,4.0
ORD102991,2025-07-24,18,1,Delivered,348.56,8.6,37.0,3.5
ORD104472,2025-07-24,8,4,Cancelled,0.0,2.6,,
ORD100074,2025-07-24,13,2,Delivered,390.88,5.4,39.0,5.0
ORD101147,2025-07-24,18,4,Delivered,639.41,6.3,46.0,3.5
ORD103958,2025-07-24,16,1,Cancelled,0.0,9.4,,
ORD101125,2025-07-24,1,1,Delivered,401.6,3.0,23.0,4.5
ORD101701,2025-07-25,1,3,Delivered,414.93,11.2,47.0,3.5
ORD101168,2025-07-25,4,2,Delivered,311.11,7.1,42.0,4.0
ORD103453,2025-07-25,13,4,Delivered,200.82,9.3,41.0,3.0
ORD102177,2025-07-25,3,7,Delivered,610.26,5.9,38.0,5.0
ORD102860,2025-07-25,16,4,Cancelled,0.0,2.0,,
ORD102014,2025-07-25,18,8,Delivered,365.72,6.2,36.0,4.5
ORD102149,2025-07-25,2,1,Delivered,330.71,2.3,23.0,3.5
ORD103754,2025-07-25,1,2,Delivered,401.37,7.9,43.0,4.0
ORD102663,2025-07-25,17,3,Delivered,657.53,6.9,44.0,4.0
ORD102705,2025-07-25,9,3,Delivered,240.51,11.8,54.0,2.0
ORD102511,2025-07-25,1,6,Cancelled,0.0,11.6,,
ORD102382,2025-07-25,3,8,Delivered,632.3,8.4,33.0,3.5
ORD100566,2025-07-26,11,1,Delivered,365.31,7.6,41.0,4.0
ORD100967,2025-07-26,6,7,Delivered,268.79,1.1,19.0,5.0
ORD102224,2025-07-26,9,1,Delivered,277.63,1.1,28.0,4.5
ORD101985,2025-07-26,16,8,Delivered,710.1,3.3,33.0,4.0
ORD102198,2025-07-26,15,1,Delivered,431.96,2.4,13.0,4.5
ORD104393,2025-07-26,4,2,Delivered,196.38,4.5,30.0,5.0
ORD100835,2025-07-26,14,2,Refunded,0.0,9.3,40.0,4.0
ORD104417,2025-07-26,6,3,Delivered,347.78,2.2,41.0,5.0
ORD100030,2025-07-26,12,6,Delivered,439.61,2.2,23.0,4.5
ORD104404,2025-07-26,6,3,Delivered,260.55,7.4,44.0,4.0
ORD100067,2025-07-26,11,3,Cancelled,0.0,9.9,,
ORD103608,2025-07-26,15,2,Delivered,450.9,1.3,25.0,3.5
ORD100790,2025-07-26,7,4,Delivered,286.65,2.0,19.0,5.0
ORD103477,2025-07-26,4,3,Delivered,234.82,6.8,47.0,4.5
ORD104782,2025-07-27,12,8,Pending,592.22,8.4,39.0,
ORD100335,2025-07-27,21,1,Delivered,195.52,8.9,41.0,4.0
ORD102979,2025-07-27,11,3,Delivered,744.04,11.9,47.0,3.5
ORD102189,2025-07-27,13,2,Cancelled,0.0,7.8,,
ORD100059,2025-07-27,9,5,Delivered,292.28,11.7,41.0,4.0
ORD104810,2025-07-27,1,4,Delivered,342.67,7.3,35.0,5.0
ORD102598,2025-07-27,4,6,Cancelled,0.0,2.8,,
ORD102131,2025-07-27,4,1,Delivered,337.61,11.2,41.0,5.0
ORD103231,2025-07-27,15,1,Delivered,351.57,7.0,34.0,4.0
ORD102390,2025-07-27,2,2,Delivered,356.8,7.3,29.0,4.5
ORD104298,2025-07-27,1,2,Refunded,0.0,6.7,36.0,5.0
ORD102308,2025-07-27,20,2,Delivered,162.84,11.1,37.0,4.0
ORD102359,2025-07-27,13,2,Delivered,203.21,8.3,44.0,4.5
ORD104548,2025-07-27,17,5,Delivered,370.53,10.7,55.0,3.5
ORD103263,2025-07-28,13,1,Delivered,243.93,8.6,44.0,4.0
ORD103942,2025-07-28,15,3,Delivered,224.17,8.9,53.0,3.0
ORD100745,2025-07-28,5,2,Delivered,289.96,2.3,19.0,5.0
ORD101904,2025-07-28,3,1,Delivered,659.04,7.3,29.0,3.5
ORD101410,2025-07-28,13,2,Delivered,435.51,8.2,30.0,4.5
ORD101187,2025-07-28,5,1,Delivered,204.54,8.8,43.0,4.0
ORD100568,2025-07-28,3,2,Cancelled,0.0,6.6,,
ORD100450,2025-07-28,2,4,Delivered,348.72,6.5,29.0,4.0
ORD103904,2025-07-28,2,3,Delivered,508.74,2.5,25.0,5.0
ORD103054,2025-07-28,21,2,Delivered,258.95,4.0,30.0,4.5
ORD100205,2025-07-28,21,6,Delivered,386.69,5.9,37.0,4.5
ORD104050,2025-07-28,3,1,Pending,617.7,5.8,35.0,
ORD104632,2025-07-28,7,2,Delivered,219.29,11.4,50.0,4.0
ORD101818,2025-07-28,15,1,Cancelled,0.0,10.4,,
ORD102682,2025-07-28,10,1,Delivered,654.52,5.1,39.0,4.5
ORD101438,2025-07-28,13,2,Delivered,269.62,3.6,23.0,4.5
ORD102683,2025-07-28,2,6,Delivered,583.4,3.4,19.0,4.0
ORD103855,2025-07-29,16,2,Delivered,565.92,3.9,28.0,4.0
ORD101091,2025-07-29,6,5,Delivered,263.53,2.6,28.0,4.0
ORD104120,2025-07-29,1,1,Delivered,416.3,10.1,49.0,4.5
ORD101557,2025-07-29,5,2,Delivered,161.19,6.6,33.0,3.0
ORD104369,2025-07-29,16,1,Delivered,416.72,3.4,21.0,4.0
ORD104525,2025-07-29,21,2,Cancelled,0.0,8.5,,
ORD104901,2025-07-29,8,8,Delivered,218.14,7.3,38.0,4.0
ORD103936,2025-07-29,8,3,Delivered,287.07,3.0,33.0,5.0
ORD102262,2025-07-29,2,4,Delivered,476.71,4.9,36.0,4.5
ORD100070,2025-07-29,11,1,Refunded,0.0,4.2,27.0,5.0
ORD104840,2025-07-30,16,3,Delivered,663.35,10.9,55.0,3.5
ORD100750,2025-07-30,15,3,Delivered,205.85,3.9,35.0,4.5
ORD103121,2025-07-30,17,7,Cancelled,0.0,6.9,,
ORD101329,2025-07-30,5,2,Delivered,305.24,4.4,33.0,3.5
ORD101444,2025-07-30,17,7,Delivered,717.09,3.5,19.0,5.0
ORD101859,2025-07-30,2,2,Delivered,298.65,9.6,39.0,3.5
ORD102115,2025-07-30,17,7,Delivered,452.89,3.0,31.0,4.0
ORD100538,2025-07-31,14,1,Delivered,430.83,11.4,43.0,4.0
ORD104614,2025-07-31,4,2,Delivered,266.43,9.6,42.0,4.0
ORD100473,2025-07-31,2,3,Delivered,290.8,5.9,37.0,3.5
ORD104602,2025-07-31,21,7,Delivered,348.32,2.5,17.0,5.0
ORD103619,2025-07-31,12,3,Delivered,495.53,6.9,41.0,4.0
ORD102169,2025-07-31,8,7,Delivered,333.92,3.5,25.0,5.0
ORD102913,2025-07-31,18,5,Delivered,301.98,3.5,18.0,3.0
ORD103858,2025-07-31,6,5,Delivered,314.85,9.0,47.0,4.0
ORD102674,2025-07-31,17,5,Cancelled,0.0,1.6,,
ORD100152,2025-07-31,3,5,Delivered,353.2,8.9,42.0,4.0
ORD103155,2025-08-01,9,1,Delivered,538.76,7.8,36.0,4.0
ORD101754,2025-08-01,6,2,Delivered,304.86,7.6,33.0,5.0
ORD103113,2025-08-01,17,2,Delivered,383.58,5.8,37.0,5.0
ORD104056,2025-08-01,15,3,Delivered,185.16,3.5,40.0,4.0
ORD103086,2025-08-01,2,3,Delivered,469.62,7.9,46.0,3.5
ORD100187,2025-08-01,4,7,Delivered,351.16,8.3,45.0,3.5
ORD102801,2025-08-01,15,6,Delivered,333.56,6.0,36.0,3.0
ORD104438,2025-08-01,10,2,Delivered,420.97,6.5,35.0,3.5
ORD101439,2025-08-01,20,2,Cancelled,0.0,6.2,,
ORD102542,2025-08-01,3,8,Delivered,419.52,6.6,41.0,4.0
ORD100324,2025-08-01,12,1,Delivered,790.69,11.6,47.0,4.5
ORD104434,2025-08-01,12,1,Delivered,395.87,7.0,41.0,4.0
ORD100941,2025-08-01,3,3,Delivered,263.43,7.1,45.0,4.0
ORD102106,2025-08-02,4,8,Delivered,192.93,8.7,48.0,5.0
ORD101466,2025-08-02,2,6,Delivered,314.11,11.1,54.0,3.0
ORD104338,2025-08-02,2,2,Delivered,467.14,5.2,28.0,4.5
ORD103629,2025-08-02,3,5,Delivered,412.38,7.7,34.0,4.5
ORD100166,2025-08-02,13,6,Delivered,238.0,1.4,41.0,4.0
ORD104025,2025-08-02,13,3,Delivered,343.03,10.6,51.0,2.5
ORD103677,2025-08-02,15,6,Delivered,354.71,8.6,36.0,4.0
ORD101150,2025-08-02,6,2,Delivered,211.98,4.4,39.0,4.5
ORD101680,2025-08-02,8,1,Delivered,536.98,3.7,35.0,4.0
ORD101522,2025-08-02,15,7,Delivered,270.61,3.8,35.0,4.0
ORD104192,2025-08-02,7,1,Delivered,535.05,10.8,46.0,3.5
ORD101810,2025-08-02,1,2,Cancelled,0.0,5.5,,
ORD104833,2025-08-03,3,2,Delivered,641.32,11.7,45.0,4.0
ORD103041,2025-08-03,14,4,Delivered,322.73,11.4,47.0,4.0
ORD102438,2025-08-03,1,2,Delivered,482.9,4.2,30.0,5.0
ORD104563,2025-08-03,11,3,Cancelled,0.0,6.7,,
ORD100908,2025-08-03,10,3,Delivered,701.16,10.5,51.0,3.5
ORD104704,2025-08-03,21,7,Delivered,332.0,8.6,42.0,3.5
ORD104702,2025-08-03,15,3,Delivered,203.7,3.1,31.0,4.0
ORD100937,2025-08-03,9,6,Delivered,207.49,7.1,33.0,3.5
ORD103737,2025-08-03,7,3,Delivered,483.38,6.5,40.0,3.0
ORD100631,2025-08-03,3,4,Delivered,350.27,4.8,27.0,5.0
ORD103659,2025-08-03,21,4,Delivered,243.66,1.2,20.0,4.0
ORD101938,2025-08-03,21,5,Delivered,328.01,11.3,44.0,4.5
ORD103800,2025-08-03,5,6,Delivered,237.68,1.4,27.0,4.0
ORD100182,2025-08-03,7,7,Delivered,240.77,6.6,31.0,5.0
ORD100795,2025-08-03,1,3,Delivered,398.37,10.2,44.0,4.5
ORD100782,2025-08-03,15,6,Delivered,187.17,1.9,12.0,5.0
ORD101500,2025-08-03,15,4,Delivered,370.59,3.9,22.0,5.0
ORD104032,2025-08-03,7,2,Delivered,253.24,5.4,29.0,3.5
ORD101158,2025-08-03,14,4,Cancelled,0.0,8.5,,
ORD104829,2025-08-04,10,4,Delivered,540.68,4.6,34.0,3.5
ORD103298,2025-08-04,17,7,Delivered,297.08,10.1,43.0,3.5
ORD101071,2025-08-04,3,2,Delivered,273.81,8.0,34.0,4.0
ORD102114,2025-08-04,18,5,Delivered,679.33,9.1,44.0,3.0
ORD103694,2025-08-04,5,3,Delivered,302.65,4.4,33.0,4.0
ORD103770,2025-08-04,3,7,Delivered,390.76,10.3,37.0,5.0
ORD100791,2025-08-04,13,2,Refunded,0.0,4.1,36.0,4.0
ORD100431,2025-08-04,16,1,Delivered,457.71,8.2,36.0,3.0
ORD101261,2025-08-04,9,1,Delivered,503.79,5.3,21.0,5.0
ORD101704,2025-08-04,21,2,Delivered,213.75,3.7,23.0,4.5
ORD104967,2025-08-04,17,1,Delivered,277.4,3.3,30.0,4.0
ORD101134,2025-08-04,6,1,Delivered,162.2,1.0,17.0,5.0
ORD100558,2025-08-04,2,8,Delivered,633.25,4.5,28.0,4.5
ORD104520,2025-08-05,21,7,Delivered,198.9,3.6,25.0,4.5
ORD102453,2025-08-05,1,2,Cancelled,0.0,5.7,,
ORD100409,2025-08-05,10,7,Delivered,817.72,7.4,46.0,4.0
ORD103285,2025-08-05,6,3,Delivered,172.8,7.2,41.0,4.5
ORD103954,2025-08-05,2,5,Delivered,630.47,11.9,53.0,3.5
ORD100739,2025-08-05,17,1,Delivered,665.06,8.4,40.0,4.0
ORD104080,2025-08-05,3,4,Delivered,511.11,10.2,48.0,4.5
ORD100549,2025-08-05,2,3,Delivered,364.68,10.6,53.0,4.0
ORD102215,2025-08-05,9,8,Delivered,349.38,7.7,39.0,3.5
ORD104839,2025-08-05,9,2,Delivered,538.99,7.1,35.0,2.0
ORD104805,2025-08-05,6,5,Delivered,245.87,7.4,40.0,5.0
ORD101313,2025-08-05,3,7,Refunded,0.0,11.6,49.0,3.0
ORD104959,2025-08-05,13,3,Delivered,372.4,4.6,42.0,4.5
ORD103177,2025-08-05,11,1,Delivered,638.94,11.7,53.0,5.0
ORD104892,2025-08-05,2,6,Delivered,604.19,2.1,16.0,4.0
ORD103969,2025-08-06,10,8,Delivered,429.62,3.0,25.0,4.0
ORD101351,2025-08-06,2,4,Delivered,264.77,5.4,23.0,4.5
ORD100361,2025-08-06,10,7,Delivered,626.57,5.2,25.0,5.0
ORD100348,2025-08-06,15,3,Delivered,320.95,3.0,25.0,3.5
ORD104626,2025-08-06,15,6,Delivered,190.66,7.2,32.0,5.0
ORD101343,2025-08-06,2,1,Delivered,612.18,2.7,27.0,4.5
ORD104652,2025-08-06,3,4,Delivered,657.22,5.5,32.0,5.0
ORD100526,2025-08-07,14,8,Delivered,365.86,4.4,30.0,4.5
ORD101667,2025-08-07,10,5,Delivered,472.02,9.7,44.0,3.5
ORD102022,2025-08-07,5,2,Delivered,343.66,7.1,35.0,4.0
ORD102492,2025-08-07,2,5,Cancelled,0.0,10.3,,
ORD101227,2025-08-07,1,5,Delivered,350.38,8.7,34.0,4.5
ORD100419,2025-08-07,12,2,Cancelled,0.0,2.7,,
ORD100579,2025-08-07,11,7,Delivered,637.98,5.6,32.0,4.0
ORD102830,2025-08-07,5,3,Refunded,0.0,9.2,42.0,3.5
ORD102158,2025-08-07,13,7,Delivered,463.85,7.3,39.0,4.5
ORD103822,2025-08-07,4,1,Refunded,0.0,8.0,39.0,4.0
ORD103764,2025-08-07,6,2,Delivered,176.68,5.5,28.0,5.0
ORD103188,2025-08-07,3,7,Delivered,421.99,5.4,29.0,5.0
ORD102460,2025-08-07,13,5,Delivered,438.29,11.4,46.0,4.0
ORD100966,2025-08-07,16,3,Delivered,438.05,1.1,30.0,3.5
ORD104580,2025-08-08,1,2,Delivered,258.81,1.0,21.0,4.5
ORD103023,2025-08-08,2,2,Delivered,564.13,8.0,41.0,3.0
ORD102837,2025-08-08,13,1,Delivered,208.81,10.4,51.0,5.0
ORD103574,2025-08-08,15,8,Delivered,357.37,10.8,44.0,3.0
ORD101443,2025-08-08,5,2,Delivered,296.18,1.8,32.0,3.0
ORD102743,2025-08-08,19,4,Delivered,340.27,6.8,29.0,3.5
ORD104275,2025-08-08,9,3,Cancelled,0.0,9.3,,
ORD102777,2025-08-08,3,5,Delivered,363.61,8.5,40.0,4.5
ORD101293,2025-08-08,14,2,Delivered,299.17,3.6,25.0,4.5
ORD100850,2025-08-08,16,4,Delivered,396.71,11.3,38.0,4.0
ORD101830,2025-08-09,8,4,Delivered,345.38,7.2,38.0,4.0
ORD100494,2025-08-09,19,4,Delivered,238.4,6.4,36.0,5.0
ORD102861,2025-08-09,13,3,Delivered,269.28,8.0,45.0,5.0
ORD100384,2025-08-09,13,2,Cancelled,0.0,1.8,,
ORD100077,2025-08-09,12,3,Delivered,315.28,1.5,29.0,3.0
ORD103511,2025-08-09,7,4,Delivered,359.07,9.6,36.0,4.5
ORD101535,2025-08-09,8,3,Delivered,514.97,9.8,52.0,4.5
ORD101243,2025-08-09,6,1,Delivered,185.44,9.0,45.0,5.0
ORD103217,2025-08-09,20,7,Delivered,363.58,5.7,33.0,3.5
ORD104939,2025-08-09,18,7,Delivered,301.41,1.7,31.0,2.0
ORD103535,2025-08-09,2,1,Delivered,472.39,11.0,53.0,3.0
ORD104239,2025-08-09,7,2,Refunded,0.0,10.8,50.0,4.0
ORD100124,2025-08-10,14,3,Delivered,402.11,8.9,50.0,4.0
ORD100380,2025-08-10,14,3,Delivered,244.76,9.2,39.0,5.0
ORD103803,2025-08-10,14,6,Delivered,237.86,7.1,33.0,4.5
ORD104411,2025-08-10,6,4,Delivered,301.17,5.5,41.0,5.0
ORD104926,2025-08-10,1,6,Cancelled,0.0,4.2,,
ORD104627,2025-08-10,2,4,Delivered,616.25,11.3,44.0,4.0
ORD104069,2025-08-10,7,7,Delivered,359.17,3.0,26.0,5.0
ORD103163,2025-08-10,13,2,Delivered,312.72,9.3,47.0,4.5
ORD103491,2025-08-10,5,1,Delivered,137.08,11.6,42.0,2.5
ORD102227,2025-08-10,5,1,Delivered,335.78,2.1,15.0,4.0
ORD102848,2025-08-10,4,6,Delivered,218.43,7.6,34.0,4.5
ORD100960,2025-08-10,1,5,Delivered,600.63,3.3,23.0,5.0
ORD101603,2025-08-10,10,4,Delivered,388.63,12.0,46.0,3.5
ORD103801,2025-08-11,1,3,Delivered,315.52,9.5,45.0,4.0
ORD101062,2025-08-11,20,4,Delivered,158.11,3.6,31.0,3.5
ORD101755,2025-08-11,18,1,Cancelled,0.0,5.7,,
ORD101771,2025-08-11,11,3,Delivered,516.69,6.5,39.0,4.0
ORD103607,2025-08-11,5,7,Delivered,221.39,1.0,29.0,4.0
ORD104938,2025-08-11,3,5,Delivered,283.06,6.8,41.0,4.5
ORD104624,2025-08-11,16,5,Cancelled,0.0,6.8,,
ORD102839,2025-08-11,19,5,Delivered,320.01,7.0,40.0,5.0
ORD102993,2025-08-11,8,3,Refunded,0.0,2.8,29.0,4.5
ORD101437,2025-08-11,8,7,Delivered,215.28,2.0,28.0,4.5
ORD101359,2025-08-11,14,6,Delivered,233.92,10.9,44.0,3.5
ORD104785,2025-08-11,1,1,Delivered,445.16,2.8,24.0,5.0
ORD104123,2025-08-11,8,8,Delivered,296.16,2.8,21.0,4.5
ORD102672,2025-08-11,5,4,Delivered,275.69,1.8,26.0,3.5
ORD103207,2025-08-11,17,1,Delivered,716.97,3.4,32.0,5.0
ORD103235,2025-08-11,14,1,Delivered,228.91,9.6,37.0,4.5
ORD104660,2025-08-11,3,4,Delivered,538.27,7.0,32.0,4.5
ORD103767,2025-08-12,15,1,Delivered,342.55,10.3,44.0,3.0
ORD102366,2025-08-12,14,2,Delivered,261.39,9.4,40.0,3.5
ORD103692,2025-08-12,11,1,Delivered,548.96,6.7,25.0,4.5
ORD100615,2025-08-12,12,5,Cancelled,0.0,10.3,,
ORD104692,2025-08-12,7,2,Delivered,277.1,11.3,57.0,4.5
ORD100772,2025-08-12,1,6,Delivered,608.64,10.2,49.0,3.0
ORD103506,2025-08-12,1,1,Delivered,532.14,11.7,37.0,5.0
ORD103968,2025-08-12,4,1,Delivered,184.41,11.0,47.0,3.0
ORD104561,2025-08-12,14,3,Delivered,392.38,2.6,27.0,5.0
ORD102458,2025-08-12,17,2,Delivered,672.68,11.1,43.0,4.5
ORD104811,2025-08-12,8,6,Delivered,247.71,11.7,42.0,4.0
ORD104921,2025-08-12,14,4,Delivered,255.25,7.2,37.0,3.5
ORD104919,2025-08-12,15,6,Delivered,195.66,2.6,23.0,4.5
ORD100729,2025-08-13,20,4,Delivered,341.17,8.0,38.0,4.0
ORD100769,2025-08-13,4,3,Delivered,145.36,11.5,43.0,3.5
ORD103839,2025-08-13,12,3,Delivered,777.57,7.5,42.0,5.0
ORD103259,2025-08-13,1,1,Delivered,478.36,2.5,34.0,4.5
ORD102832,2025-08-13,18,4,Delivered,638.69,10.1,43.0,4.0
ORD103348,2025-08-13,4,6,Delivered,144.77,3.4,27.0,5.0
ORD100234,2025-08-13,4,4,Delivered,255.55,9.9,43.0,4.0
ORD103257,2025-08-13,11,5,Delivered,350.03,1.9,26.0,4.0
ORD104310,2025-08-13,9,4,Delivered,227.8,8.6,41.0,3.5
ORD100922,2025-08-13,12,1,Delivered,624.81,4.6,29.0,5.0
ORD104416,2025-08-13,6,7,Delivered,331.47,10.3,47.0,4.0
ORD101496,2025-08-13,13,4,Delivered,178.28,1.2,13.0,4.0
ORD104212,2025-08-13,13,7,Delivered,183.0,1.8,23.0,5.0
ORD100533,2025-08-13,3,1,Refunded,0.0,1.5,18.0,4.0
ORD100477,2025-08-13,21,2,Delivered,273.09,4.5,28.0,5.0
ORD100562,2025-08-13,16,2,Delivered,344.05,9.7,45.0,3.5
ORD102630,2025-08-13,11,2,Delivered,825.75,9.0,39.0,4.0
ORD102764,2025-08-13,1,7,Delivered,592.8,10.3,48.0,3.5
ORD104233,2025-08-13,14,1,Delivered,204.18,6.3,31.0,3.5
ORD101670,2025-08-13,11,3,Delivered,716.69,9.0,41.0,5.0
ORD104186,2025-08-14,18,1,Delivered,579.96,7.0,35.0,4.5
ORD102328,2025-08-14,20,1,Delivered,204.21,10.9,42.0,4.0
ORD102255,2025-08-14,3,4,Delivered,383.86,6.2,34.0,5.0
ORD104232,2025-08-14,4,3,Delivered,255.86,5.5,36.0,4.5
ORD102172,2025-08-14,13,1,Cancelled,0.0,1.2,,
ORD104783,2025-08-14,13,2,Delivered,306.97,9.9,30.0,4.0
ORD103299,2025-08-14,9,5,Delivered,337.83,6.4,31.0,3.5
ORD102402,2025-08-14,2,7,Delivered,472.73,8.4,37.0,3.5
ORD103806,2025-08-14,3,2,Cancelled,0.0,6.5,,
ORD101269,2025-08-14,6,6,Delivered,143.89,11.2,43.0,4.0
ORD103825,2025-08-14,8,1,Delivered,377.47,11.0,45.0,4.0
ORD100797,2025-08-14,8,3,Delivered,324.95,5.8,38.0,4.0
ORD101545,2025-08-14,3,6,Delivered,477.69,9.0,45.0,3.5
ORD101512,2025-08-14,14,1,Delivered,428.01,11.9,44.0,3.5
ORD104956,2025-08-15,19,3,Delivered,253.82,7.4,49.0,3.0
ORD103016,2025-08-15,11,2,Delivered,570.24,11.4,56.0,4.0
ORD101135,2025-08-15,10,8,Delivered,362.83,3.1,28.0,4.0
ORD101997,2025-08-15,3,3,Delivered,417.12,6.5,35.0,4.0
ORD100975,2025-08-15,6,6,Delivered,138.83,5.1,43.0,4.0
ORD104185,2025-08-15,8,1,Delivered,437.76,4.0,29.0,5.0
ORD104258,2025-08-15,12,4,Delivered,343.5,4.3,30.0,5.0
ORD101358,2025-08-15,1,2,Delivered,597.7,7.4,40.0,4.5
ORD103216,2025-08-15,4,3,Delivered,222.41,8.4,54.0,4.0
ORD101841,2025-08-15,6,6,Delivered,195.47,9.1,44.0,4.0
ORD102411,2025-08-15,14,4,Delivered,358.51,6.5,44.0,4.0
ORD100252,2025-08-15,13,1,Delivered,205.36,1.5,22.0,5.0
ORD102793,2025-08-15,10,1,Delivered,563.35,3.7,31.0,4.0
ORD101257,2025-08-15,1,1,Delivered,278.63,7.2,39.0,3.5
ORD104059,2025-08-15,9,5,Delivered,334.19,5.3,30.0,3.5
ORD101050,2025-08-15,18,8,Delivered,400.02,8.9,45.0,4.0
ORD101338,2025-08-15,14,2,Delivered,379.22,9.1,38.0,5.0
ORD100536,2025-08-15,13,1,Delivered,326.26,1.2,16.0,5.0
ORD100662,2025-08-16,5,3,Delivered,235.18,7.4,43.0,3.5
ORD102582,2025-08-16,21,2,Delivered,235.4,5.2,24.0,5.0
ORD100983,2025-08-16,6,5,Delivered,219.13,5.3,35.0,5.0
ORD104793,2025-08-16,11,3,Delivered,475.14,9.5,48.0,4.5
ORD101630,2025-08-16,9,3,Delivered,436.51,9.2,42.0,2.0
ORD102986,2025-08-16,18,5,Delivered,570.86,7.8,41.0,3.5
ORD104709,2025-08-16,13,7,Delivered,231.29,6.2,41.0,3.0
ORD101951,2025-08-17,18,4,Refunded,0.0,8.2,40.0,3.5
ORD101801,2025-08-17,3,2,Cancelled,0.0,6.8,,
ORD102250,2025-08-17,6,7,Delivered,336.36,10.6,49.0,4.5
ORD103727,2025-08-17,8,3,Delivered,214.21,11.0,58.0,4.5
ORD102404,2025-08-17,14,4,Delivered,335.05,8.8,43.0,4.5
ORD101758,2025-08-17,10,5,Delivered,573.48,4.8,35.0,4.0
ORD104173,2025-08-17,7,4,Delivered,395.51,1.9,28.0,5.0
ORD104066,2025-08-17,2,3,Delivered,488.83,9.7,44.0,4.0
ORD101435,2025-08-17,11,3,Cancelled,0.0,7.0,,
ORD100805,2025-08-17,18,5,Delivered,381.5,9.5,30.0,4.0
ORD103061,2025-08-17,6,1,Delivered,178.67,10.4,51.0,3.5
ORD100164,2025-08-17,21,3,Delivered,189.7,8.1,48.0,3.5
ORD102506,2025-08-17,15,3,Delivered,461.33,4.8,40.0,3.5
ORD102396,2025-08-17,10,3,Delivered,814.02,8.1,48.0,4.0
ORD103171,2025-08-17,2,6,Cancelled,0.0,7.9,,
ORD103765,2025-08-18,14,3,Delivered,274.88,5.8,39.0,4.5
ORD102494,2025-08-18,7,5,Delivered,207.1,2.8,28.0,4.0
ORD100475,2025-08-18,2,1,Delivered,271.94,6.6,32.0,3.5
ORD102624,2025-08-18,3,3,Delivered,302.1,7.5,43.0,4.5
ORD102637,2025-08-18,3,6,Cancelled,0.0,2.9,,
ORD100951,2025-08-18,21,1,Delivered,223.47,10.0,46.0,5.0
ORD100712,2025-08-18,3,4,Delivered,600.83,1.0,19.0,5.0
ORD102578,2025-08-18,2,3,Delivered,345.41,2.3,24.0,3.5
ORD100168,2025-08-18,14,1,Delivered,399.93,6.6,45.0,4.0
ORD104352,2025-08-19,14,4,Delivered,390.09,8.5,36.0,4.5
ORD103208,2025-08-19,13,3,Delivered,234.04,3.9,32.0,5.0
ORD101782,2025-08-19,1,1,Delivered,283.82,1.4,22.0,5.0
ORD103387,2025-08-19,13,6,Delivered,429.62,9.9,39.0,3.5
ORD102939,2025-08-19,10,6,Delivered,555.09,7.7,34.0,4.5
ORD103368,2025-08-19,15,3,Cancelled,0.0,5.3,,
ORD100952,2025-08-19,6,8,Pending,132.89,9.8,39.0,
ORD104017,2025-08-19,2,3,Delivered,539.21,2.1,25.0,4.0
ORD101845,2025-08-19,1,5,Delivered,472.0,4.8,27.0,5.0
ORD102752,2025-08-19,13,1,Delivered,332.09,7.6,41.0,4.5
ORD104184,2025-08-19,8,3,Delivered,210.81,3.0,32.0,4.0
ORD100902,2025-08-19,1,3,Delivered,626.52,2.7,36.0,3.5
ORD102276,2025-08-20,17,3,Delivered,507.11,8.8,42.0,3.0
ORD100598,2025-08-20,15,8,Delivered,266.96,6.7,39.0,4.0
ORD100972,2025-08-20,3,4,Delivered,466.03,9.9,38.0,3.0
ORD102898,2025-08-20,9,5,Delivered,446.28,7.7,33.0,3.5
ORD100250,2025-08-20,15,4,Delivered,189.97,8.1,32.0,4.5
ORD101110,2025-08-20,2,3,Delivered,460.52,8.6,37.0,5.0
ORD103823,2025-08-20,3,4,Delivered,378.92,5.9,28.0,4.0
ORD100774,2025-08-20,13,3,Delivered,217.51,7.5,53.0,3.5
ORD101805,2025-08-20,14,3,Delivered,277.35,3.1,31.0,4.0
ORD100071,2025-08-20,2,2,Refunded,0.0,1.3,28.0,3.5
ORD100368,2025-08-20,1,3,Delivered,301.54,3.0,26.0,3.5
ORD100351,2025-08-20,14,8,Delivered,440.57,6.5,45.0,5.0
ORD101152,2025-08-20,3,2,Delivered,495.48,9.2,42.0,4.5
ORD101196,2025-08-20,1,6,Delivered,523.45,6.4,31.0,5.0
ORD101005,2025-08-21,18,3,Delivered,458.37,3.5,37.0,4.0
ORD104284,2025-08-21,4,7,Delivered,233.57,6.5,33.0,4.5
ORD103262,2025-08-21,5,4,Delivered,350.73,1.0,23.0,3.5
ORD102824,2025-08-21,10,3,Delivered,408.95,1.2,21.0,4.5
ORD100046,2025-08-21,13,2,Delivered,408.69,5.0,30.0,5.0
ORD103122,2025-08-21,3,1,Delivered,552.96,8.7,36.0,4.0
ORD100916,2025-08-21,5,6,Cancelled,0.0,9.4,,
ORD101633,2025-08-21,6,6,Delivered,253.48,3.9,32.0,3.5
ORD102741,2025-08-21,2,2,Delivered,368.15,11.6,48.0,5.0
ORD104592,2025-08-21,14,4,Delivered,295.72,7.5,34.0,4.5
ORD100534,2025-08-21,1,3,Delivered,454.57,10.4,56.0,4.5
ORD101087,2025-08-21,17,6,Delivered,677.39,2.7,20.0,5.0
ORD102479,2025-08-21,11,3,Delivered,364.39,5.2,35.0,3.5
ORD100743,2025-08-21,9,7,Delivered,307.91,5.4,28.0,4.0
ORD102457,2025-08-21,16,2,Delivered,494.79,9.2,39.0,4.0
ORD102015,2025-08-22,11,6,Delivered,798.38,3.2,26.0,5.0
ORD102907,2025-08-22,14,1,Delivered,394.42,9.7,54.0,3.5
ORD104252,2025-08-22,4,3,Delivered,264.29,4.1,29.0,5.0
ORD104958,2025-08-22,18,1,Delivered,636.64,11.7,54.0,3.5
ORD103085,2025-08-22,14,2,Delivered,454.84,9.8,41.0,4.5
ORD104631,2025-08-22,3,5,Pending,424.89,8.4,46.0,
ORD100489,2025-08-22,13,1,Delivered,441.39,11.6,42.0,4.5
ORD103094,2025-08-22,6,3,Delivered,274.42,3.8,32.0,4.0
ORD102942,2025-08-22,4,6,Delivered,157.68,4.6,23.0,4.5
ORD101642,2025-08-22,15,2,Delivered,409.52,4.8,26.0,5.0
ORD102758,2025-08-22,19,1,Delivered,191.07,8.5,35.0,4.5
ORD100866,2025-08-22,15,3,Delivered,284.16,4.5,38.0,3.0
ORD102711,2025-08-23,20,3,Delivered,356.73,6.9,42.0,4.0
ORD102601,2025-08-23,10,1,Cancelled,0.0,2.5,,
ORD104219,2025-08-23,2,1,Delivered,373.8,6.2,33.0,5.0
ORD102579,2025-08-23,17,7,Delivered,441.02,6.5,37.0,5.0
ORD100476,2025-08-23,2,6,Delivered,635.55,11.5,47.0,4.5
ORD104152,2025-08-23,10,5,Cancelled,0.0,10.4,,
ORD104137,2025-08-23,18,6,Delivered,399.78,2.6,24.0,4.5
ORD104062,2025-08-23,13,3,Delivered,374.32,9.6,44.0,3.5
ORD104686,2025-08-23,9,4,Delivered,220.66,8.6,45.0,3.5
ORD103065,2025-08-23,13,1,Cancelled,0.0,1.8,,
ORD103047,2025-08-24,2,3,Delivered,356.39,3.9,43.0,4.0
ORD104784,2025-08-24,1,8,Delivered,365.59,9.8,40.0,4.5
ORD102965,2025-08-24,2,1,Delivered,577.92,6.6,35.0,2.5
ORD101401,2025-08-24,8,5,Delivered,249.8,10.8,43.0,5.0
ORD103206,2025-08-24,10,6,Delivered,598.58,8.3,36.0,3.5
ORD101804,2025-08-24,13,5,Pending,395.42,11.2,46.0,
ORD103304,2025-08-24,3,7,Delivered,497.68,1.6,12.0,5.0
ORD103781,2025-08-25,2,2,Pending,349.54,5.2,23.0,
ORD101709,2025-08-25,11,6,Cancelled,0.0,6.0,,
ORD102473,2025-08-25,14,8,Delivered,365.12,8.9,38.0,5.0
ORD101952,2025-08-25,8,8,Delivered,244.33,8.0,42.0,3.5
ORD100794,2025-08-25,3,5,Delivered,570.7,6.3,44.0,3.5
ORD101658,2025-08-25,8,2,Delivered,338.33,11.9,49.0,4.0
ORD104583,2025-08-25,3,1,Delivered,402.46,10.2,41.0,4.0
ORD104133,2025-08-25,18,5,Delivered,308.94,2.7,24.0,4.5
ORD100979,2025-08-26,14,7,Delivered,314.51,3.8,34.0,4.0
ORD100167,2025-08-26,15,3,Delivered,349.58,5.0,27.0,4.0
ORD102975,2025-08-26,1,1,Delivered,418.96,3.4,33.0,5.0
ORD100661,2025-08-26,20,3,Delivered,182.9,5.2,37.0,5.0
ORD104906,2025-08-26,6,4,Delivered,132.53,5.2,21.0,4.5
ORD102050,2025-08-26,2,1,Delivered,365.43,10.0,50.0,3.5
ORD100992,2025-08-26,3,6,Delivered,466.38,9.9,45.0,4.5
ORD103330,2025-08-26,10,2,Delivered,610.45,10.6,45.0,3.5
ORD100883,2025-08-26,13,3,Delivered,460.46,10.9,56.0,3.5
ORD102273,2025-08-26,10,5,Delivered,504.91,10.0,45.0,3.5
ORD104741,2025-08-26,5,7,Delivered,149.4,11.1,36.0,4.5
ORD101547,2025-08-26,6,1,Delivered,237.33,10.4,48.0,4.5
ORD104869,2025-08-26,18,2,Delivered,394.18,11.9,41.0,3.5
ORD100391,2025-08-26,4,7,Delivered,254.27,7.1,41.0,4.0
ORD100618,2025-08-26,5,3,Delivered,167.49,8.5,45.0,3.5
ORD101023,2025-08-26,6,6,Delivered,148.22,2.2,23.0,5.0
ORD104432,2025-08-27,11,3,Delivered,598.61,4.4,37.0,3.5
ORD100065,2025-08-27,5,2,Delivered,147.96,5.7,35.0,4.5
ORD100995,2025-08-27,13,2,Delivered,360.58,3.7,22.0,4.0
ORD101968,2025-08-27,18,8,Delivered,324.29,6.8,38.0,3.5
ORD103466,2025-08-27,9,4,Delivered,490.01,1.6,23.0,4.0
ORD103697,2025-08-27,8,6,Delivered,510.46,2.2,24.0,5.0
ORD101405,2025-08-27,2,3,Delivered,416.28,11.2,59.0,4.0
ORD101920,2025-08-27,18,3,Delivered,519.43,9.2,48.0,4.0
ORD102716,2025-08-27,16,1,Delivered,521.17,9.1,45.0,3.0
ORD104916,2025-08-27,6,4,Delivered,289.07,11.2,55.0,3.5
ORD100517,2025-08-27,14,2,Pending,416.42,2.6,27.0,
ORD103872,2025-08-27,2,1,Delivered,479.58,2.2,31.0,4.0
ORD104558,2025-08-27,5,3,Delivered,344.73,1.4,27.0,4.0
ORD104287,2025-08-27,3,6,Delivered,655.36,10.0,46.0,4.0
ORD101172,2025-08-27,10,4,Delivered,357.03,9.2,41.0,2.5
ORD100796,2025-08-27,1,1,Delivered,312.44,4.0,26.0,5.0
ORD102423,2025-08-27,5,1,Delivered,220.45,10.6,43.0,3.5
ORD101868,2025-08-27,1,5,Pending,527.88,8.2,38.0,
ORD101482,2025-08-27,13,3,Delivered,248.99,5.5,42.0,4.0
ORD101136,2025-08-27,16,8,Delivered,505.62,2.7,35.0,4.5
ORD103698,2025-08-28,4,5,Cancelled,0.0,3.3,,
ORD104966,2025-08-28,21,6,Delivered,285.01,2.7,26.0,4.5
ORD103292,2025-08-28,10,3,Delivered,414.44,11.6,41.0,3.5
ORD101980,2025-08-28,1,8,Delivered,358.13,2.9,39.0,4.5
ORD101382,2025-08-28,12,3,Delivered,425.37,8.5,37.0,4.0
ORD104058,2025-08-28,21,2,Delivered,399.27,5.3,35.0,4.5
ORD101041,2025-08-28,16,3,Refunded,0.0,3.0,31.0,4.5
ORD101814,2025-08-28,2,4,Pending,364.13,7.2,30.0,
ORD100677,2025-08-28,3,5,Delivered,463.27,4.9,19.0,4.5
ORD103568,2025-08-28,15,3,Delivered,271.81,11.1,48.0,4.0
ORD104245,2025-08-28,13,3,Delivered,398.06,11.2,41.0,5.0
ORD102162,2025-08-28,17,1,Delivered,637.15,2.2,25.0,4.5
ORD103148,2025-08-28,13,4,Delivered,324.69,6.0,33.0,4.0
ORD104582,2025-08-28,4,2,Delivered,327.38,6.6,31.0,3.5
ORD102134,2025-08-29,1,2,Delivered,333.98,5.5,41.0,4.0
ORD103583,2025-08-29,4,7,Delivered,252.43,11.3,50.0,4.5
ORD101629,2025-08-29,15,1,Delivered,174.9,5.9,29.0,4.0
ORD103184,2025-08-29,13,6,Delivered,279.08,6.5,43.0,3.0
ORD101666,2025-08-29,17,1,Refunded,0.0,7.9,41.0,4.5
ORD101692,2025-08-29,3,6,Cancelled,0.0,1.4,,
ORD102825,2025-08-29,15,3,Delivered,289.44,11.4,57.0,3.5
ORD102395,2025-08-29,15,2,Delivered,383.98,11.4,53.0,4.0
ORD100589,2025-08-29,19,5,Delivered,323.94,6.2,39.0,3.0
ORD100229,2025-08-29,4,1,Delivered,143.21,2.1,34.0,4.0
ORD101665,2025-08-29,16,6,Pending,281.0,11.6,49.0,
ORD101305,2025-08-29,4,5,Delivered,166.3,2.3,28.0,4.5
ORD102850,2025-08-29,13,7,Delivered,296.26,11.1,47.0,3.5
ORD104250,2025-08-29,13,5,Refunded,0.0,11.1,40.0,3.5
ORD104720,2025-08-30,13,1,Refunded,0.0,11.9,51.0,4.5
ORD100095,2025-08-30,3,5,Delivered,391.92,1.4,27.0,4.0
ORD101610,2025-08-30,5,3,Cancelled,0.0,4.9,,
ORD102485,2025-08-30,10,5,Delivered,652.68,5.3,36.0,4.5
ORD103647,2025-08-30,8,2,Delivered,384.92,9.9,55.0,3.5
ORD101724,2025-08-30,11,5,Delivered,433.36,11.1,40.0,4.0
ORD100277,2025-08-30,13,2,Delivered,298.82,11.3,51.0,4.0
ORD100342,2025-08-30,11,1,Cancelled,0.0,3.7,,
ORD100178,2025-08-30,10,6,Delivered,587.92,11.2,61.0,3.5
ORD100099,2025-08-31,13,8,Delivered,241.0,7.9,39.0,3.0
ORD100659,2025-08-31,12,3,Delivered,828.91,4.5,38.0,5.0
ORD100656,2025-08-31,14,6,Delivered,383.94,6.3,31.0,5.0
ORD104439,2025-08-31,1,1,Delivered,352.13,10.7,42.0,4.5
ORD103913,2025-08-31,21,8,Delivered,253.01,7.0,37.0,4.5
ORD104378,2025-08-31,4,6,Delivered,171.66,1.5,29.0,4.0
ORD104034,2025-08-31,4,1,Delivered,270.11,10.2,40.0,4.5
ORD101854,2025-08-31,12,1,Delivered,469.43,8.7,40.0,4.0
ORD103720,2025-08-31,3,1,Delivered,404.41,6.5,27.0,4.5
ORD100161,2025-08-31,8,4,Delivered,533.04,8.7,38.0,4.5
ORD104861,2025-08-31,10,5,Delivered,317.24,1.7,18.0,5.0
ORD100055,2025-08-31,16,8,Delivered,723.93,10.6,45.0,3.5
ORD104846,2025-09-01,16,8,Delivered,330.2,8.5,42.0,2.5
ORD101737,2025-09-01,18,3,Delivered,633.49,2.2,24.0,3.5
ORD101721,2025-09-01,1,1,Delivered,418.08,2.1,25.0,4.5
ORD104303,2025-09-01,14,1,Delivered,314.0,10.2,37.0,4.5
ORD104803,2025-09-01,2,3,Delivered,454.02,4.4,44.0,3.5
ORD100851,2025-09-01,13,2,Delivered,328.53,3.5,34.0,4.0
ORD100225,2025-09-01,10,7,Delivered,508.96,11.3,46.0,3.0
ORD102613,2025-09-01,10,1,Delivered,323.87,3.0,20.0,4.5
ORD104312,2025-09-01,6,3,Delivered,141.11,4.3,28.0,4.5
ORD104503,2025-09-01,5,3,Refunded,0.0,3.1,35.0,4.0
ORD102116,2025-09-01,18,2,Delivered,358.39,10.3,49.0,2.5
ORD102251,2025-09-01,20,8,Delivered,330.2,7.1,40.0,4.5
ORD101317,2025-09-02,6,3,Delivered,295.99,9.9,52.0,3.5
ORD100919,2025-09-02,18,2,Delivered,525.45,7.9,29.0,3.5
ORD103309,2025-09-02,5,1,Delivered,232.11,1.9,27.0,3.0
ORD103029,2025-09-02,10,3,Delivered,527.16,7.1,38.0,5.0
ORD100031,2025-09-02,18,5,Delivered,510.42,9.6,51.0,4.0
ORD100200,2025-09-02,6,3,Delivered,183.66,9.2,45.0,5.0
ORD102160,2025-09-02,1,1,Delivered,348.43,2.1,14.0,5.0
ORD104346,2025-09-02,6,2,Refunded,0.0,11.8,48.0,5.0
ORD102644,2025-09-02,13,5,Delivered,259.31,8.6,32.0,4.0
ORD103614,2025-09-02,14,5,Delivered,181.02,10.2,41.0,4.5
ORD103571,2025-09-02,15,3,Delivered,351.67,4.9,31.0,3.5
ORD100692,2025-09-02,16,1,Delivered,614.03,9.4,35.0,4.0
ORD101887,2025-09-03,16,1,Delivered,557.31,3.3,29.0,4.0
ORD102487,2025-09-03,17,8,Delivered,624.52,9.4,39.0,4.0
ORD104817,2025-09-03,10,4,Delivered,464.7,1.4,15.0,5.0
ORD102201,2025-09-03,2,2,Delivered,458.94,9.6,45.0,3.0
ORD100226,2025-09-03,7,4,Delivered,393.14,4.7,33.0,4.5
ORD102321,2025-09-03,6,7,Delivered,200.2,3.8,33.0,5.0
ORD101483,2025-09-03,15,2,Delivered,447.5,6.4,27.0,4.5
ORD104443,2025-09-03,14,7,Delivered,204.4,4.7,24.0,5.0
ORD101162,2025-09-03,1,6,Delivered,373.18,11.6,40.0,4.5
ORD104037,2025-09-03,8,4,Delivered,374.57,5.9,33.0,5.0
ORD102798,2025-09-03,9,2,Delivered,361.11,10.2,40.0,4.0
ORD104467,2025-09-03,11,5,Delivered,784.0,2.3,30.0,3.0
ORD104827,2025-09-04,17,1,Delivered,630.03,1.9,20.0,5.0
ORD103458,2025-09-04,10,2,Pending,675.7,9.1,33.0,
ORD103165,2025-09-04,1,4,Delivered,559.57,10.4,40.0,4.5
ORD100869,2025-09-04,12,1,Delivered,648.88,2.9,28.0,4.0
ORD104658,2025-09-04,1,3,Delivered,343.18,4.1,33.0,5.0
ORD104569,2025-09-04,1,2,Pending,456.59,8.3,35.0,
ORD104555,2025-09-04,8,4,Delivered,487.1,6.3,35.0,4.0
ORD102016,2025-09-04,9,8,Delivered,272.48,6.2,37.0,3.5
ORD101039,2025-09-04,18,6,Cancelled,0.0,8.2,,
ORD101081,2025-09-04,19,2,Delivered,192.03,9.8,41.0,5.0
ORD103310,2025-09-04,13,5,Refunded,0.0,1.6,33.0,5.0
ORD101744,2025-09-04,5,2,Pending,330.69,6.3,39.0,
ORD102680,2025-09-04,15,5,Delivered,328.04,10.7,50.0,3.5
ORD101159,2025-09-04,17,3,Delivered,401.12,6.0,32.0,4.5
ORD104238,2025-09-05,18,2,Delivered,402.94,9.9,44.0,3.5
ORD102811,2025-09-05,12,4,Delivered,314.0,3.5,23.0,4.5
ORD101079,2025-09-05,20,2,Delivered,224.96,6.9,34.0,4.0
ORD100316,2025-09-05,11,1,Delivered,780.09,4.2,23.0,3.5
ORD104234,2025-09-05,1,5,Delivered,448.25,8.7,42.0,5.0
ORD102655,2025-09-05,5,5,Delivered,165.83,3.4,29.0,4.0
ORD100180,2025-09-05,20,5,Delivered,255.41,10.2,33.0,5.0
ORD103125,2025-09-05,8,4,Delivered,290.27,3.2,36.0,5.0
ORD103482,2025-09-05,18,1,Delivered,343.22,5.6,31.0,2.5
ORD104659,2025-09-05,3,7,Pending,625.47,5.4,32.0,
ORD101056,2025-09-05,3,6,Pending,401.15,6.4,35.0,
ORD100570,2025-09-05,2,2,Delivered,351.22,1.2,16.0,4.5
ORD102919,2025-09-05,11,7,Delivered,611.67,4.6,30.0,4.5
ORD101677,2025-09-05,17,2,Delivered,664.5,5.9,36.0,4.5
ORD104617,2025-09-06,17,1,Delivered,501.05,8.3,36.0,2.5
ORD101623,2025-09-06,13,5,Delivered,445.63,11.1,39.0,4.0
ORD102175,2025-09-06,1,4,Delivered,647.14,5.3,31.0,4.5
ORD104885,2025-09-06,8,5,Delivered,406.15,3.1,30.0,4.5
ORD103986,2025-09-06,8,4,Delivered,439.38,8.0,45.0,3.5
ORD100433,2025-09-06,11,4,Cancelled,0.0,8.0,,
ORD102038,2025-09-06,2,5,Delivered,262.27,2.8,22.0,4.5
ORD101390,2025-09-06,1,3,Delivered,467.83,2.1,34.0,4.0
ORD100664,2025-09-06,1,1,Delivered,520.16,12.0,54.0,3.0
ORD101231,2025-09-07,18,1,Delivered,415.68,7.8,31.0,3.0
ORD103083,2025-09-07,13,6,Delivered,438.46,6.0,30.0,4.5
ORD100045,2025-09-07,7,3,Delivered,214.48,10.8,41.0,3.5
ORD104729,2025-09-07,13,5,Delivered,302.28,2.3,18.0,5.0
ORD100650,2025-09-07,20,3,Delivered,386.88,5.2,27.0,4.5
ORD101456,2025-09-07,9,1,Delivered,337.58,4.0,28.0,4.0
ORD104684,2025-09-07,15,6,Delivered,437.57,8.6,35.0,5.0
ORD101385,2025-09-07,15,6,Refunded,0.0,7.3,38.0,2.5
ORD100015,2025-09-07,18,3,Delivered,338.87,2.2,34.0,4.0
ORD103683,2025-09-07,7,3,Delivered,260.62,11.1,45.0,2.0
ORD100123,2025-09-07,1,5,Delivered,284.43,10.9,42.0,4.0
ORD101877,2025-09-07,1,8,Delivered,425.23,5.2,32.0,5.0
ORD102992,2025-09-07,1,8,Delivered,425.63,3.2,24.0,5.0
ORD104831,2025-09-07,5,3,Delivered,346.1,11.8,51.0,3.5
ORD100026,2025-09-08,8,2,Delivered,282.1,11.9,50.0,4.0
ORD104600,2025-09-08,12,4,Delivered,643.15,3.9,30.0,4.0
ORD103496,2025-09-08,6,2,Delivered,267.85,4.6,32.0,5.0
ORD103150,2025-09-08,17,4,Delivered,301.22,4.4,26.0,4.0
ORD100503,2025-09-08,2,3,Refunded,0.0,10.6,45.0,2.5
ORD100862,2025-09-08,6,3,Pending,211.16,11.2,48.0,
ORD100488,2025-09-08,2,7,Cancelled,0.0,3.6,,
ORD101765,2025-09-08,15,1,Delivered,191.27,4.2,24.0,5.0
ORD102964,2025-09-08,6,1,Delivered,276.93,6.1,32.0,4.0
ORD101866,2025-09-08,17,8,Delivered,290.33,3.0,22.0,5.0
ORD101262,2025-09-08,20,4,Delivered,269.99,9.6,29.0,5.0
ORD100632,2025-09-08,14,5,Delivered,350.28,6.3,36.0,4.5
ORD103915,2025-09-08,6,3,Cancelled,0.0,3.5,,
ORD103867,2025-09-09,18,1,Delivered,305.48,2.4,21.0,4.5
ORD102249,2025-09-09,6,1,Delivered,237.16,10.7,43.0,4.0
ORD103335,2025-09-09,19,4,Delivered,196.72,3.6,24.0,5.0
ORD100931,2025-09-09,16,4,Delivered,548.42,3.7,34.0,4.5
ORD100464,2025-09-09,5,5,Refunded,0.0,3.9,21.0,4.0
ORD104880,2025-09-09,14,4,Delivered,285.21,6.0,29.0,5.0
ORD102974,2025-09-09,16,3,Delivered,457.51,1.4,33.0,4.0
ORD104400,2025-09-09,16,4,Cancelled,0.0,9.3,,
ORD102961,2025-09-09,9,7,Delivered,471.9,1.8,19.0,4.0
ORD104466,2025-09-09,3,3,Cancelled,0.0,7.8,,
ORD103341,2025-09-09,3,3,Delivered,476.3,7.5,55.0,4.0
ORD100759,2025-09-10,3,2,Delivered,356.88,8.2,37.0,5.0
ORD103303,2025-09-10,8,3,Delivered,396.66,4.3,39.0,4.5
ORD104225,2025-09-10,20,4,Delivered,387.6,5.1,29.0,3.5
ORD104015,2025-09-10,19,4,Delivered,334.21,6.0,35.0,3.5
ORD103790,2025-09-10,14,6,Cancelled,0.0,2.4,,
ORD104598,2025-09-10,14,7,Delivered,424.65,2.3,21.0,5.0
ORD103972,2025-09-10,3,5,Delivered,401.19,10.0,43.0,4.0
ORD100962,2025-09-10,13,6,Refunded,0.0,3.3,22.0,4.5
ORD104045,2025-09-10,15,1,Delivered,338.38,10.0,41.0,3.5
ORD102079,2025-09-10,17,2,Delivered,672.2,8.7,38.0,3.5
ORD101318,2025-09-10,14,2,Delivered,453.4,3.1,20.0,5.0
ORD103938,2025-09-11,17,7,Delivered,518.22,8.5,45.0,3.5
ORD102990,2025-09-11,1,1,Delivered,363.35,9.7,49.0,4.0
ORD104428,2025-09-11,1,1,Delivered,450.51,11.1,41.0,4.0
ORD100322,2025-09-11,4,1,Delivered,246.93,2.6,17.0,5.0
ORD103218,2025-09-11,15,5,Delivered,305.95,6.3,33.0,4.0
ORD104642,2025-09-11,8,2,Delivered,435.73,2.0,15.0,5.0
ORD100527,2025-09-11,11,8,Delivered,714.32,8.3,42.0,4.0
ORD100116,2025-09-12,13,4,Delivered,277.35,5.3,33.0,3.5
ORD101712,2025-09-12,21,5,Delivered,220.72,2.7,29.0,4.5
ORD100110,2025-09-12,15,2,Delivered,269.33,2.6,31.0,4.5
ORD100707,2025-09-12,13,1,Delivered,182.46,7.0,41.0,4.0
ORD103926,2025-09-12,11,4,Delivered,342.24,7.7,46.0,4.0
ORD104977,2025-09-12,4,3,Delivered,327.76,7.3,36.0,3.5
ORD104259,2025-09-12,6,1,Delivered,190.28,9.2,43.0,4.5
ORD104837,2025-09-12,10,8,Delivered,561.51,6.1,48.0,2.5
ORD103724,2025-09-12,2,8,Delivered,548.23,8.8,48.0,3.0
ORD104553,2025-09-12,11,4,Delivered,576.13,5.1,24.0,4.5
ORD104029,2025-09-12,3,1,Refunded,0.0,10.6,43.0,5.0
ORD103749,2025-09-12,12,4,Delivered,528.75,10.2,38.0,5.0
ORD101060,2025-09-13,4,7,Delivered,345.48,7.9,53.0,5.0
ORD104353,2025-09-13,19,1,Delivered,180.92,10.5,49.0,5.0
ORD101828,2025-09-13,10,4,Cancelled,0.0,7.1,,
ORD101803,2025-09-13,5,1,Delivered,332.07,5.3,41.0,3.5
ORD100751,2025-09-13,14,3,Delivered,411.09,5.1,39.0,4.5
ORD101095,2025-09-13,19,3,Delivered,196.3,1.9,31.0,5.0
ORD101768,2025-09-13,3,3,Delivered,664.3,5.6,42.0,4.5
ORD101415,2025-09-13,4,7,Delivered,309.68,3.6,36.0,4.0
ORD100133,2025-09-13,10,3,Delivered,743.14,10.7,39.0,4.0
ORD101964,2025-09-13,4,4,Delivered,349.22,1.4,27.0,5.0
ORD100000,2025-09-13,21,3,Pending,326.74,9.5,48.0,
ORD102567,2025-09-13,2,3,Delivered,613.28,2.3,30.0,3.5
ORD100036,2025-09-13,21,7,Delivered,311.98,11.1,53.0,3.5
ORD103787,2025-09-14,19,1,Delivered,216.08,11.5,33.0,3.5
ORD103265,2025-09-14,11,7,Delivered,536.81,3.7,33.0,4.5
ORD101304,2025-09-14,1,3,Delivered,468.89,3.1,28.0,5.0
ORD104158,2025-09-14,20,5,Delivered,294.26,5.4,33.0,4.0
ORD101751,2025-09-14,8,3,Delivered,245.37,2.1,26.0,4.5
ORD100792,2025-09-14,1,1,Delivered,392.54,7.8,34.0,5.0
ORD101780,2025-09-15,4,7,Delivered,308.04,9.5,41.0,5.0
ORD100863,2025-09-15,4,3,Delivered,334.03,5.4,35.0,3.5
ORD103786,2025-09-15,18,2,Delivered,351.93,9.9,37.0,5.0
ORD103691,2025-09-15,13,2,Delivered,416.34,2.1,16.0,4.5
ORD102240,2025-09-15,17,5,Delivered,287.05,10.4,46.0,3.5
ORD102344,2025-09-15,18,3,Delivered,445.4,10.6,56.0,2.5
ORD103447,2025-09-15,4,4,Delivered,248.45,4.4,33.0,5.0
ORD102949,2025-09-15,15,7,Delivered,218.92,2.5,29.0,3.0
ORD101256,2025-09-15,9,1,Delivered,513.52,11.9,48.0,3.5
ORD100846,2025-09-15,15,2,Delivered,415.4,10.4,39.0,2.5
ORD102535,2025-09-15,4,2,Delivered,182.54,5.9,33.0,5.0
ORD103757,2025-09-15,9,2,Delivered,262.98,11.1,49.0,3.0
ORD102287,2025-09-15,1,2,Delivered,569.86,3.4,22.0,4.5
ORD104812,2025-09-15,17,3,Delivered,682.61,2.3,31.0,4.0
ORD102490,2025-09-15,21,1,Delivered,294.88,11.4,39.0,4.5
ORD100057,2025-09-15,1,4,Delivered,385.36,2.4,30.0,4.5
ORD104473,2025-09-16,13,5,Delivered,271.95,2.9,26.0,4.0
ORD103264,2025-09-16,4,4,Cancelled,0.0,11.5,,
ORD104981,2025-09-16,14,4,Delivered,360.72,5.5,25.0,5.0
ORD102309,2025-09-16,13,6,Cancelled,0.0,6.4,,
ORD103052,2025-09-16,1,3,Delivered,447.51,3.8,42.0,4.5
ORD104776,2025-09-16,8,1,Delivered,257.87,7.7,47.0,3.5
ORD104513,2025-09-16,12,3,Delivered,345.15,5.7,33.0,4.5
ORD103884,2025-09-16,18,7,Delivered,577.1,9.8,38.0,4.5
ORD103799,2025-09-16,3,6,Delivered,670.31,7.9,51.0,4.0
ORD101308,2025-09-16,18,1,Delivered,503.66,1.2,26.0,4.5
ORD100425,2025-09-16,11,1,Delivered,810.34,10.1,51.0,3.0
ORD104607,2025-09-16,18,3,Delivered,494.59,9.8,44.0,4.0
ORD102323,2025-09-16,14,5,Delivered,308.11,11.3,51.0,4.0
ORD103777,2025-09-16,12,6,Delivered,338.4,8.3,38.0,4.0
ORD104821,2025-09-16,14,6,Delivered,193.21,6.5,27.0,5.0
ORD103793,2025-09-17,4,1,Delivered,190.45,7.5,33.0,5.0
ORD101990,2025-09-17,17,2,Cancelled,0.0,8.4,,
ORD103213,2025-09-17,18,5,Delivered,688.54,10.0,38.0,2.5
ORD103746,2025-09-17,6,7,Delivered,228.0,3.6,32.0,3.5
ORD101070,2025-09-17,2,3,Pending,669.52,10.1,50.0,
ORD103493,2025-09-17,10,2,Pending,464.79,9.6,42.0,
ORD100723,2025-09-17,16,4,Delivered,587.12,8.4,28.0,5.0
ORD102858,2025-09-17,13,4,Refunded,0.0,3.2,28.0,4.0
ORD104850,2025-09-17,8,1,Delivered,374.75,4.7,22.0,5.0
ORD101857,2025-09-17,6,3,Delivered,345.26,10.5,46.0,4.0
ORD101554,2025-09-17,14,6,Delivered,372.42,1.8,25.0,5.0
ORD101240,2025-09-17,20,1,Delivered,285.78,9.7,49.0,4.0
ORD104917,2025-09-17,14,5,Delivered,244.72,2.0,24.0,4.0
ORD103202,2025-09-17,14,7,Delivered,229.54,4.9,29.0,5.0
ORD101945,2025-09-18,11,5,Delivered,520.49,10.0,54.0,3.0
ORD103664,2025-09-18,9,2,Cancelled,0.0,11.5,,
ORD104601,2025-09-18,15,3,Delivered,370.85,6.1,39.0,4.5
ORD103495,2025-09-18,11,4,Delivered,700.48,3.8,33.0,4.0
ORD102605,2025-09-18,4,4,Delivered,279.98,11.8,48.0,3.5
ORD101696,2025-09-18,15,8,Delivered,420.04,11.4,55.0,3.5
ORD104343,2025-09-18,7,2,Delivered,455.92,5.2,39.0,4.5
ORD103555,2025-09-18,8,2,Delivered,356.2,10.8,39.0,4.0
ORD103455,2025-09-18,13,1,Delivered,316.54,1.7,26.0,4.0
ORD104364,2025-09-18,9,3,Delivered,323.24,3.7,36.0,3.5
ORD100973,2025-09-18,7,6,Delivered,448.37,11.0,38.0,4.5
ORD102946,2025-09-18,5,3,Delivered,281.47,7.0,45.0,3.0
ORD100621,2025-09-19,18,6,Delivered,306.67,2.7,28.0,2.5
ORD100328,2025-09-19,1,3,Pending,357.81,2.7,21.0,
ORD100112,2025-09-19,12,3,Delivered,524.35,2.7,32.0,4.5
ORD100140,2025-09-19,17,3,Refunded,0.0,11.3,50.0,3.5
ORD101083,2025-09-19,13,3,Pending,272.98,8.6,48.0,
ORD102432,2025-09-19,2,6,Delivered,363.88,2.3,27.0,4.0
ORD101368,2025-09-19,3,6,Delivered,289.41,4.7,32.0,4.0
ORD104365,2025-09-19,4,4,Refunded,0.0,6.5,43.0,3.5
ORD104918,2025-09-19,18,2,Delivered,290.62,11.4,50.0,3.0
ORD102468,2025-09-19,15,2,Delivered,398.34,8.5,37.0,4.5
ORD101703,2025-09-20,21,4,Delivered,225.62,4.8,30.0,5.0
ORD100298,2025-09-20,2,2,Cancelled,0.0,6.6,,
ORD104843,2025-09-20,3,5,Delivered,622.49,7.3,36.0,5.0
ORD104925,2025-09-20,16,1,Delivered,293.57,9.1,40.0,3.5
ORD102456,2025-09-20,17,8,Pending,589.94,4.5,37.0,
ORD101662,2025-09-20,17,3,Delivered,395.39,9.7,50.0,4.0
ORD100160,2025-09-20,2,2,Delivered,275.17,10.4,58.0,3.5
ORD101761,2025-09-20,5,4,Delivered,267.32,9.5,47.0,3.0
ORD101431,2025-09-20,16,5,Delivered,508.35,1.6,35.0,3.5
ORD101563,2025-09-20,9,3,Delivered,332.26,6.0,47.0,4.0
ORD104023,2025-09-20,20,3,Delivered,397.62,11.8,61.0,3.5
ORD102556,2025-09-20,4,3,Delivered,288.68,4.9,31.0,4.0
ORD104060,2025-09-20,8,8,Delivered,216.2,7.2,43.0,3.5
ORD103661,2025-09-20,1,3,Delivered,529.21,9.4,38.0,4.0
ORD104707,2025-09-20,1,1,Delivered,295.4,9.0,38.0,3.5
ORD102472,2025-09-20,3,2,Delivered,669.99,11.9,59.0,4.0
ORD100980,2025-09-21,14,1,Delivered,263.36,3.1,19.0,5.0
ORD100909,2025-09-21,2,3,Delivered,371.2,9.1,39.0,4.5
ORD101341,2025-09-21,3,7,Cancelled,0.0,1.7,,
ORD103270,2025-09-21,14,7,Delivered,269.74,7.8,37.0,5.0
ORD103638,2025-09-21,4,5,Delivered,195.66,7.6,38.0,4.0
ORD103017,2025-09-21,14,4,Delivered,367.36,4.2,24.0,4.5
ORD104272,2025-09-21,3,3,Delivered,565.62,4.3,35.0,4.0
ORD100586,2025-09-21,11,2,Delivered,472.04,11.6,52.0,4.0
ORD103095,2025-09-21,7,6,Delivered,510.67,9.2,48.0,4.5
ORD102818,2025-09-21,1,4,Pending,526.41,7.3,38.0,
ORD100109,2025-09-21,2,3,Delivered,383.61,11.2,44.0,3.0
ORD103665,2025-09-21,15,6,Delivered,296.05,1.7,29.0,4.5
ORD100150,2025-09-21,14,4,Delivered,458.71,6.9,40.0,4.5
ORD102430,2025-09-21,20,7,Cancelled,0.0,2.9,,
ORD102361,2025-09-22,9,7,Delivered,238.87,4.8,24.0,3.0
ORD104545,2025-09-22,8,4,Delivered,265.92,4.1,25.0,5.0
ORD100542,2025-09-22,13,6,Delivered,444.73,4.5,24.0,4.0
ORD100354,2025-09-22,4,5,Delivered,226.81,9.9,42.0,4.0
ORD103415,2025-09-22,2,3,Cancelled,0.0,8.9,,
ORD101306,2025-09-22,3,1,Delivered,272.92,6.8,25.0,4.5
ORD103079,2025-09-22,3,1,Delivered,392.3,7.4,45.0,4.5
ORD100537,2025-09-22,11,1,Delivered,518.6,2.5,25.0,5.0
ORD103881,2025-09-22,15,8,Delivered,295.1,8.4,41.0,4.0
ORD100923,2025-09-22,6,7,Delivered,201.01,7.2,34.0,4.0
ORD101365,2025-09-22,13,8,Delivered,265.79,9.7,45.0,4.5
ORD103186,2025-09-22,6,2,Delivered,168.76,6.5,37.0,5.0
ORD102357,2025-09-22,13,3,Delivered,232.89,8.2,30.0,4.0
ORD102782,2025-09-23,15,4,Delivered,255.5,9.3,39.0,3.5
ORD103283,2025-09-23,14,1,Delivered,387.5,3.1,28.0,5.0
ORD100230,2025-09-23,6,1,Delivered,290.39,8.9,36.0,4.0
ORD103877,2025-09-23,16,6,Pending,709.0,1.2,21.0,
ORD104087,2025-09-23,16,5,Delivered,660.06,8.9,39.0,3.0
ORD104243,2025-09-23,3,6,Delivered,604.08,8.4,35.0,4.5
ORD101878,2025-09-23,2,1,Delivered,501.75,8.8,39.0,4.0
ORD101661,2025-09-23,16,4,Delivered,410.75,11.8,49.0,4.0
ORD103805,2025-09-23,17,4,Refunded,0.0,4.9,35.0,5.0
ORD103435,2025-09-23,4,2,Delivered,159.0,4.1,18.0,4.5
ORD100572,2025-09-23,13,4,Delivered,417.61,7.6,33.0,3.5
ORD101460,2025-09-23,1,3,Delivered,269.6,6.4,29.0,5.0
ORD101540,2025-09-23,11,2,Delivered,345.15,9.9,42.0,3.5
ORD102125,2025-09-24,2,6,Delivered,586.47,9.6,36.0,3.5
ORD100839,2025-09-24,3,4,Delivered,380.48,2.4,22.0,5.0
ORD102242,2025-09-24,5,1,Delivered,345.23,3.8,30.0,5.0
ORD102226,2025-09-24,10,3,Delivered,736.92,2.6,25.0,4.0
ORD100608,2025-09-24,14,1,Delivered,290.52,4.3,24.0,4.0
ORD100590,2025-09-24,14,6,Pending,212.59,6.3,33.0,
ORD103266,2025-09-24,15,2,Delivered,283.03,1.1,14.0,5.0
ORD104633,2025-09-24,6,4,Delivered,250.26,8.2,35.0,4.0
ORD102722,2025-09-24,5,3,Refunded,0.0,1.4,29.0,4.0
ORD101406,2025-09-24,15,6,Delivered,353.93,6.6,39.0,4.5
ORD103427,2025-09-24,16,1,Delivered,339.35,5.5,29.0,5.0
ORD102692,2025-09-24,7,4,Delivered,352.7,6.8,34.0,4.5
ORD103324,2025-09-24,8,6,Pending,281.04,7.9,30.0,
ORD103809,2025-09-24,7,4,Cancelled,0.0,2.3,,
ORD100593,2025-09-24,1,7,Delivered,467.99,10.0,37.0,5.0
ORD104471,2025-09-24,16,3,Pending,283.86,5.5,45.0,
ORD104787,2025-09-25,13,7,Delivered,176.02,3.4,24.0,4.5
ORD100989,2025-09-25,15,2,Delivered,271.97,6.7,29.0,4.0
ORD103051,2025-09-25,7,6,Delivered,330.57,4.9,23.0,5.0
ORD101002,2025-09-25,21,5,Delivered,160.59,8.2,48.0,4.0
ORD104291,2025-09-25,1,2,Delivered,348.25,3.9,30.0,4.0
ORD103277,2025-09-25,4,2,Delivered,335.57,7.4,38.0,4.0
ORD102452,2025-09-25,2,1,Delivered,288.39,1.4,21.0,5.0
ORD100818,2025-09-25,20,7,Refunded,0.0,7.4,31.0,4.5
ORD101399,2025-09-25,3,7,Delivered,563.93,3.4,18.0,5.0
ORD103198,2025-09-25,14,5,Delivered,306.77,11.6,48.0,4.5
ORD101723,2025-09-25,15,6,Delivered,361.2,1.9,20.0,4.5
ORD101287,2025-09-25,14,1,Delivered,441.34,8.9,44.0,4.0
ORD101524,2025-09-26,17,1,Delivered,420.2,1.7,21.0,3.5
ORD103864,2025-09-26,17,1,Delivered,505.86,10.6,51.0,4.0
ORD101096,2025-09-26,11,2,Delivered,817.29,10.6,50.0,2.5
ORD102809,2025-09-26,2,2,Delivered,632.57,8.3,37.0,4.5
ORD100143,2025-09-26,10,3,Delivered,741.95,5.3,32.0,5.0
ORD100499,2025-09-26,18,8,Cancelled,0.0,3.5,,
ORD100440,2025-09-26,1,7,Delivered,313.68,5.3,40.0,4.0
ORD100811,2025-09-26,14,3,Delivered,379.58,6.4,41.0,3.5
ORD104675,2025-09-26,3,1,Delivered,442.96,3.4,32.0,4.0
ORD100282,2025-09-26,12,6,Delivered,532.25,8.1,44.0,5.0
ORD101698,2025-09-26,12,1,Delivered,821.58,6.1,36.0,5.0
ORD102935,2025-09-26,15,7,Delivered,344.0,4.5,35.0,5.0
ORD101301,2025-09-26,4,2,Delivered,208.54,10.7,52.0,4.5
ORD101984,2025-09-26,2,3,Delivered,491.69,8.6,44.0,3.0
ORD100524,2025-09-26,5,4,Delivered,202.6,8.0,36.0,3.5
ORD102882,2025-09-26,5,2,Delivered,249.63,5.4,36.0,3.0
ORD104413,2025-09-27,16,4,Delivered,646.32,1.5,17.0,4.0
ORD102676,2025-09-27,11,2,Delivered,712.93,10.2,48.0,2.5
ORD103025,2025-09-27,13,8,Delivered,443.25,11.9,51.0,5.0
ORD103685,2025-09-27,4,2,Delivered,316.68,8.9,48.0,4.5
ORD100644,2025-09-27,15,1,Delivered,196.89,1.1,22.0,3.5
ORD103372,2025-09-27,1,6,Delivered,616.77,10.3,48.0,2.5
ORD101310,2025-09-27,17,4,Delivered,538.44,6.6,31.0,3.5
ORD101183,2025-09-27,14,4,Delivered,184.81,2.6,29.0,4.5
ORD100330,2025-09-27,10,2,Delivered,596.56,1.3,20.0,4.0
ORD100364,2025-09-27,11,3,Cancelled,0.0,8.7,,
ORD100595,2025-09-27,1,2,Delivered,371.06,11.6,53.0,4.5
ORD103391,2025-09-27,18,3,Delivered,581.55,4.5,30.0,3.0
ORD104667,2025-09-27,8,6,Delivered,520.23,9.6,42.0,4.5
ORD100479,2025-09-27,14,5,Delivered,216.86,10.1,54.0,4.5
ORD102712,2025-09-27,2,1,Delivered,400.95,2.8,34.0,3.5
ORD104848,2025-09-27,18,6,Delivered,619.79,1.7,25.0,4.0
ORD104609,2025-09-28,3,1,Cancelled,0.0,1.5,,
ORD101132,2025-09-28,6,3,Delivered,331.04,7.5,51.0,4.0
ORD101616,2025-09-28,18,4,Refunded,0.0,2.7,25.0,4.0
ORD102646,2025-09-28,18,2,Delivered,722.32,4.9,37.0,2.5
ORD102709,2025-09-28,17,2,Delivered,304.53,4.1,16.0,5.0
ORD104507,2025-09-28,13,4,Delivered,193.87,2.7,25.0,4.5
ORD101044,2025-09-28,18,6,Delivered,592.74,12.0,51.0,3.0
ORD101525,2025-09-28,12,3,Delivered,767.09,3.4,35.0,4.5
ORD101747,2025-09-28,16,5,Delivered,617.93,5.2,41.0,4.0
ORD103476,2025-09-28,8,2,Delivered,227.14,9.0,39.0,4.0
ORD104442,2025-09-28,5,6,Delivered,347.38,11.5,43.0,3.5
ORD102181,2025-09-29,14,8,Delivered,450.3,11.9,50.0,3.5
ORD100710,2025-09-29,7,2,Delivered,319.91,4.1,28.0,4.5
ORD101794,2025-09-29,2,6,Delivered,515.25,7.4,34.0,3.5
ORD101423,2025-09-29,11,2,Delivered,746.3,8.8,38.0,4.5
ORD104863,2025-09-29,10,1,Pending,526.88,7.6,33.0,
ORD104891,2025-09-29,17,2,Delivered,423.02,4.0,33.0,4.0
ORD103005,2025-09-29,18,5,Delivered,578.4,2.4,15.0,4.5
ORD104924,2025-09-29,16,4,Delivered,343.89,8.3,30.0,3.5
ORD100014,2025-09-29,5,2,Delivered,198.66,6.8,31.0,3.0
ORD104387,2025-09-29,2,7,Delivered,389.54,5.3,39.0,5.0
ORD100017,2025-09-29,7,5,Delivered,300.09,7.2,29.0,4.0
ORD100841,2025-09-29,1,4,Pending,593.42,10.0,40.0,
ORD101511,2025-09-29,6,3,Delivered,221.68,10.7,52.0,3.0
ORD103483,2025-09-30,12,3,Delivered,539.85,9.8,48.0,5.0
ORD102474,2025-09-30,7,7,Delivered,494.64,11.0,47.0,4.0
ORD101685,2025-09-30,21,8,Refunded,0.0,3.3,26.0,5.0
ORD100401,2025-09-30,12,1,Delivered,332.55,8.9,39.0,5.0
ORD101756,2025-09-30,10,6,Delivered,792.97,8.4,41.0,4.0
ORD100283,2025-09-30,1,3,Delivered,463.68,6.1,42.0,5.0
ORD104235,2025-09-30,9,5,Delivered,516.36,3.6,27.0,4.0
ORD101559,2025-09-30,15,2,Pending,177.77,8.1,51.0,
ORD104962,2025-09-30,14,1,Delivered,239.52,6.8,25.0,4.5
ORD102635,2025-09-30,6,5,Delivered,171.15,1.6,29.0,4.5
ORD104929,2025-09-30,18,3,Delivered,305.88,2.8,28.0,3.5
ORD104724,2025-09-30,17,1,Delivered,410.46,1.1,22.0,5.0
ORD100296,2025-09-30,6,8,Delivered,274.23,3.6,22.0,4.5
ORD102881,2025-09-30,9,2,Delivered,380.56,5.1,32.0,3.0
ORD103980,2025-09-30,14,2,Delivered,361.79,2.1,26.0,4.0
ORD101921,2025-09-30,10,1,Delivered,654.92,10.8,44.0,4.0
ORD101986,2025-09-30,13,2,Delivered,320.44,1.8,30.0,3.0
ORD103847,2025-09-30,3,1,Delivered,400.76,5.8,30.0,5.0
ORD104429,2025-09-30,8,8,Delivered,501.52,6.9,33.0,5.0
ORD102508,2025-09-30,13,4,Cancelled,0.0,11.3,,
ORD100266,2025-10-01,12,1,Delivered,756.2,4.9,26.0,5.0
ORD101897,2025-10-01,16,2,Delivered,328.51,5.0,36.0,4.5
ORD101004,2025-10-01,2,7,Delivered,256.09,2.3,17.0,5.0
ORD104747,2025-10-01,6,2,Delivered,319.72,10.5,45.0,3.5
ORD101944,2025-10-01,2,7,Delivered,367.98,4.0,25.0,4.0
ORD102792,2025-10-01,21,5,Pending,344.47,6.6,39.0,
ORD102543,2025-10-01,3,6,Delivered,564.73,10.2,44.0,4.0
ORD102875,2025-10-01,6,4,Delivered,286.4,2.0,30.0,3.5
ORD101686,2025-10-01,12,1,Delivered,663.86,2.0,27.0,4.5
ORD102869,2025-10-01,10,2,Delivered,790.29,2.2,22.0,3.5
ORD103126,2025-10-01,15,1,Delivered,412.79,7.3,36.0,4.0
ORD103950,2025-10-01,8,7,Delivered,317.52,10.3,46.0,4.0
ORD100726,2025-10-01,18,3,Delivered,493.59,4.9,28.0,3.0
ORD102621,2025-10-01,8,1,Delivered,262.13,9.4,45.0,3.0
ORD103780,2025-10-01,13,1,Delivered,174.57,5.3,26.0,5.0
ORD100356,2025-10-01,3,7,Delivered,627.16,5.8,30.0,4.5
ORD103704,2025-10-01,2,4,Cancelled,0.0,8.0,,
ORD103087,2025-10-02,6,6,Delivered,295.83,3.3,28.0,5.0
ORD102068,2025-10-02,12,1,Delivered,559.57,9.1,37.0,4.5
ORD104007,2025-10-02,4,4,Delivered,187.8,10.1,47.0,3.5
ORD104559,2025-10-02,7,5,Delivered,262.66,11.4,38.0,5.0
ORD102995,2025-10-02,21,5,Delivered,174.46,8.1,40.0,3.5
ORD101953,2025-10-02,13,2,Delivered,371.93,11.7,46.0,3.0
ORD102559,2025-10-02,10,4,Delivered,553.12,7.8,46.0,4.5
ORD104618,2025-10-02,3,6,Delivered,606.75,6.2,23.0,4.0
ORD101734,2025-10-02,9,1,Delivered,229.55,1.8,33.0,4.0
ORD103758,2025-10-02,15,3,Delivered,448.86,10.2,40.0,4.5
ORD100383,2025-10-02,14,5,Delivered,419.91,8.7,34.0,5.0
ORD104657,2025-10-02,11,4,Delivered,533.49,3.0,24.0,3.5
ORD102524,2025-10-02,14,1,Delivered,223.26,9.9,38.0,4.5
ORD103973,2025-10-02,16,4,Cancelled,0.0,9.1,,
ORD101632,2025-10-02,3,1,Cancelled,0.0,5.7,,
ORD101691,2025-10-02,10,2,Delivered,616.89,9.4,42.0,5.0
ORD103578,2025-10-02,8,1,Delivered,287.06,7.8,35.0,4.5
ORD104954,2025-10-02,16,8,Delivered,354.61,1.8,24.0,4.0
ORD101941,2025-10-02,20,3,Refunded,0.0,11.9,51.0,5.0
ORD103769,2025-10-03,13,2,Delivered,204.13,5.6,42.0,2.5
ORD102151,2025-10-03,16,4,Delivered,333.78,6.4,34.0,5.0
ORD104306,2025-10-03,5,8,Delivered,258.2,9.6,39.0,3.0
ORD103318,2025-10-03,13,1,Delivered,191.81,2.6,32.0,4.0
ORD104579,2025-10-03,13,2,Delivered,351.39,8.9,33.0,5.0
ORD103955,2025-10-03,14,7,Delivered,376.12,3.2,27.0,5.0
ORD102076,2025-10-03,14,1,Delivered,409.4,10.9,52.0,4.5
ORD103317,2025-10-03,15,1,Delivered,233.99,7.1,43.0,5.0
ORD104038,2025-10-03,12,3,Delivered,764.14,7.8,42.0,4.0
ORD102957,2025-10-03,5,1,Delivered,196.94,11.6,55.0,3.0
ORD102008,2025-10-03,19,8,Delivered,205.94,9.2,43.0,3.0
ORD102724,2025-10-03,18,7,Delivered,380.57,3.6,28.0,4.0
ORD101643,2025-10-03,4,1,Delivered,291.24,11.0,44.0,4.5
ORD100891,2025-10-03,18,1,Delivered,632.99,6.6,35.0,4.5
ORD101465,2025-10-03,2,2,Delivered,594.79,3.2,33.0,3.5
ORD102002,2025-10-04,15,2,Delivered,428.79,1.8,24.0,3.5
ORD100158,2025-10-04,1,5,Delivered,530.44,5.9,36.0,4.0
ORD104057,2025-10-04,14,7,Delivered,282.79,4.8,37.0,5.0
ORD103539,2025-10-04,5,3,Delivered,285.93,10.3,53.0,3.0
ORD104220,2025-10-04,6,2,Refunded,0.0,6.3,36.0,4.5
ORD104717,2025-10-04,19,3,Delivered,210.41,3.7,46.0,4.0
ORD104698,2025-10-04,2,5,Delivered,544.4,7.5,27.0,4.5
ORD100170,2025-10-04,5,6,Delivered,194.62,9.0,38.0,4.0
ORD100870,2025-10-04,10,5,Delivered,447.69,4.0,37.0,3.5
ORD104700,2025-10-04,4,3,Delivered,202.56,1.5,42.0,5.0
ORD104019,2025-10-04,20,2,Delivered,196.35,1.5,30.0,4.0
ORD104970,2025-10-04,1,3,Delivered,431.49,6.6,37.0,4.0
ORD104683,2025-10-04,2,3,Delivered,473.42,1.2,30.0,4.0
ORD102150,2025-10-04,14,2,Pending,175.32,1.6,23.0,
ORD103370,2025-10-04,11,3,Delivered,478.6,5.8,47.0,4.0
ORD101367,2025-10-04,3,2,Refunded,0.0,5.4,33.0,5.0
ORD103812,2025-10-04,3,6,Delivered,454.47,5.3,38.0,4.0
ORD103597,2025-10-04,5,5,Delivered,255.27,2.6,22.0,4.0
ORD103516,2025-10-05,11,6,Delivered,716.37,2.3,20.0,5.0
ORD103140,2025-10-05,13,1,Cancelled,0.0,4.8,,
ORD102590,2025-10-05,11,2,Delivered,571.29,2.4,26.0,4.5
ORD102776,2025-10-05,6,1,Delivered,261.52,5.6,33.0,5.0
ORD100007,2025-10-05,1,2,Delivered,381.38,1.3,20.0,4.0
ORD101058,2025-10-05,14,3,Pending,363.26,9.5,45.0,
ORD101955,2025-10-05,9,3,Delivered,312.22,4.5,22.0,4.0
ORD104367,2025-10-05,10,7,Cancelled,0.0,5.9,,
ORD100978,2025-10-05,10,6,Delivered,452.96,10.9,39.0,4.0
ORD101531,2025-10-05,18,2,Delivered,518.88,10.8,46.0,3.0
ORD103068,2025-10-05,13,2,Delivered,369.73,5.9,31.0,4.0
ORD102520,2025-10-05,1,1,Refunded,0.0,10.2,43.0,5.0
ORD103012,2025-10-05,3,5,Delivered,375.07,6.8,33.0,5.0
ORD100136,2025-10-06,2,7,Delivered,317.87,2.3,16.0,4.5
ORD102434,2025-10-06,1,4,Delivered,494.83,1.0,16.0,4.5
ORD101366,2025-10-06,13,1,Delivered,311.21,11.8,45.0,3.5
ORD103667,2025-10-06,3,4,Delivered,611.11,5.6,30.0,3.5
ORD103381,2025-10-06,13,3,Delivered,337.18,7.1,41.0,4.0
ORD101798,2025-10-06,7,1,Delivered,426.59,1.2,29.0,5.0
ORD104003,2025-10-06,2,1,Delivered,597.72,1.3,14.0,5.0
ORD104975,2025-10-06,5,1,Cancelled,0.0,5.2,,
ORD103557,2025-10-06,5,1,Delivered,228.08,8.5,34.0,4.0
ORD104396,2025-10-06,8,3,Delivered,361.51,7.1,45.0,4.5
ORD102599,2025-10-06,15,2,Delivered,324.81,1.0,22.0,5.0
ORD103946,2025-10-06,4,7,Delivered,226.9,3.0,25.0,5.0
ORD103830,2025-10-06,20,3,Delivered,412.73,5.7,33.0,5.0
ORD102296,2025-10-06,1,3,Delivered,377.95,9.7,45.0,5.0
ORD102574,2025-10-06,5,1,Delivered,183.16,10.5,56.0,4.0
ORD100921,2025-10-06,15,6,Delivered,300.18,2.7,15.0,5.0
ORD103916,2025-10-06,6,7,Delivered,212.3,4.9,33.0,4.5
ORD100573,2025-10-06,10,5,Cancelled,0.0,10.3,,
ORD103836,2025-10-06,2,1,Delivered,376.73,1.8,18.0,5.0
ORD104597,2025-10-06,1,8,Delivered,496.76,4.1,24.0,4.5
ORD100597,2025-10-06,13,5,Delivered,182.35,1.2,22.0,5.0
ORD103794,2025-10-06,7,8,Delivered,458.85,9.6,36.0,4.0
ORD101040,2025-10-06,10,6,Delivered,329.05,3.3,18.0,4.0
ORD101888,2025-10-06,18,3,Delivered,638.51,8.5,41.0,4.0
ORD102345,2025-10-06,3,5,Delivered,575.99,8.9,36.0,4.0
ORD102639,2025-10-07,15,2,Delivered,227.71,1.5,18.0,5.0
ORD103549,2025-10-07,14,1,Delivered,412.48,7.5,41.0,5.0
ORD100521,2025-10-07,9,4,Delivered,505.23,7.8,37.0,3.5
ORD103554,2025-10-07,8,2,Delivered,543.09,8.4,36.0,3.5
ORD104531,2025-10-07,1,5,Delivered,266.35,4.5,26.0,5.0
ORD100323,2025-10-07,13,1,Refunded,0.0,1.2,17.0,4.5
ORD101490,2025-10-07,15,8,Delivered,187.39,11.3,54.0,4.0
ORD101741,2025-10-07,4,3,Delivered,180.46,4.7,39.0,4.5
ORD102969,2025-10-07,18,6,Delivered,560.05,2.9,29.0,4.5
ORD103360,2025-10-07,8,3,Cancelled,0.0,2.4,,
ORD100379,2025-10-07,14,4,Delivered,203.69,8.3,46.0,4.5
ORD103605,2025-10-07,11,7,Delivered,541.74,7.6,44.0,4.0
ORD101796,2025-10-07,15,1,Delivered,185.5,9.9,36.0,4.0
ORD103927,2025-10-07,5,3,Delivered,262.29,4.0,29.0,4.0
ORD104651,2025-10-07,4,3,Cancelled,0.0,8.0,,
ORD100069,2025-10-07,14,3,Delivered,178.92,3.6,30.0,5.0
ORD103892,2025-10-08,18,1,Delivered,347.45,2.3,24.0,3.5
ORD100232,2025-10-08,15,2,Cancelled,0.0,5.2,,
ORD103384,2025-10-08,15,7,Delivered,204.56,2.9,33.0,3.5
ORD100930,2025-10-08,21,7,Delivered,169.32,7.2,26.0,4.5
ORD104283,2025-10-08,13,8,Delivered,371.65,2.5,23.0,5.0
ORD104982,2025-10-08,4,6,Refunded,0.0,9.0,41.0,5.0
ORD101453,2025-10-08,8,6,Delivered,389.09,3.6,22.0,5.0
ORD102694,2025-10-08,17,3,Delivered,474.33,8.1,41.0,4.0
ORD102653,2025-10-08,1,4,Delivered,612.07,4.8,31.0,4.5
ORD104706,2025-10-08,14,1,Delivered,415.73,9.1,43.0,4.5
ORD100039,2025-10-08,17,2,Delivered,508.76,8.4,44.0,4.0
ORD102429,2025-10-08,17,2,Delivered,328.4,7.5,24.0,4.5
ORD103050,2025-10-08,3,1,Delivered,383.38,7.1,33.0,5.0
ORD101752,2025-10-08,12,3,Delivered,547.79,4.2,28.0,5.0
ORD103734,2025-10-09,16,4,Delivered,500.5,6.3,38.0,3.5
ORD102673,2025-10-09,6,3,Delivered,207.21,10.5,52.0,4.5
ORD102845,2025-10-09,7,2,Delivered,328.47,1.8,27.0,4.5
ORD104539,2025-10-09,1,4,Refunded,0.0,4.0,32.0,5.0
ORD100859,2025-10-09,4,3,Delivered,316.05,2.1,34.0,4.5
ORD100861,2025-10-09,13,6,Cancelled,0.0,10.3,,
ORD101533,2025-10-09,15,6,Delivered,187.11,7.6,35.0,4.5
ORD100108,2025-10-09,13,2,Delivered,438.93,11.6,39.0,5.0
ORD104172,2025-10-09,7,6,Delivered,523.29,8.7,33.0,4.0
ORD103564,2025-10-09,6,3,Delivered,220.86,10.2,50.0,4.0
ORD100511,2025-10-09,20,1,Delivered,371.01,8.2,40.0,4.5
ORD104117,2025-10-09,5,8,Delivered,255.32,8.8,30.0,4.0
ORD100735,2025-10-09,15,2,Delivered,229.65,2.4,20.0,3.5
ORD103006,2025-10-09,10,3,Refunded,0.0,4.2,36.0,3.5
ORD100275,2025-10-09,2,3,Delivered,422.48,2.7,33.0,3.0
ORD104619,2025-10-09,2,2,Delivered,284.53,9.4,41.0,3.5
ORD100697,2025-10-09,17,3,Delivered,682.87,8.7,44.0,4.5
ORD102611,2025-10-09,4,4,Delivered,351.14,2.4,28.0,5.0
ORD103672,2025-10-09,5,7,Delivered,210.59,8.0,35.0,3.5
ORD103195,2025-10-09,8,7,Delivered,444.96,11.8,45.0,4.0
ORD102416,2025-10-09,4,1,Delivered,259.57,2.6,33.0,4.5
ORD101380,2025-10-09,3,2,Delivered,263.74,1.2,12.0,5.0
ORD102937,2025-10-10,15,2,Delivered,446.76,6.0,42.0,4.5
ORD104322,2025-10-10,1,8,Delivered,571.29,12.0,45.0,4.0
ORD101088,2025-10-10,7,2,Delivered,377.28,4.9,41.0,4.0
ORD101829,2025-10-10,9,3,Delivered,442.75,9.7,52.0,3.5
ORD102204,2025-10-10,4,4,Delivered,209.76,8.6,46.0,4.5
ORD104965,2025-10-10,1,1,Delivered,613.26,8.7,42.0,5.0
ORD101493,2025-10-10,18,1,Delivered,287.31,9.6,45.0,4.0
ORD101273,2025-10-10,1,2,Delivered,423.35,1.3,27.0,5.0
ORD102127,2025-10-10,2,1,Delivered,562.83,3.0,33.0,4.0
ORD102023,2025-10-10,13,2,Delivered,311.47,8.8,41.0,4.0
ORD103547,2025-10-10,21,1,Cancelled,0.0,1.6,,
ORD102808,2025-10-10,2,4,Delivered,670.95,2.6,30.0,5.0
ORD104537,2025-10-10,17,2,Cancelled,0.0,7.4,,
ORD101042,2025-10-10,2,3,Delivered,451.88,11.8,66.0,3.0
ORD101916,2025-10-10,13,4,Delivered,232.01,4.0,27.0,5.0
ORD104872,2025-10-11,10,4,Delivered,790.74,3.4,35.0,3.5
ORD100652,2025-10-11,11,3,Cancelled,0.0,8.4,,
ORD104070,2025-10-11,14,4,Refunded,0.0,6.9,36.0,5.0
ORD101315,2025-10-11,13,2,Cancelled,0.0,6.7,,
ORD100672,2025-10-11,1,5,Delivered,270.42,3.5,32.0,5.0
ORD102486,2025-10-11,1,5,Delivered,581.05,11.4,47.0,4.5
ORD103209,2025-10-11,10,5,Delivered,638.11,10.8,51.0,3.5
ORD101571,2025-10-11,13,4,Delivered,262.65,11.0,43.0,5.0
ORD101198,2025-10-11,14,5,Delivered,223.91,3.2,33.0,4.5
ORD102671,2025-10-11,3,2,Delivered,386.19,7.8,43.0,4.0
ORD102670,2025-10-11,15,4,Delivered,252.67,10.2,47.0,4.5
ORD101011,2025-10-11,15,5,Delivered,415.62,6.0,33.0,4.5
ORD100304,2025-10-11,11,1,Delivered,600.54,8.9,46.0,3.5
ORD101175,2025-10-12,2,1,Delivered,574.83,2.5,27.0,4.0
ORD102360,2025-10-12,3,4,Delivered,378.51,7.2,33.0,4.5
ORD101413,2025-10-12,5,3,Delivered,267.02,3.5,36.0,3.5
ORD104822,2025-10-12,13,3,Delivered,218.96,5.5,33.0,4.0
ORD100138,2025-10-12,8,6,Delivered,273.71,10.9,44.0,4.5
ORD100474,2025-10-12,3,4,Cancelled,0.0,3.9,,
ORD102024,2025-10-12,16,6,Delivered,576.07,9.5,42.0,4.5
ORD100058,2025-10-12,6,5,Delivered,187.15,5.5,32.0,5.0
ORD100006,2025-10-12,16,2,Delivered,636.18,2.2,23.0,3.5
ORD102889,2025-10-12,18,1,Delivered,328.12,6.7,39.0,4.0
ORD100478,2025-10-12,4,1,Delivered,285.99,2.8,24.0,5.0
ORD100054,2025-10-12,2,4,Delivered,277.98,5.9,33.0,3.5
ORD104286,2025-10-12,3,2,Delivered,616.2,3.7,28.0,5.0
ORD104151,2025-10-12,17,8,Delivered,579.19,3.3,27.0,4.0
ORD101067,2025-10-12,3,4,Delivered,270.3,2.2,26.0,3.5
ORD102842,2025-10-12,16,4,Delivered,288.94,5.5,36.0,3.5
ORD102148,2025-10-12,15,8,Delivered,409.27,7.3,35.0,4.0
ORD101221,2025-10-12,4,2,Delivered,218.91,11.6,40.0,3.5
ORD100614,2025-10-12,1,1,Delivered,364.67,7.8,36.0,3.5
ORD104535,2025-10-13,11,1,Delivered,357.21,8.3,41.0,3.5
ORD100551,2025-10-13,8,8,Delivered,353.96,6.1,32.0,5.0
ORD102541,2025-10-13,9,5,Delivered,320.6,10.9,32.0,3.5
ORD102475,2025-10-13,1,4,Delivered,571.09,11.5,40.0,3.5
ORD101408,2025-10-13,13,1,Delivered,335.71,2.2,18.0,5.0
ORD100984,2025-10-13,3,6,Delivered,635.0,8.9,43.0,4.0
ORD104098,2025-10-13,13,6,Delivered,247.58,3.5,32.0,4.5
ORD100195,2025-10-13,21,5,Delivered,402.38,3.2,23.0,5.0
ORD102760,2025-10-13,11,7,Refunded,0.0,12.0,44.0,3.0
ORD100645,2025-10-13,20,8,Cancelled,0.0,9.6,,
ORD102779,2025-10-13,15,4,Delivered,319.75,8.6,39.0,3.5
ORD104194,2025-10-13,3,2,Delivered,351.44,6.3,36.0,4.0
ORD102954,2025-10-13,4,5,Delivered,314.91,7.2,33.0,5.0
ORD100771,2025-10-14,1,3,Delivered,261.66,7.4,43.0,5.0
ORD100486,2025-10-14,3,2,Delivered,564.7,8.4,37.0,3.5
ORD104509,2025-10-14,15,3,Cancelled,0.0,3.2,,
ORD100584,2025-10-14,19,4,Delivered,178.41,11.5,49.0,5.0
ORD103296,2025-10-14,11,8,Cancelled,0.0,9.2,,
ORD101151,2025-10-14,18,5,Cancelled,0.0,4.1,,
ORD103616,2025-10-14,15,7,Delivered,249.78,6.9,40.0,4.5
ORD100097,2025-10-14,13,3,Delivered,229.07,3.7,32.0,4.0
ORD104441,2025-10-14,12,4,Pending,664.31,4.8,39.0,
ORD100741,2025-10-14,15,2,Delivered,206.16,1.9,25.0,5.0
ORD104426,2025-10-14,2,7,Delivered,314.56,1.5,28.0,4.0
ORD102804,2025-10-15,5,4,Delivered,342.64,5.6,41.0,3.5
ORD102836,2025-10-15,11,1,Delivered,796.69,3.0,27.0,4.0
ORD103820,2025-10-15,8,1,Delivered,293.46,5.8,35.0,5.0
ORD101654,2025-10-15,12,5,Delivered,621.91,5.4,25.0,5.0
ORD101164,2025-10-15,2,7,Delivered,308.75,10.8,45.0,3.5
ORD100053,2025-10-15,15,3,Delivered,457.83,7.7,39.0,5.0
ORD102757,2025-10-15,7,3,Delivered,226.67,11.6,62.0,3.5
ORD104695,2025-10-15,13,3,Delivered,283.93,11.2,55.0,4.5
ORD104590,2025-10-15,10,2,Delivered,527.18,8.7,43.0,3.5
ORD103419,2025-10-15,17,1,Delivered,414.11,4.6,33.0,4.5
ORD100172,2025-10-15,5,2,Delivered,202.37,4.3,24.0,4.0
ORD104311,2025-10-15,9,6,Delivered,322.72,5.9,23.0,2.5
ORD102190,2025-10-15,15,3,Delivered,222.02,1.1,23.0,4.5
ORD100800,2025-10-15,18,2,Delivered,637.35,4.9,27.0,4.0
ORD102526,2025-10-15,6,7,Delivered,174.96,7.4,40.0,4.5
ORD101891,2025-10-15,14,6,Delivered,186.75,7.1,25.0,4.0
ORD100141,2025-10-15,14,7,Delivered,429.24,10.7,42.0,4.5
ORD103385,2025-10-15,11,1,Delivered,541.08,10.1,47.0,4.0
ORD102587,2025-10-16,2,6,Cancelled,0.0,2.7,,
ORD103253,2025-10-16,15,5,Delivered,260.66,6.7,38.0,3.0
ORD101192,2025-10-16,12,5,Delivered,464.8,4.7,37.0,3.5
ORD102254,2025-10-16,7,2,Delivered,307.07,6.1,34.0,5.0
ORD104064,2025-10-16,15,6,Delivered,207.36,9.9,53.0,3.5
ORD102316,2025-10-16,10,4,Delivered,688.4,9.0,44.0,3.0
ORD101848,2025-10-16,20,8,Delivered,246.98,11.3,42.0,3.0
ORD104940,2025-10-16,4,3,Delivered,327.35,10.6,51.0,4.5
ORD103971,2025-10-17,7,7,Delivered,315.31,8.2,43.0,4.5
ORD102608,2025-10-17,14,5,Delivered,401.52,4.2,36.0,4.0
ORD102211,2025-10-17,1,3,Delivered,518.14,6.4,41.0,3.5
ORD100920,2025-10-17,4,1,Cancelled,0.0,9.1,,
ORD103743,2025-10-17,9,3,Cancelled,0.0,3.8,,
ORD101022,2025-10-17,14,2,Delivered,226.03,1.9,28.0,5.0
ORD101149,2025-10-17,10,1,Delivered,516.08,7.2,33.0,4.5
ORD100183,2025-10-17,1,7,Cancelled,0.0,1.8,,
ORD100506,2025-10-17,2,1,Delivered,333.36,11.1,46.0,4.0
ORD102311,2025-10-17,8,2,Cancelled,0.0,5.2,,
ORD101628,2025-10-17,4,3,Refunded,0.0,1.3,33.0,3.5
ORD100442,2025-10-17,3,3,Delivered,310.25,9.9,48.0,4.0
ORD101634,2025-10-17,5,1,Delivered,138.8,2.4,37.0,4.0
ORD104877,2025-10-18,8,4,Delivered,233.91,3.5,39.0,5.0
ORD101867,2025-10-18,7,4,Delivered,299.67,9.3,35.0,4.0
ORD102397,2025-10-18,16,5,Cancelled,0.0,7.1,,
ORD102736,2025-10-18,6,7,Delivered,228.23,4.6,35.0,4.5
ORD101374,2025-10-18,9,4,Delivered,421.85,6.9,46.0,3.0
ORD100075,2025-10-18,9,1,Delivered,394.07,10.8,49.0,4.0
ORD102813,2025-10-18,5,1,Delivered,198.12,8.7,35.0,4.0
ORD100599,2025-10-18,3,1,Delivered,461.13,3.2,29.0,4.0
ORD103895,2025-10-18,10,4,Delivered,590.0,9.8,53.0,3.5
ORD102892,2025-10-18,5,6,Delivered,307.54,1.1,28.0,3.5
ORD100374,2025-10-18,14,4,Delivered,207.45,3.7,25.0,4.5
ORD102105,2025-10-18,7,2,Refunded,0.0,4.9,30.0,4.5
ORD100023,2025-10-18,6,4,Delivered,274.44,10.8,51.0,4.0
ORD102235,2025-10-18,4,3,Delivered,347.07,3.9,43.0,4.0
ORD102815,2025-10-18,11,5,Delivered,549.43,1.1,23.0,4.5
ORD102334,2025-10-18,3,1,Cancelled,0.0,3.3,,
ORD100553,2025-10-18,1,5,Delivered,490.05,11.0,45.0,3.5
ORD100052,2025-10-18,14,3,Delivered,228.3,6.0,52.0,4.5
ORD101650,2025-10-19,16,4,Delivered,554.94,11.8,49.0,3.0
ORD102111,2025-10-19,3,1,Delivered,375.71,8.4,40.0,4.5
ORD104888,2025-10-19,7,4,Delivered,422.96,5.0,30.0,5.0
ORD104376,2025-10-19,8,2,Delivered,503.84,11.4,50.0,3.5
ORD102807,2025-10-19,4,7,Delivered,159.69,7.2,32.0,4.5
ORD103701,2025-10-19,1,8,Delivered,316.24,3.6,37.0,5.0
ORD102890,2025-10-19,17,1,Delivered,396.67,4.8,28.0,4.0
ORD104521,2025-10-19,3,1,Delivered,466.22,6.3,23.0,3.5
ORD101825,2025-10-19,14,1,Delivered,291.92,7.4,41.0,4.5
ORD100575,2025-10-19,3,5,Delivered,501.98,10.6,47.0,4.5
ORD104065,2025-10-19,7,3,Delivered,278.53,1.2,24.0,4.5
ORD104866,2025-10-19,18,1,Delivered,440.18,8.2,39.0,3.5
ORD103114,2025-10-19,11,7,Delivered,549.68,3.6,30.0,4.5
ORD104634,2025-10-19,3,3,Delivered,331.27,9.2,48.0,5.0
ORD103543,2025-10-19,7,1,Delivered,421.46,1.3,14.0,5.0
ORD103572,2025-10-19,7,2,Delivered,394.68,3.4,19.0,5.0
ORD101292,2025-10-19,21,2,Delivered,176.1,6.9,32.0,5.0
ORD101417,2025-10-19,18,1,Delivered,625.82,2.8,20.0,4.5
ORD102959,2025-10-19,11,5,Delivered,801.27,4.6,31.0,4.0
ORD104551,2025-10-19,20,2,Delivered,401.19,1.4,29.0,4.0
ORD103327,2025-10-20,18,4,Delivered,592.17,10.6,37.0,3.5
ORD104457,2025-10-20,15,6,Delivered,334.18,8.1,33.0,4.0
ORD100472,2025-10-20,13,2,Delivered,183.82,1.1,23.0,4.5
ORD104119,2025-10-20,14,3,Refunded,0.0,3.4,32.0,5.0
ORD100685,2025-10-20,15,1,Delivered,193.52,10.8,44.0,5.0
ORD104118,2025-10-20,16,3,Delivered,483.49,1.7,21.0,4.0
ORD102123,2025-10-20,3,3,Refunded,0.0,11.8,53.0,3.0
ORD100467,2025-10-20,20,1,Delivered,371.77,6.8,29.0,3.5
ORD104433,2025-10-20,4,6,Delivered,233.25,11.3,43.0,4.5
ORD102094,2025-10-20,10,2,Delivered,465.68,4.4,29.0,5.0
ORD100881,2025-10-20,14,1,Delivered,388.5,7.7,38.0,4.0
ORD100693,2025-10-20,1,1,Delivered,438.33,9.5,37.0,5.0
ORD101045,2025-10-20,8,6,Delivered,368.18,8.9,37.0,4.0
ORD102120,2025-10-20,5,6,Delivered,280.01,4.2,19.0,3.0
ORD102400,2025-10-20,2,5,Delivered,606.1,10.9,42.0,3.0
ORD102063,2025-10-20,6,4,Delivered,243.5,11.2,53.0,4.5
ORD100547,2025-10-20,2,1,Delivered,382.37,11.5,43.0,4.5
ORD104483,2025-10-20,2,2,Delivered,387.85,1.3,24.0,5.0
ORD102740,2025-10-20,10,3,Delivered,676.34,5.6,34.0,3.5
ORD104260,2025-10-20,1,8,Delivered,594.22,6.8,32.0,4.5
ORD101027,2025-10-20,20,3,Delivered,209.78,5.0,28.0,4.0
ORD103752,2025-10-20,1,3,Delivered,592.51,1.3,31.0,4.5
ORD102470,2025-10-20,1,6,Delivered,463.17,7.9,35.0,4.5
ORD101898,2025-10-20,1,3,Delivered,596.64,3.2,24.0,5.0
ORD102527,2025-10-20,5,3,Delivered,347.8,10.3,44.0,4.0
ORD102515,2025-10-20,10,1,Delivered,672.44,3.4,20.0,2.5
ORD100050,2025-10-21,6,2,Delivered,210.76,5.5,36.0,5.0
ORD100042,2025-10-21,15,6,Delivered,320.01,7.5,35.0,4.5
ORD103170,2025-10-21,3,2,Delivered,313.81,7.3,46.0,4.0
ORD103156,2025-10-21,18,2,Delivered,532.0,7.2,32.0,4.0
ORD103573,2025-10-21,13,1,Delivered,292.0,3.9,27.0,5.0
ORD100518,2025-10-21,2,1,Delivered,454.23,7.3,31.0,4.0
ORD100326,2025-10-21,16,6,Delivered,305.63,1.1,17.0,4.0
ORD101430,2025-10-21,18,7,Cancelled,0.0,4.6,,
ORD101729,2025-10-21,6,3,Delivered,192.59,2.0,25.0,4.0
ORD100434,2025-10-21,3,2,Delivered,524.74,7.6,45.0,4.0
ORD100365,2025-10-21,18,2,Delivered,712.28,6.3,33.0,3.5
ORD102103,2025-10-21,20,1,Delivered,357.58,5.5,31.0,4.5
ORD100206,2025-10-22,15,4,Delivered,426.55,1.1,16.0,4.5
ORD104170,2025-10-22,21,2,Delivered,241.04,9.4,41.0,4.5
ORD103556,2025-10-22,21,3,Refunded,0.0,8.9,52.0,4.5
ORD103487,2025-10-22,17,1,Delivered,327.27,2.0,24.0,4.0
ORD104612,2025-10-22,2,4,Delivered,309.78,5.3,24.0,5.0
ORD104501,2025-10-22,11,8,Delivered,347.23,4.3,31.0,4.0
ORD103975,2025-10-22,18,1,Delivered,376.92,8.1,39.0,4.5
ORD103933,2025-10-22,18,5,Delivered,505.19,9.6,40.0,4.0
ORD104408,2025-10-22,20,1,Cancelled,0.0,11.2,,
ORD101085,2025-10-22,6,5,Refunded,0.0,4.7,37.0,5.0
ORD102091,2025-10-22,2,2,Delivered,450.44,1.8,15.0,4.0
ORD104198,2025-10-22,11,1,Delivered,725.04,3.3,27.0,3.5
ORD103078,2025-10-22,13,4,Delivered,208.92,5.6,27.0,4.5
ORD102427,2025-10-22,14,3,Refunded,0.0,9.8,48.0,3.0
ORD103127,2025-10-22,3,4,Delivered,536.73,7.9,42.0,4.0
ORD100990,2025-10-23,10,1,Delivered,586.04,7.3,32.0,4.5
ORD103361,2025-10-23,15,5,Delivered,218.17,3.4,32.0,4.5
ORD101785,2025-10-23,5,1,Delivered,311.8,11.1,52.0,2.5
ORD100810,2025-10-23,4,4,Refunded,0.0,3.7,23.0,5.0
ORD103183,2025-10-23,11,1,Cancelled,0.0,7.9,,
ORD100245,2025-10-23,9,1,Delivered,403.71,4.7,26.0,4.0
ORD102268,2025-10-23,4,1,Delivered,245.73,6.0,37.0,5.0
ORD102693,2025-10-23,17,2,Delivered,413.54,4.9,29.0,5.0
ORD100673,2025-10-23,11,3,Delivered,698.09,11.2,47.0,5.0
ORD100151,2025-10-23,1,6,Delivered,601.39,6.0,33.0,4.0
ORD103211,2025-10-23,3,2,Delivered,386.16,9.9,42.0,3.0
ORD104673,2025-10-24,3,7,Delivered,557.61,5.7,36.0,4.5
ORD102909,2025-10-24,15,1,Delivered,293.67,5.2,29.0,5.0
ORD101288,2025-10-24,2,8,Delivered,564.86,7.7,41.0,4.5
ORD100717,2025-10-24,13,7,Refunded,0.0,6.7,34.0,3.5
ORD102648,2025-10-24,14,3,Cancelled,0.0,10.5,,
ORD102220,2025-10-24,2,6,Delivered,306.77,2.3,28.0,4.0
ORD101783,2025-10-24,12,3,Delivered,598.65,8.1,48.0,3.5
ORD103642,2025-10-25,14,6,Refunded,0.0,3.0,22.0,5.0
ORD104713,2025-10-25,16,1,Delivered,382.93,3.2,35.0,3.0
ORD100102,2025-10-25,6,2,Delivered,246.41,10.8,46.0,4.5
ORD101815,2025-10-25,6,3,Delivered,318.44,10.6,60.0,3.5
ORD104858,2025-10-25,6,1,Pending,231.18,2.9,25.0,
ORD101161,2025-10-25,4,3,Delivered,237.86,6.3,42.0,4.0
ORD104114,2025-10-25,19,3,Refunded,0.0,4.2,32.0,5.0
ORD104385,2025-10-25,3,3,Delivered,534.41,7.4,43.0,4.0
ORD102819,2025-10-25,18,2,Delivered,609.97,4.5,36.0,3.5
ORD102657,2025-10-25,10,3,Delivered,659.07,6.6,39.0,5.0
ORD102545,2025-10-25,9,2,Refunded,0.0,5.1,28.0,4.0
ORD104571,2025-10-25,13,2,Delivered,360.6,9.7,43.0,3.0
ORD101252,2025-10-26,7,2,Delivered,322.06,6.8,39.0,3.5
ORD101509,2025-10-26,14,1,Delivered,459.67,6.2,30.0,4.5
ORD102373,2025-10-26,17,3,Delivered,543.14,11.9,51.0,4.5
ORD100403,2025-10-26,13,1,Delivered,306.17,5.6,25.0,3.5
ORD104427,2025-10-26,18,2,Delivered,550.44,10.5,51.0,2.5
ORD100596,2025-10-26,2,3,Delivered,276.55,11.6,50.0,3.5
ORD101615,2025-10-26,20,3,Delivered,349.83,6.5,41.0,5.0
ORD102867,2025-10-26,16,2,Delivered,715.12,10.8,45.0,3.5
ORD104458,2025-10-27,19,3,Cancelled,0.0,11.0,,
ORD104318,2025-10-27,1,2,Delivered,601.96,3.5,14.0,4.5
ORD104139,2025-10-27,1,5,Delivered,490.23,4.6,23.0,4.5
ORD104942,2025-10-27,10,1,Delivered,653.73,7.6,30.0,4.0
ORD102078,2025-10-27,9,2,Delivered,483.23,10.2,38.0,3.5
ORD101933,2025-10-27,18,2,Delivered,465.32,11.9,49.0,3.5
ORD101894,2025-10-27,20,1,Delivered,217.72,8.2,41.0,4.5
ORD100831,2025-10-27,7,2,Delivered,459.83,11.9,48.0,4.5
ORD102790,2025-10-27,9,3,Delivered,342.03,1.2,23.0,4.5
ORD100089,2025-10-27,21,1,Delivered,309.73,11.2,47.0,4.0
ORD101001,2025-10-27,6,6,Delivered,218.52,2.7,18.0,5.0
ORD100683,2025-10-27,6,5,Delivered,188.65,9.0,28.0,5.0
ORD100699,2025-10-27,15,1,Delivered,390.5,3.0,28.0,5.0
ORD102547,2025-10-27,9,2,Delivered,403.44,2.9,28.0,4.0
ORD104914,2025-10-27,8,1,Pending,475.36,8.8,42.0,
ORD103230,2025-10-28,2,4,Delivered,527.46,10.1,44.0,4.0
ORD104361,2025-10-28,4,8,Delivered,239.9,1.5,16.0,5.0
ORD101298,2025-10-28,8,2,Delivered,476.7,5.5,37.0,4.5
ORD101030,2025-10-28,1,6,Delivered,452.13,6.2,32.0,4.5
ORD104330,2025-10-28,18,5,Cancelled,0.0,10.0,,
ORD102436,2025-10-28,1,1,Delivered,398.25,5.6,32.0,4.0
ORD103611,2025-10-28,19,6,Delivered,311.87,8.2,41.0,4.5
ORD101962,2025-10-28,3,3,Delivered,385.39,3.1,31.0,5.0
ORD103520,2025-10-28,12,5,Pending,654.78,11.3,37.0,
ORD103837,2025-10-28,15,1,Delivered,194.6,3.7,24.0,4.0
ORD102471,2025-10-28,1,3,Cancelled,0.0,7.7,,
ORD101922,2025-10-28,9,8,Delivered,424.99,9.7,38.0,4.0
ORD102623,2025-10-28,13,3,Cancelled,0.0,4.9,,
ORD101929,2025-10-28,7,3,Delivered,398.77,6.7,40.0,5.0
ORD104949,2025-10-29,16,1,Delivered,460.33,9.4,35.0,4.0
ORD100845,2025-10-29,1,4,Delivered,255.11,4.7,39.0,4.5
ORD102004,2025-10-29,14,2,Delivered,177.71,1.9,21.0,5.0
ORD101635,2025-10-29,14,3,Delivered,294.75,11.3,59.0,3.5
ORD100216,2025-10-29,14,2,Delivered,402.06,5.5,29.0,5.0
ORD101718,2025-10-29,7,8,Delivered,491.03,6.7,36.0,4.0
ORD102934,2025-10-29,14,6,Delivered,342.85,4.2,27.0,4.5
ORD101311,2025-10-29,12,2,Delivered,682.72,8.9,46.0,3.5
ORD100331,2025-10-29,6,3,Delivered,285.19,5.1,25.0,5.0
ORD100412,2025-10-29,9,7,Delivered,446.13,7.8,34.0,4.5
ORD103502,2025-10-29,4,2,Delivered,226.24,3.3,25.0,5.0
ORD104682,2025-10-29,11,3,Delivered,758.04,3.3,29.0,5.0
ORD103861,2025-10-29,6,2,Delivered,250.74,9.1,37.0,5.0
ORD104254,2025-10-29,19,5,Delivered,337.75,7.7,33.0,5.0
ORD100481,2025-10-29,13,7,Pending,312.64,9.6,32.0,
ORD100636,2025-10-29,1,6,Cancelled,0.0,3.0,,
ORD102921,2025-10-29,4,2,Delivered,326.14,9.8,39.0,3.5
ORD104487,2025-10-29,5,7,Delivered,306.64,10.4,46.0,4.5
ORD104366,2025-10-29,17,3,Delivered,288.99,6.9,36.0,3.5
ORD101579,2025-10-29,15,3,Delivered,402.7,3.6,32.0,4.0
ORD102154,2025-10-29,10,1,Delivered,521.7,4.2,20.0,5.0
ORD103008,2025-10-30,11,2,Cancelled,0.0,3.8,,
ORD102534,2025-10-30,9,3,Delivered,296.93,3.6,35.0,4.0
ORD104182,2025-10-30,5,3,Delivered,218.73,4.4,40.0,3.5
ORD102029,2025-10-30,3,8,Pending,541.55,11.5,50.0,
ORD100372,2025-10-30,4,1,Delivered,134.19,10.8,47.0,4.0
ORD104957,2025-10-30,20,3,Delivered,365.09,6.0,34.0,5.0
ORD104922,2025-10-30,4,5,Delivered,159.98,2.3,33.0,5.0
ORD102922,2025-10-30,4,3,Cancelled,0.0,6.3,,
ORD101988,2025-10-30,18,3,Delivered,692.62,5.1,33.0,4.5
ORD104021,2025-10-30,2,2,Delivered,545.2,8.6,42.0,4.5
ORD101621,2025-10-30,15,1,Delivered,425.13,10.1,46.0,3.5
ORD103918,2025-10-30,6,5,Delivered,197.13,2.6,31.0,4.5
ORD100436,2025-10-30,3,4,Delivered,429.01,10.2,43.0,4.0
ORD102852,2025-10-30,1,1,Delivered,600.97,7.8,38.0,3.5
ORD104372,2025-10-30,2,4,Delivered,311.98,7.8,40.0,4.0
ORD100243,2025-10-30,3,7,Delivered,396.14,7.1,27.0,5.0
ORD104084,2025-10-30,15,1,Delivered,289.51,1.6,21.0,4.5
ORD102325,2025-10-30,15,1,Delivered,401.58,8.6,41.0,3.5
ORD100428,2025-10-31,6,5,Pending,309.77,8.0,36.0,
ORD103870,2025-10-31,16,2,Delivered,383.75,8.3,50.0,2.0
ORD103004,2025-10-31,13,1,Delivered,435.65,3.4,32.0,5.0
ORD103905,2025-10-31,13,3,Delivered,335.76,5.4,42.0,3.5
ORD103102,2025-10-31,19,5,Delivered,215.51,11.1,50.0,4.5
ORD101892,2025-10-31,13,7,Delivered,417.9,5.1,32.0,5.0
ORD104204,2025-10-31,7,6,Delivered,253.01,1.7,30.0,4.5
ORD104672,2025-10-31,4,3,Pending,170.07,1.6,38.0,
ORD103857,2025-10-31,13,4,Delivered,439.95,6.4,30.0,3.0
ORD100293,2025-10-31,3,7,Delivered,334.4,3.7,34.0,4.0
ORD101858,2025-10-31,15,7,Delivered,444.35,11.8,45.0,4.0
ORD100035,2025-10-31,13,8,Delivered,274.06,8.2,42.0,4.5
ORD102803,2025-10-31,14,7,Delivered,250.69,10.4,47.0,4.0
ORD100048,2025-10-31,6,1,Delivered,185.07,4.9,31.0,5.0
ORD100040,2025-10-31,18,6,Delivered,439.84,10.2,50.0,3.5
ORD104856,2025-11-01,5,4,Delivered,340.49,2.8,34.0,3.0
ORD100485,2025-11-01,12,8,Delivered,604.86,8.0,39.0,4.0
ORD104737,2025-11-01,3,1,Delivered,571.68,10.7,52.0,3.5
ORD103375,2025-11-01,4,5,Delivered,318.36,3.1,30.0,5.0
ORD103885,2025-11-01,15,7,Delivered,262.29,6.3,45.0,3.5
ORD103762,2025-11-01,10,2,Delivered,384.51,11.2,57.0,4.0
ORD102642,2025-11-01,7,3,Delivered,529.77,5.8,45.0,3.5
ORD102302,2025-11-01,17,8,Refunded,0.0,4.5,29.0,5.0
ORD102365,2025-11-01,3,1,Delivered,570.15,7.9,55.0,3.5
ORD104350,2025-11-01,11,4,Delivered,703.96,8.3,38.0,3.5
ORD101587,2025-11-01,19,4,Delivered,401.78,9.4,36.0,3.5
ORD101528,2025-11-01,11,7,Pending,397.99,8.6,43.0,
ORD100890,2025-11-01,13,3,Delivered,448.61,9.5,50.0,3.5
ORD100460,2025-11-01,7,1,Delivered,487.06,4.1,30.0,4.0
ORD102677,2025-11-01,16,3,Delivered,327.28,1.1,29.0,4.5
ORD104089,2025-11-02,8,3,Delivered,275.18,1.2,20.0,4.0
ORD104269,2025-11-02,15,1,Delivered,228.85,7.1,36.0,4.0
ORD100874,2025-11-02,16,4,Delivered,579.36,10.0,48.0,4.0
ORD104606,2025-11-02,6,4,Delivered,218.01,6.7,35.0,5.0
ORD104547,2025-11-02,7,2,Delivered,326.05,11.2,38.0,4.5
ORD100822,2025-11-02,13,2,Delivered,250.65,8.4,39.0,5.0
ORD100700,2025-11-02,21,4,Delivered,217.92,3.7,23.0,5.0
ORD104302,2025-11-02,21,2,Delivered,298.03,3.8,24.0,4.0
ORD104116,2025-11-02,4,2,Delivered,204.85,8.4,32.0,5.0
ORD102522,2025-11-02,17,7,Pending,458.56,7.5,36.0,
ORD100653,2025-11-02,8,1,Delivered,315.06,6.1,40.0,5.0
ORD102297,2025-11-02,14,8,Delivered,425.51,9.7,49.0,4.5
ORD102602,2025-11-02,14,4,Delivered,383.01,7.3,43.0,4.5
ORD102237,2025-11-02,10,3,Delivered,339.41,10.9,52.0,4.0
ORD103716,2025-11-02,19,8,Delivered,290.81,8.8,52.0,3.5
ORD100465,2025-11-02,13,3,Delivered,412.71,7.0,40.0,5.0
ORD104008,2025-11-02,6,3,Cancelled,0.0,6.3,,
ORD104898,2025-11-02,19,3,Delivered,255.59,7.6,37.0,4.5
ORD104049,2025-11-02,14,5,Delivered,216.66,1.5,19.0,5.0
ORD103620,2025-11-02,11,6,Delivered,425.5,3.7,27.0,4.5
ORD101347,2025-11-02,10,4,Delivered,785.42,5.7,32.0,4.5
ORD104399,2025-11-03,7,6,Delivered,510.71,1.5,20.0,5.0
ORD100352,2025-11-03,20,3,Delivered,410.08,9.1,48.0,5.0
ORD102025,2025-11-03,18,2,Delivered,443.68,10.1,35.0,4.5
ORD101826,2025-11-03,1,6,Delivered,574.7,10.0,45.0,4.0
ORD100779,2025-11-03,1,5,Delivered,647.45,1.8,26.0,4.5
ORD102031,2025-11-03,17,1,Delivered,278.38,1.8,23.0,5.0
ORD101619,2025-11-03,14,4,Delivered,402.97,2.0,23.0,3.5
ORD101612,2025-11-03,13,5,Delivered,397.91,2.0,16.0,4.0
ORD100402,2025-11-03,4,5,Delivered,349.22,4.6,23.0,4.0
ORD100914,2025-11-03,5,4,Delivered,313.28,4.3,21.0,4.0
ORD102678,2025-11-03,16,5,Delivered,431.03,2.0,21.0,5.0
ORD100880,2025-11-03,4,2,Delivered,281.24,8.8,43.0,4.5
ORD101356,2025-11-03,5,3,Pending,341.1,9.7,48.0,
ORD102871,2025-11-04,13,4,Delivered,355.18,7.8,37.0,5.0
ORD101223,2025-11-04,6,1,Cancelled,0.0,4.9,,
ORD100466,2025-11-04,11,6,Refunded,0.0,10.3,43.0,4.0
ORD102960,2025-11-04,4,8,Refunded,0.0,9.0,37.0,4.5
ORD104739,2025-11-04,9,2,Delivered,231.58,6.6,32.0,3.5
ORD100830,2025-11-04,14,3,Refunded,0.0,4.2,34.0,4.5
ORD104508,2025-11-04,13,2,Delivered,350.21,7.9,42.0,3.5
ORD103771,2025-11-04,10,2,Delivered,777.72,6.2,31.0,4.0
ORD103841,2025-11-04,4,2,Delivered,328.02,6.9,32.0,4.0
ORD103402,2025-11-04,1,2,Delivered,669.5,2.1,17.0,5.0
ORD100886,2025-11-04,15,1,Delivered,307.53,1.6,18.0,5.0
ORD102329,2025-11-04,1,3,Delivered,665.16,8.0,42.0,4.0
ORD103323,2025-11-05,16,1,Delivered,724.77,5.9,23.0,4.0
ORD100582,2025-11-05,8,7,Delivered,355.5,3.9,25.0,3.5
ORD100622,2025-11-05,2,6,Delivered,371.71,7.4,28.0,4.0
ORD104074,2025-11-05,11,1,Pending,769.59,2.4,24.0,
ORD104145,2025-11-05,3,5,Delivered,367.84,12.0,43.0,5.0
ORD101510,2025-11-05,1,4,Delivered,606.59,8.9,53.0,4.0
ORD100698,2025-11-05,1,4,Delivered,552.85,7.0,39.0,4.5
ORD104528,2025-11-05,5,2,Delivered,173.68,8.6,34.0,3.0
ORD101544,2025-11-05,9,3,Delivered,334.72,6.6,46.0,4.0
ORD100267,2025-11-05,8,4,Delivered,274.61,9.5,34.0,4.5
ORD103956,2025-11-05,10,3,Delivered,552.95,6.1,30.0,5.0
ORD101307,2025-11-05,7,3,Cancelled,0.0,3.2,,
ORD103007,2025-11-05,6,4,Delivered,151.12,8.2,43.0,5.0
ORD103550,2025-11-05,18,6,Delivered,398.42,2.6,15.0,3.5
ORD101679,2025-11-05,15,1,Delivered,205.22,8.0,36.0,3.5
ORD104016,2025-11-05,13,1,Delivered,289.27,1.2,20.0,4.0
ORD101776,2025-11-06,6,2,Delivered,200.72,4.9,27.0,5.0
ORD103159,2025-11-06,6,4,Delivered,208.19,5.9,35.0,4.5
ORD102164,2025-11-06,8,5,Delivered,398.03,5.4,29.0,4.5
ORD103268,2025-11-06,6,1,Delivered,342.22,9.5,38.0,5.0
ORD103364,2025-11-06,7,5,Delivered,374.47,4.4,35.0,3.5
ORD102751,2025-11-06,6,2,Cancelled,0.0,1.1,,
ORD101526,2025-11-06,8,1,Delivered,540.52,3.1,24.0,4.0
ORD104613,2025-11-06,15,3,Cancelled,0.0,7.0,,
ORD101354,2025-11-06,15,7,Delivered,190.75,11.7,38.0,4.0
ORD100369,2025-11-06,13,3,Delivered,360.04,5.0,27.0,5.0
ORD103940,2025-11-06,13,5,Delivered,221.13,10.5,38.0,4.0
ORD100943,2025-11-06,1,5,Delivered,637.28,9.9,37.0,4.5
ORD100515,2025-11-06,17,7,Delivered,633.5,2.5,16.0,4.0
ORD102610,2025-11-06,11,3,Delivered,669.48,3.2,25.0,4.0
ORD102765,2025-11-07,13,4,Delivered,244.11,5.4,37.0,4.0
ORD103134,2025-11-07,2,7,Delivered,433.19,10.8,50.0,4.0
ORD103953,2025-11-07,1,3,Delivered,266.43,9.2,47.0,4.0
ORD103582,2025-11-07,3,3,Delivered,477.87,3.6,46.0,4.5
ORD101520,2025-11-07,10,7,Delivered,553.37,3.3,32.0,5.0
ORD101556,2025-11-07,8,3,Delivered,465.95,2.0,30.0,5.0
ORD100443,2025-11-07,20,5,Delivered,173.82,10.9,50.0,4.5
ORD101915,2025-11-07,15,6,Delivered,213.07,3.5,37.0,5.0
ORD104465,2025-11-07,6,7,Delivered,312.68,7.2,34.0,4.5
ORD104055,2025-11-07,10,1,Delivered,779.21,10.9,47.0,3.5
ORD103588,2025-11-07,17,3,Delivered,611.01,8.3,54.0,4.5
ORD103075,2025-11-07,7,3,Delivered,466.8,4.0,37.0,4.5
ORD100932,2025-11-07,10,1,Delivered,355.84,2.8,24.0,4.0
ORD100939,2025-11-07,9,5,Pending,540.0,1.6,30.0,
ORD100689,2025-11-07,16,8,Delivered,551.24,6.9,39.0,3.5
ORD100211,2025-11-07,13,6,Pending,313.26,8.4,43.0,
ORD104615,2025-11-07,1,3,Delivered,469.57,10.9,56.0,5.0
ORD104001,2025-11-07,13,3,Delivered,184.36,5.4,45.0,3.0
ORD102197,2025-11-07,11,4,Delivered,491.51,11.8,54.0,3.0
ORD100714,2025-11-07,12,5,Delivered,333.01,6.7,33.0,5.0
ORD102212,2025-11-07,16,6,Delivered,328.07,11.6,51.0,3.5
ORD101263,2025-11-07,3,4,Delivered,383.63,11.4,53.0,4.5
ORD103295,2025-11-07,17,2,Delivered,450.17,6.3,35.0,4.0
ORD100816,2025-11-07,10,1,Delivered,421.59,5.9,27.0,5.0
ORD103709,2025-11-07,19,5,Delivered,382.68,1.2,20.0,4.5
ORD102413,2025-11-07,11,5,Cancelled,0.0,8.5,,
ORD104282,2025-11-08,18,2,Delivered,608.86,1.6,26.0,5.0
ORD101068,2025-11-08,10,1,Delivered,388.4,10.5,34.0,4.0
ORD103889,2025-11-08,10,3,Delivered,791.93,8.7,52.0,3.5
ORD103469,2025-11-08,1,3,Delivered,508.45,5.7,43.0,4.0
ORD101138,2025-11-08,15,7,Delivered,386.52,11.4,52.0,3.5
ORD100086,2025-11-08,9,2,Delivered,279.91,9.9,45.0,4.0
ORD100915,2025-11-08,5,3,Delivered,190.36,6.1,45.0,3.0
ORD104435,2025-11-08,3,3,Delivered,509.76,9.8,46.0,4.5
ORD104952,2025-11-08,9,1,Refunded,0.0,1.5,30.0,3.5
ORD102074,2025-11-08,16,3,Delivered,365.98,6.4,49.0,4.0
ORD100509,2025-11-08,11,2,Delivered,663.84,7.6,50.0,2.5
ORD100671,2025-11-08,15,7,Cancelled,0.0,11.7,,
ORD101267,2025-11-08,10,6,Delivered,671.61,5.2,29.0,4.5
ORD102182,2025-11-08,3,5,Delivered,572.88,1.5,22.0,4.5
ORD100066,2025-11-09,16,2,Delivered,287.12,8.8,33.0,3.5
ORD101275,2025-11-09,15,7,Delivered,456.34,11.3,51.0,4.0
ORD100156,2025-11-09,10,5,Delivered,596.18,10.8,44.0,4.5
ORD100847,2025-11-09,3,2,Delivered,488.34,8.9,43.0,4.0
ORD101778,2025-11-09,17,5,Delivered,400.39,10.7,35.0,4.0
ORD102481,2025-11-09,10,3,Delivered,441.62,7.2,38.0,4.0
ORD103439,2025-11-09,16,2,Delivered,461.02,4.2,30.0,4.5
ORD103576,2025-11-09,8,1,Delivered,208.46,3.0,23.0,5.0
ORD101094,2025-11-09,9,4,Delivered,471.82,10.9,51.0,3.0
ORD102966,2025-11-09,3,5,Delivered,500.72,6.2,30.0,4.0
ORD103311,2025-11-10,14,8,Delivered,345.23,6.3,24.0,5.0
ORD104261,2025-11-10,21,1,Delivered,203.77,4.2,30.0,4.0
ORD103436,2025-11-10,8,2,Delivered,296.21,9.6,42.0,4.0
ORD103291,2025-11-10,3,3,Delivered,432.67,10.2,48.0,3.5
ORD100484,2025-11-10,13,4,Cancelled,0.0,5.5,,
ORD103096,2025-11-10,14,1,Pending,186.08,1.4,19.0,
ORD102770,2025-11-10,13,6,Delivered,440.98,3.8,37.0,3.5
ORD101016,2025-11-10,13,3,Delivered,421.78,7.6,36.0,4.0
ORD101299,2025-11-11,16,4,Refunded,0.0,8.7,33.0,3.0
ORD104532,2025-11-11,20,3,Delivered,269.42,3.9,26.0,5.0
ORD100529,2025-11-11,18,5,Delivered,332.94,2.9,23.0,4.5
ORD101211,2025-11-11,6,4,Delivered,289.27,10.8,51.0,4.0
ORD102369,2025-11-11,6,8,Delivered,211.24,10.0,33.0,5.0
ORD101733,2025-11-11,13,1,Delivered,396.53,1.8,24.0,3.5
ORD102051,2025-11-11,17,4,Delivered,658.9,10.9,45.0,5.0
ORD103440,2025-11-11,7,1,Cancelled,0.0,4.8,,
ORD103593,2025-11-11,3,1,Delivered,666.51,2.9,24.0,5.0
ORD102349,2025-11-11,3,2,Delivered,589.54,5.5,25.0,5.0
ORD101817,2025-11-11,2,5,Delivered,489.03,7.4,34.0,3.0
ORD102569,2025-11-11,8,5,Delivered,534.29,10.0,48.0,4.0
ORD104328,2025-11-11,15,3,Cancelled,0.0,11.7,,
ORD102710,2025-11-11,7,4,Delivered,263.77,11.2,44.0,4.0
ORD101154,2025-11-11,14,1,Delivered,293.46,5.0,23.0,4.5
ORD101927,2025-11-11,9,5,Delivered,500.98,5.6,32.0,3.0
ORD103779,2025-11-11,19,6,Delivered,290.75,3.2,26.0,4.5
ORD100325,2025-11-12,8,3,Cancelled,0.0,8.0,,
ORD103222,2025-11-12,16,5,Delivered,610.43,2.5,27.0,3.5
ORD104288,2025-11-12,6,1,Delivered,351.25,5.4,24.0,5.0
ORD103214,2025-11-12,18,2,Delivered,321.73,1.2,24.0,3.0
ORD102146,2025-11-12,18,7,Delivered,370.01,11.9,49.0,3.0
ORD103929,2025-11-12,7,3,Delivered,308.76,7.5,36.0,4.5
ORD101230,2025-11-12,21,6,Delivered,269.21,4.5,35.0,4.5
ORD101239,2025-11-12,17,5,Delivered,693.71,7.6,39.0,4.5
ORD104090,2025-11-12,2,4,Delivered,517.77,2.7,19.0,4.0
ORD102868,2025-11-12,1,4,Delivered,549.59,10.0,43.0,3.5
ORD102401,2025-11-12,13,4,Delivered,446.34,3.3,26.0,5.0
ORD102403,2025-11-12,2,3,Delivered,563.99,3.4,38.0,4.5
ORD100666,2025-11-12,17,5,Delivered,643.71,9.1,34.0,4.5
ORD101416,2025-11-12,18,5,Cancelled,0.0,1.5,,
ORD100382,2025-11-13,9,7,Delivered,246.62,11.3,46.0,2.5
ORD100393,2025-11-13,17,7,Delivered,583.47,3.8,27.0,3.0
ORD103869,2025-11-13,14,3,Refunded,0.0,5.7,36.0,4.0
ORD102771,2025-11-13,13,1,Delivered,428.96,3.5,29.0,4.5
ORD100986,2025-11-13,21,1,Delivered,191.85,8.3,46.0,4.0
ORD104277,2025-11-13,11,1,Delivered,431.72,4.6,28.0,5.0
ORD102322,2025-11-13,3,5,Delivered,255.18,4.8,17.0,4.5
ORD101077,2025-11-13,3,1,Delivered,649.08,3.2,21.0,5.0
ORD102581,2025-11-13,5,2,Pending,139.87,7.4,41.0,
ORD104947,2025-11-13,4,4,Delivered,167.7,5.2,30.0,5.0
ORD102112,2025-11-13,20,1,Delivered,271.81,9.4,43.0,2.5
ORD104792,2025-11-13,14,2,Delivered,303.82,7.3,28.0,5.0
ORD102879,2025-11-13,2,1,Delivered,317.81,2.0,26.0,4.0
ORD101740,2025-11-14,14,5,Pending,404.16,1.8,20.0,
ORD104464,2025-11-14,17,2,Delivered,396.14,3.2,27.0,4.0
ORD103763,2025-11-14,13,6,Delivered,379.84,7.9,46.0,4.5
ORD102378,2025-11-14,21,3,Cancelled,0.0,2.6,,
ORD103772,2025-11-14,1,8,Delivered,592.39,5.6,40.0,4.0
ORD100829,2025-11-14,5,1,Delivered,290.59,8.0,39.0,3.0
ORD104552,2025-11-14,14,1,Delivered,448.53,9.7,48.0,4.0
ORD103712,2025-11-14,17,2,Delivered,455.22,6.9,39.0,3.5
ORD104826,2025-11-15,4,3,Delivered,281.57,7.1,48.0,5.0
ORD104641,2025-11-15,19,6,Refunded,0.0,8.7,39.0,5.0
ORD104813,2025-11-15,15,1,Delivered,178.33,4.0,35.0,4.0
ORD104155,2025-11-15,10,8,Delivered,583.62,5.5,30.0,5.0
ORD104076,2025-11-15,3,7,Refunded,0.0,7.0,44.0,3.5
ORD103245,2025-11-15,10,3,Delivered,556.12,9.4,59.0,3.5
ORD103670,2025-11-15,12,3,Delivered,477.04,6.5,45.0,5.0
ORD103934,2025-11-15,6,6,Delivered,150.51,7.5,48.0,3.5
ORD101355,2025-11-15,12,6,Delivered,395.2,10.4,45.0,4.0
ORD101975,2025-11-15,6,5,Delivered,325.36,8.8,39.0,5.0
ORD102614,2025-11-15,11,4,Delivered,720.21,10.4,50.0,3.5
ORD102307,2025-11-15,16,3,Refunded,0.0,8.8,49.0,4.0
ORD103982,2025-11-15,10,2,Delivered,318.49,10.5,48.0,5.0
ORD104230,2025-11-15,1,1,Delivered,359.22,7.7,38.0,4.0
ORD100744,2025-11-15,11,6,Delivered,593.23,6.8,43.0,4.5
ORD102275,2025-11-15,15,3,Delivered,423.83,7.8,47.0,3.5
ORD100299,2025-11-16,15,1,Delivered,332.56,2.6,15.0,5.0
ORD104454,2025-11-16,13,3,Delivered,390.7,7.4,41.0,5.0
ORD102786,2025-11-16,11,3,Delivered,411.85,5.2,37.0,4.0
ORD104980,2025-11-16,14,3,Delivered,446.66,3.7,33.0,4.0
ORD104920,2025-11-16,6,4,Delivered,142.24,1.4,26.0,5.0
ORD101492,2025-11-16,8,8,Refunded,0.0,3.4,29.0,4.0
ORD103706,2025-11-16,14,3,Delivered,286.84,10.3,52.0,3.0
ORD102833,2025-11-16,4,6,Delivered,264.43,8.5,42.0,4.5
ORD101769,2025-11-16,19,1,Delivered,321.78,3.2,27.0,4.0
ORD104870,2025-11-16,18,4,Delivered,518.65,5.6,28.0,3.5
ORD102243,2025-11-16,1,1,Delivered,364.35,3.8,38.0,3.5
ORD101014,2025-11-16,19,5,Delivered,286.86,9.1,39.0,4.5
ORD104451,2025-11-16,1,2,Delivered,605.24,8.2,35.0,3.5
ORD101143,2025-11-16,2,4,Delivered,614.97,11.3,48.0,4.0
ORD100441,2025-11-16,5,1,Delivered,219.69,6.4,34.0,3.5
ORD101595,2025-11-16,6,2,Cancelled,0.0,6.8,,
ORD101558,2025-11-16,2,1,Delivered,505.41,11.6,44.0,4.0
ORD102194,2025-11-17,2,3,Delivered,305.25,5.2,31.0,5.0
ORD104819,2025-11-17,2,6,Delivered,327.57,6.4,29.0,5.0
ORD101553,2025-11-17,16,3,Delivered,309.42,10.2,35.0,3.5
ORD103590,2025-11-17,3,2,Delivered,511.69,5.2,37.0,5.0
ORD101400,2025-11-17,3,5,Delivered,535.25,10.5,41.0,4.0
ORD100627,2025-11-17,4,2,Delivered,175.15,9.4,39.0,4.5
ORD104334,2025-11-17,12,2,Delivered,442.24,2.8,27.0,5.0
ORD104024,2025-11-17,15,1,Delivered,421.74,1.4,20.0,5.0
ORD101842,2025-11-17,4,3,Delivered,188.23,9.0,50.0,2.5
ORD104662,2025-11-17,14,4,Delivered,175.29,2.0,27.0,5.0
ORD100649,2025-11-17,5,4,Delivered,201.32,3.7,35.0,3.0
ORD100406,2025-11-18,9,5,Delivered,206.61,3.8,32.0,3.5
ORD104373,2025-11-18,1,4,Delivered,623.32,8.0,33.0,3.5
ORD102193,2025-11-18,3,3,Delivered,363.45,9.4,52.0,4.0
ORD104753,2025-11-18,17,3,Delivered,607.07,4.0,33.0,5.0
ORD101334,2025-11-18,14,8,Delivered,363.45,11.2,44.0,4.5
ORD103433,2025-11-18,11,6,Delivered,466.27,11.7,41.0,4.0
ORD102234,2025-11-18,1,2,Delivered,319.78,10.7,49.0,4.5
ORD101467,2025-11-18,21,1,Refunded,0.0,5.1,39.0,3.5
ORD102968,2025-11-18,14,7,Delivered,412.03,11.5,48.0,5.0
ORD104844,2025-11-18,2,3,Delivered,378.46,6.0,48.0,3.5
ORD101111,2025-11-18,10,1,Delivered,370.99,2.4,27.0,4.0
ORD101398,2025-11-18,15,1,Delivered,423.92,10.6,43.0,3.5
ORD100926,2025-11-18,4,1,Delivered,151.7,3.6,32.0,5.0
ORD102940,2025-11-18,3,6,Delivered,556.77,3.0,22.0,5.0
ORD102967,2025-11-18,19,7,Delivered,382.0,8.1,37.0,5.0
ORD104549,2025-11-18,6,3,Delivered,154.73,2.2,23.0,4.5
ORD102686,2025-11-19,2,1,Delivered,564.2,10.8,41.0,3.0
ORD104780,2025-11-19,15,7,Delivered,437.89,10.1,41.0,4.5
ORD100732,2025-11-19,1,3,Refunded,0.0,6.6,39.0,5.0
ORD104132,2025-11-19,14,1,Delivered,352.22,5.8,36.0,4.0
ORD102519,2025-11-19,17,3,Cancelled,0.0,6.8,,
ORD101852,2025-11-19,5,8,Delivered,199.72,8.6,39.0,4.0
ORD102883,2025-11-20,5,1,Delivered,244.38,1.7,21.0,5.0
ORD100813,2025-11-20,17,3,Delivered,277.45,6.3,35.0,4.0
ORD103334,2025-11-20,8,2,Delivered,375.64,8.3,47.0,4.0
ORD101115,2025-11-20,15,6,Delivered,419.13,6.2,31.0,4.0
ORD101433,2025-11-20,7,7,Delivered,254.06,9.3,39.0,4.5
ORD104703,2025-11-20,17,4,Delivered,721.84,1.2,13.0,4.0
ORD103896,2025-11-20,17,4,Delivered,313.72,9.4,32.0,4.5
ORD103911,2025-11-20,10,7,Delivered,614.36,1.9,27.0,3.0
ORD101727,2025-11-20,8,1,Pending,216.04,11.1,48.0,
ORD104316,2025-11-20,17,3,Delivered,569.67,3.6,32.0,4.5
ORD100280,2025-11-20,7,3,Delivered,284.75,9.7,35.0,4.5
ORD104577,2025-11-20,6,1,Delivered,144.68,6.0,33.0,4.5
ORD100446,2025-11-21,13,2,Delivered,199.92,10.7,47.0,3.5
ORD101312,2025-11-21,1,1,Delivered,268.38,5.8,37.0,4.5
ORD104973,2025-11-21,7,6,Delivered,442.16,2.3,35.0,5.0
ORD102026,2025-11-21,9,2,Delivered,324.39,9.3,46.0,3.0
ORD101381,2025-11-21,10,6,Delivered,372.62,5.7,33.0,3.5
ORD102064,2025-11-21,21,3,Delivered,165.01,2.7,36.0,3.5
ORD101569,2025-11-21,1,1,Delivered,410.07,5.6,33.0,5.0
ORD102585,2025-11-21,13,2,Delivered,300.33,1.7,23.0,5.0
ORD102616,2025-11-21,14,3,Delivered,372.7,10.1,51.0,3.0
ORD103900,2025-11-21,18,5,Delivered,449.23,4.5,37.0,3.5
ORD103792,2025-11-21,5,5,Delivered,274.63,6.3,34.0,3.0
ORD103703,2025-11-21,2,4,Delivered,509.57,3.1,26.0,5.0
ORD104022,2025-11-22,14,7,Delivered,275.3,5.7,38.0,4.0
ORD104285,2025-11-22,19,2,Delivered,333.48,2.0,24.0,4.5
ORD100294,2025-11-22,19,3,Delivered,263.05,5.0,36.0,4.0
ORD100268,2025-11-22,2,3,Delivered,265.79,1.6,42.0,3.5
ORD104748,2025-11-22,7,2,Delivered,245.31,11.2,47.0,4.0
ORD101127,2025-11-22,8,5,Delivered,295.94,8.8,50.0,4.5
ORD102041,2025-11-22,4,8,Cancelled,0.0,9.4,,
ORD104477,2025-11-22,2,3,Delivered,419.89,1.3,24.0,5.0
ORD100005,2025-11-22,15,2,Cancelled,0.0,8.6,,
ORD103974,2025-11-22,7,2,Delivered,226.43,2.3,26.0,5.0
ORD103172,2025-11-22,7,1,Delivered,434.04,2.2,32.0,4.5
ORD101902,2025-11-22,7,4,Delivered,476.3,3.4,35.0,5.0
ORD100265,2025-11-22,17,4,Refunded,0.0,9.7,44.0,4.0
ORD102509,2025-11-23,12,6,Refunded,0.0,8.4,36.0,5.0
ORD101061,2025-11-23,2,1,Delivered,462.46,1.8,28.0,4.0
ORD103653,2025-11-23,6,2,Delivered,310.8,1.1,15.0,5.0
ORD101700,2025-11-23,5,3,Pending,208.81,4.0,29.0,
ORD104410,2025-11-23,9,1,Delivered,292.7,7.1,21.0,4.5
ORD103594,2025-11-23,16,3,Delivered,591.1,8.5,50.0,3.5
ORD100269,2025-11-23,8,3,Delivered,456.11,4.8,36.0,4.5
ORD101332,2025-11-24,15,1,Delivered,191.79,8.2,38.0,4.5
ORD102690,2025-11-24,1,1,Delivered,370.83,4.6,32.0,5.0
ORD100665,2025-11-24,17,3,Refunded,0.0,7.8,53.0,3.5
ORD101539,2025-11-24,6,4,Delivered,185.0,2.7,17.0,5.0
ORD101200,2025-11-24,14,2,Delivered,180.42,5.4,36.0,5.0
ORD100044,2025-11-24,13,1,Delivered,234.86,5.8,37.0,4.0
ORD101123,2025-11-24,11,3,Delivered,434.85,10.7,49.0,3.5
ORD103824,2025-11-24,11,6,Delivered,344.4,4.3,29.0,4.5
ORD103181,2025-11-24,13,2,Delivered,430.0,5.4,30.0,5.0
ORD100218,2025-11-24,20,2,Delivered,217.64,9.7,37.0,4.0
ORD101272,2025-11-24,6,6,Delivered,338.51,8.3,41.0,4.0
ORD103675,2025-11-24,14,2,Delivered,363.97,10.1,50.0,4.0
ORD102465,2025-11-24,20,6,Delivered,373.29,7.9,32.0,3.5
ORD103689,2025-11-24,14,5,Delivered,180.79,8.3,27.0,5.0
ORD103473,2025-11-25,13,7,Delivered,455.28,9.3,36.0,3.5
ORD100114,2025-11-25,14,7,Delivered,329.71,2.8,25.0,5.0
ORD102571,2025-11-25,18,1,Delivered,386.03,11.1,41.0,2.5
ORD104512,2025-11-25,18,1,Delivered,620.11,8.5,32.0,3.0
ORD102340,2025-11-25,9,3,Delivered,500.37,9.7,45.0,3.0
ORD104083,2025-11-25,7,3,Delivered,384.32,10.2,45.0,5.0
ORD104340,2025-11-25,1,5,Delivered,325.01,1.8,20.0,5.0
ORD104010,2025-11-25,7,6,Delivered,501.89,3.1,23.0,5.0
ORD101494,2025-11-26,3,5,Delivered,326.96,7.5,38.0,5.0
ORD104180,2025-11-26,1,1,Delivered,408.18,5.5,34.0,4.5
ORD102291,2025-11-26,12,3,Delivered,737.47,11.4,58.0,3.5
ORD100842,2025-11-26,18,2,Delivered,374.1,9.8,41.0,4.0
ORD104636,2025-11-26,10,7,Delivered,790.09,2.9,30.0,5.0
ORD100148,2025-11-26,6,7,Delivered,325.17,2.9,17.0,5.0
ORD104332,2025-11-26,15,4,Delivered,397.06,4.6,25.0,4.0
ORD102431,2025-11-26,7,2,Delivered,379.99,4.9,29.0,4.5
ORD103382,2025-11-26,8,1,Delivered,468.18,11.3,38.0,4.0
ORD100468,2025-11-26,18,3,Delivered,601.3,9.6,48.0,3.0
ORD102918,2025-11-26,14,1,Refunded,0.0,6.7,33.0,5.0
ORD101414,2025-11-26,21,3,Delivered,256.24,2.0,29.0,5.0
ORD101069,2025-11-26,14,2,Delivered,422.47,7.3,40.0,5.0
ORD102476,2025-11-26,21,8,Delivered,286.76,10.5,51.0,3.5
ORD103112,2025-11-27,16,8,Delivered,670.2,4.3,32.0,3.5
ORD100254,2025-11-27,1,4,Delivered,519.51,3.0,28.0,5.0
ORD103488,2025-11-27,14,2,Delivered,274.78,6.8,27.0,4.0
ORD101893,2025-11-27,19,6,Delivered,364.71,8.7,28.0,3.5
ORD103071,2025-11-27,5,3,Delivered,215.81,6.9,39.0,4.0
ORD103248,2025-11-27,3,4,Delivered,379.71,2.8,19.0,4.5
ORD101706,2025-11-28,13,6,Delivered,386.94,9.3,46.0,3.5
ORD102738,2025-11-28,12,3,Refunded,0.0,8.6,50.0,3.5
ORD103987,2025-11-28,15,6,Delivered,321.52,2.7,35.0,4.5
ORD100678,2025-11-28,4,6,Delivered,162.6,9.8,45.0,4.0
ORD101128,2025-11-28,14,3,Delivered,234.37,11.7,58.0,3.5
ORD100935,2025-11-28,15,1,Delivered,176.56,7.3,32.0,4.0
ORD101283,2025-11-28,17,7,Delivered,347.49,6.8,36.0,3.5
ORD100899,2025-11-28,4,2,Delivered,171.24,8.3,36.0,4.5
ORD104191,2025-11-28,10,2,Delivered,461.56,3.5,33.0,4.0
ORD101048,2025-11-28,2,1,Delivered,252.97,10.5,58.0,2.5
ORD104335,2025-11-28,4,4,Delivered,343.54,11.8,49.0,4.0
ORD101746,2025-11-29,8,1,Delivered,367.66,5.6,36.0,4.5
ORD103742,2025-11-29,14,2,Delivered,263.74,7.3,38.0,3.5
ORD103443,2025-11-29,17,2,Delivered,457.56,1.1,17.0,5.0
ORD103741,2025-11-29,8,7,Cancelled,0.0,8.4,,
ORD102976,2025-11-29,8,3,Delivered,264.11,5.7,53.0,4.0
ORD104389,2025-11-29,16,5,Delivered,558.73,6.9,41.0,4.5
ORD102228,2025-11-29,11,8,Delivered,800.12,2.1,29.0,4.0
ORD100676,2025-11-29,8,4,Delivered,361.18,6.2,37.0,5.0
ORD102558,2025-11-29,12,1,Delivered,739.03,2.1,30.0,5.0
ORD104890,2025-11-29,1,2,Delivered,553.98,6.9,33.0,4.5
ORD104852,2025-11-30,18,6,Delivered,383.79,3.3,20.0,4.5
ORD102806,2025-11-30,3,1,Delivered,269.81,2.8,26.0,5.0
ORD100761,2025-11-30,14,3,Delivered,386.39,7.9,41.0,4.5
ORD101394,2025-11-30,20,7,Pending,284.65,4.4,25.0,
ORD104945,2025-11-30,8,3,Delivered,229.07,6.3,38.0,4.0
ORD101745,2025-11-30,4,2,Delivered,251.69,4.1,25.0,4.5
ORD104402,2025-11-30,11,1,Refunded,0.0,2.3,25.0,5.0
ORD104886,2025-11-30,9,7,Delivered,357.51,9.1,32.0,4.0
ORD104178,2025-11-30,8,6,Delivered,229.85,2.2,19.0,4.5
ORD101788,2025-11-30,19,7,Delivered,394.1,3.1,22.0,4.5
ORD102176,2025-11-30,3,5,Delivered,467.26,5.8,34.0,4.5
ORD104331,2025-11-30,15,1,Delivered,182.88,10.1,36.0,5.0
ORD104842,2025-11-30,9,5,Cancelled,0.0,6.8,,
ORD102392,2025-11-30,12,3,Delivered,791.67,3.4,30.0,5.0
ORD103526,2025-11-30,3,1,Delivered,502.97,8.0,41.0,4.0
ORD104876,2025-11-30,6,1,Delivered,214.53,4.6,33.0,5.0
ORD102652,2025-11-30,15,3,Delivered,300.24,6.2,32.0,5.0
ORD101228,2025-11-30,19,2,Delivered,198.12,9.1,39.0,5.0
ORD104164,2025-11-30,5,1,Delivered,320.65,6.5,28.0,3.5
ORD101736,2025-11-30,10,4,Delivered,583.3,9.1,27.0,3.0
ORD101602,2025-12-01,12,1,Cancelled,0.0,7.8,,
ORD101098,2025-12-01,6,6,Delivered,190.69,2.9,21.0,5.0
ORD100417,2025-12-01,11,3,Delivered,747.55,10.9,48.0,3.5
ORD101599,2025-12-01,10,1,Delivered,757.05,8.3,34.0,4.5
ORD102306,2025-12-01,1,4,Delivered,422.22,4.4,30.0,4.5
ORD102763,2025-12-01,13,3,Delivered,204.64,8.5,44.0,2.5
ORD100508,2025-12-01,5,4,Delivered,185.24,2.1,29.0,2.5
ORD101905,2025-12-01,12,6,Delivered,480.82,11.1,49.0,4.5
ORD100092,2025-12-01,10,8,Delivered,347.01,1.7,13.0,5.0
ORD100950,2025-12-01,2,1,Delivered,473.48,1.0,17.0,5.0
ORD102090,2025-12-01,11,3,Pending,648.41,8.3,42.0,
ORD103595,2025-12-01,12,6,Delivered,397.81,2.7,27.0,4.5
ORD100235,2025-12-01,11,4,Delivered,471.93,10.5,48.0,2.0
ORD100875,2025-12-02,13,3,Refunded,0.0,10.5,52.0,4.0
ORD100896,2025-12-02,8,1,Delivered,476.95,8.5,40.0,4.5
ORD104104,2025-12-02,3,1,Delivered,440.12,10.3,42.0,4.5
ORD102857,2025-12-02,1,1,Delivered,382.62,5.9,31.0,4.5
ORD101392,2025-12-02,11,4,Delivered,354.05,10.8,48.0,4.0
ORD101279,2025-12-02,4,5,Delivered,347.09,6.1,25.0,5.0
ORD102820,2025-12-02,17,4,Delivered,533.22,8.2,39.0,3.0
ORD103992,2025-12-02,5,2,Delivered,331.91,6.7,32.0,4.0
ORD101970,2025-12-02,14,2,Delivered,418.18,10.4,42.0,4.5
ORD101248,2025-12-02,4,1,Delivered,342.55,6.0,35.0,4.0
ORD100530,2025-12-02,2,8,Delivered,393.29,6.3,24.0,5.0
ORD104560,2025-12-02,5,4,Delivered,162.53,3.6,35.0,3.5
ORD100574,2025-12-02,10,2,Delivered,336.24,4.4,22.0,5.0
ORD103840,2025-12-02,17,4,Cancelled,0.0,4.1,,
ORD100643,2025-12-02,2,1,Delivered,419.86,4.8,30.0,4.0
ORD103111,2025-12-02,6,4,Delivered,312.81,11.5,39.0,5.0
ORD103914,2025-12-02,5,3,Delivered,153.95,3.2,21.0,4.5
ORD100784,2025-12-02,17,4,Delivered,346.39,8.9,37.0,4.0
ORD103032,2025-12-03,9,1,Delivered,485.68,4.1,29.0,4.0
ORD103674,2025-12-03,16,3,Delivered,717.89,1.4,24.0,4.0
ORD104500,2025-12-03,16,3,Delivered,437.24,11.8,48.0,3.5
ORD100418,2025-12-03,3,4,Delivered,620.31,3.5,33.0,5.0
ORD103673,2025-12-03,11,4,Delivered,495.93,4.9,24.0,4.0
ORD104028,2025-12-03,2,3,Delivered,520.75,6.8,41.0,4.5
ORD104375,2025-12-03,3,8,Cancelled,0.0,11.9,,
ORD101657,2025-12-03,2,2,Delivered,463.7,3.7,24.0,4.5
ORD100016,2025-12-03,12,5,Delivered,746.02,10.5,37.0,4.5
ORD102168,2025-12-03,7,7,Delivered,257.69,5.7,32.0,4.5
ORD102448,2025-12-03,15,2,Delivered,189.48,9.1,37.0,4.5
ORD101622,2025-12-03,21,7,Delivered,324.93,2.9,24.0,4.0
ORD103193,2025-12-03,10,2,Delivered,392.39,3.5,27.0,5.0
ORD103154,2025-12-03,6,5,Delivered,216.19,8.3,37.0,4.0
ORD102651,2025-12-03,10,2,Delivered,370.58,1.9,12.0,4.0
ORD102333,2025-12-03,9,4,Cancelled,0.0,6.5,,
ORD104808,2025-12-03,1,5,Refunded,0.0,9.0,48.0,4.5
ORD104317,2025-12-03,14,2,Delivered,174.87,8.1,38.0,5.0
ORD102920,2025-12-03,9,1,Delivered,536.62,6.1,34.0,3.0
ORD100591,2025-12-03,13,3,Delivered,379.34,2.8,34.0,4.0
ORD100815,2025-12-03,3,6,Delivered,499.55,8.8,45.0,4.0
ORD104751,2025-12-03,13,5,Cancelled,0.0,4.8,,
ORD100415,2025-12-04,5,1,Delivered,198.21,11.5,44.0,4.5
ORD102987,2025-12-04,15,2,Delivered,313.7,9.1,42.0,3.5
ORD101370,2025-12-04,19,2,Delivered,273.45,6.2,38.0,4.0
ORD101326,2025-12-04,12,2,Delivered,423.93,9.7,41.0,4.0
ORD104656,2025-12-04,6,6,Delivered,226.72,5.1,24.0,5.0
ORD104122,2025-12-04,15,2,Delivered,329.84,4.2,22.0,5.0
ORD102092,2025-12-04,8,2,Delivered,288.1,5.3,24.0,5.0
ORD104845,2025-12-04,13,3,Delivered,375.95,8.6,40.0,4.5
ORD101029,2025-12-04,1,3,Delivered,642.43,9.2,41.0,4.0
ORD100185,2025-12-04,13,1,Pending,224.45,3.6,23.0,
ORD103232,2025-12-04,1,4,Delivered,508.84,1.9,20.0,5.0
ORD103240,2025-12-04,9,6,Delivered,295.57,9.6,39.0,3.5
ORD100456,2025-12-04,15,2,Cancelled,0.0,7.9,,
ORD100463,2025-12-04,15,3,Delivered,384.83,2.8,26.0,5.0
ORD100346,2025-12-04,16,8,Delivered,541.63,10.3,39.0,4.5
ORD102167,2025-12-04,4,2,Delivered,139.67,5.7,27.0,3.5
ORD102719,2025-12-04,12,1,Cancelled,0.0,3.9,,
ORD104130,2025-12-04,15,3,Delivered,319.0,10.6,44.0,3.5
ORD101638,2025-12-04,10,1,Delivered,636.45,3.0,27.0,3.5
ORD100865,2025-12-04,15,7,Cancelled,0.0,5.3,,
ORD101790,2025-12-04,12,3,Delivered,315.95,11.0,60.0,3.0
ORD100336,2025-12-05,13,7,Refunded,0.0,6.3,38.0,3.0
ORD104941,2025-12-05,17,7,Delivered,595.59,7.6,44.0,3.0
ORD100321,2025-12-05,16,1,Delivered,464.69,7.6,36.0,3.0
ORD100389,2025-12-05,6,1,Delivered,245.41,7.9,41.0,4.5
ORD104894,2025-12-05,13,6,Delivered,367.32,9.3,48.0,3.5
ORD103018,2025-12-05,12,6,Delivered,693.34,6.9,40.0,4.5
ORD104011,2025-12-05,2,1,Delivered,538.28,9.3,40.0,4.5
ORD104265,2025-12-05,18,2,Delivered,649.87,6.9,32.0,4.5
ORD103561,2025-12-05,13,4,Delivered,329.54,3.4,35.0,4.5
ORD103541,2025-12-05,15,2,Delivered,378.6,10.6,42.0,5.0
ORD102900,2025-12-05,14,2,Delivered,194.48,7.6,30.0,5.0
ORD102156,2025-12-05,14,6,Cancelled,0.0,11.3,,
ORD103623,2025-12-05,8,8,Delivered,484.93,12.0,42.0,3.5
ORD103274,2025-12-05,15,1,Cancelled,0.0,3.5,,
ORD103766,2025-12-05,15,2,Pending,451.53,7.2,41.0,
ORD103300,2025-12-05,8,1,Delivered,345.25,9.5,52.0,4.0
ORD100961,2025-12-05,21,3,Pending,260.48,11.1,63.0,
ORD104390,2025-12-05,4,3,Delivered,319.48,4.9,36.0,4.0
ORD100695,2025-12-05,5,2,Delivered,302.19,6.8,40.0,3.5
ORD103510,2025-12-05,12,3,Refunded,0.0,2.1,36.0,3.5
ORD102122,2025-12-05,1,1,Delivered,569.02,3.0,24.0,4.5
ORD101994,2025-12-06,12,8,Delivered,793.09,6.5,39.0,5.0
ORD103633,2025-12-06,5,1,Delivered,174.77,4.4,30.0,4.0
ORD104744,2025-12-06,13,4,Delivered,248.89,3.7,17.0,5.0
ORD104002,2025-12-06,2,1,Delivered,643.76,9.6,45.0,4.0
ORD104262,2025-12-06,4,3,Delivered,180.43,5.5,37.0,4.5
ORD103019,2025-12-06,2,5,Delivered,502.15,2.7,29.0,4.5
ORD100554,2025-12-06,12,3,Delivered,667.31,3.6,31.0,5.0
ORD102214,2025-12-06,13,3,Delivered,242.34,9.6,53.0,3.5
ORD100927,2025-12-06,13,5,Delivered,275.53,2.0,31.0,4.0
ORD100581,2025-12-06,14,5,Delivered,449.66,11.3,50.0,4.0
ORD103678,2025-12-06,11,2,Delivered,440.17,7.3,42.0,3.5
ORD104666,2025-12-06,6,1,Delivered,248.47,6.7,43.0,4.0
ORD103236,2025-12-06,1,1,Delivered,342.81,6.4,36.0,5.0
ORD101432,2025-12-06,3,2,Cancelled,0.0,3.5,,
ORD102259,2025-12-06,2,8,Delivered,408.39,11.7,52.0,4.0
ORD103559,2025-12-06,3,3,Delivered,253.28,9.0,49.0,3.5
ORD102750,2025-12-06,10,5,Delivered,734.8,11.1,51.0,4.5
ORD102066,2025-12-06,13,2,Delivered,235.2,6.3,38.0,4.5
ORD102576,2025-12-06,10,8,Delivered,820.42,4.9,39.0,4.0
ORD104871,2025-12-06,18,3,Pending,462.28,2.6,30.0,
ORD103388,2025-12-06,13,1,Delivered,381.61,1.2,20.0,5.0
ORD102060,2025-12-06,14,3,Delivered,302.69,9.6,54.0,5.0
ORD104910,2025-12-06,12,1,Refunded,0.0,4.5,27.0,5.0
ORD101235,2025-12-06,18,6,Delivered,439.57,6.5,44.0,3.5
ORD103426,2025-12-06,13,3,Cancelled,0.0,8.3,,
ORD102364,2025-12-06,5,6,Delivered,213.06,2.6,36.0,3.5
ORD102488,2025-12-06,6,2,Cancelled,0.0,9.8,,
ORD104797,2025-12-06,5,6,Delivered,214.6,9.6,46.0,4.0
ORD100381,2025-12-07,11,3,Delivered,509.01,5.3,29.0,4.0
ORD102124,2025-12-07,14,5,Delivered,264.64,5.7,24.0,4.5
ORD101251,2025-12-07,13,3,Delivered,231.62,2.1,35.0,4.5
ORD101626,2025-12-07,16,2,Pending,726.49,8.4,37.0,
ORD103984,2025-12-07,12,1,Cancelled,0.0,1.9,,
ORD102386,2025-12-07,7,4,Delivered,425.24,2.4,24.0,5.0
ORD104339,2025-12-07,3,3,Delivered,350.77,11.4,51.0,4.0
ORD103097,2025-12-07,2,3,Cancelled,0.0,7.0,,
ORD101843,2025-12-07,11,8,Delivered,658.67,2.0,22.0,5.0
ORD103545,2025-12-07,8,7,Delivered,276.11,1.8,20.0,5.0
ORD104935,2025-12-07,4,4,Delivered,240.64,6.5,36.0,4.5
ORD100363,2025-12-07,10,1,Delivered,818.05,8.4,43.0,4.0
ORD104131,2025-12-07,8,8,Delivered,249.24,8.1,36.0,5.0
ORD101038,2025-12-07,20,8,Delivered,194.86,6.7,24.0,4.5
ORD102191,2025-12-08,6,2,Delivered,285.44,3.9,22.0,5.0
ORD101177,2025-12-08,13,2,Delivered,275.46,6.9,29.0,4.0
ORD100287,2025-12-08,6,1,Delivered,349.18,10.3,39.0,5.0
ORD104603,2025-12-08,1,3,Delivered,399.12,5.3,30.0,4.5
ORD100257,2025-12-08,6,4,Cancelled,0.0,5.3,,
ORD102032,2025-12-08,8,2,Delivered,353.42,3.0,33.0,4.0
ORD102851,2025-12-08,14,1,Delivered,405.28,7.1,35.0,3.5
ORD102174,2025-12-08,13,1,Cancelled,0.0,1.6,,
ORD100541,2025-12-08,1,3,Delivered,461.36,10.7,50.0,5.0
ORD102303,2025-12-08,3,1,Delivered,613.19,11.0,41.0,4.0
ORD101791,2025-12-08,6,3,Cancelled,0.0,1.9,,
ORD101775,2025-12-08,3,8,Delivered,599.01,2.6,29.0,3.5
ORD101895,2025-12-08,8,3,Delivered,319.78,9.3,42.0,4.0
ORD102295,2025-12-08,6,3,Delivered,231.53,7.6,42.0,5.0
ORD102377,2025-12-08,3,4,Delivered,262.29,3.3,21.0,5.0
ORD101445,2025-12-08,7,5,Delivered,244.15,10.4,43.0,4.0
ORD104463,2025-12-08,8,4,Delivered,248.28,9.7,38.0,4.5
ORD104911,2025-12-08,12,7,Delivered,593.14,9.3,35.0,4.5
ORD102433,2025-12-08,15,1,Delivered,313.32,7.1,35.0,3.0
ORD102440,2025-12-08,8,5,Delivered,517.26,10.3,46.0,4.0
ORD104296,2025-12-08,6,2,Delivered,247.65,11.0,44.0,4.0
ORD102230,2025-12-08,15,7,Delivered,196.88,8.2,45.0,3.5
ORD100612,2025-12-08,6,5,Delivered,235.95,10.6,43.0,4.5
ORD100310,2025-12-08,1,4,Delivered,285.48,1.8,30.0,4.5
ORD103489,2025-12-08,1,3,Delivered,635.22,10.0,44.0,4.5
ORD100604,2025-12-08,14,1,Delivered,369.02,5.0,29.0,5.0
ORD102781,2025-12-09,14,3,Delivered,248.01,4.7,34.0,5.0
ORD100115,2025-12-09,10,2,Delivered,422.16,1.7,23.0,4.5
ORD104718,2025-12-09,13,4,Delivered,356.71,7.8,33.0,4.5
ORD101181,2025-12-09,8,2,Cancelled,0.0,1.1,,
ORD103258,2025-12-09,13,5,Delivered,373.28,1.4,26.0,4.0
ORD101379,2025-12-09,18,3,Delivered,639.78,4.1,33.0,4.5
ORD103105,2025-12-09,5,3,Delivered,267.85,2.4,28.0,3.0
ORD101847,2025-12-09,14,5,Delivered,294.83,1.1,28.0,4.0
ORD104214,2025-12-09,4,5,Delivered,224.05,7.7,39.0,4.0
ORD103710,2025-12-09,2,1,Pending,369.79,10.2,41.0,
ORD100231,2025-12-09,14,6,Delivered,406.49,4.4,23.0,5.0
ORD102945,2025-12-09,14,1,Pending,336.25,7.3,33.0,
ORD102625,2025-12-09,12,8,Delivered,645.59,1.8,17.0,5.0
ORD100203,2025-12-09,1,2,Delivered,424.73,7.8,43.0,4.5
ORD103651,2025-12-09,3,1,Delivered,450.47,3.9,22.0,5.0
ORD104148,2025-12-09,4,3,Delivered,308.99,6.8,29.0,4.0
ORD101536,2025-12-10,2,2,Delivered,494.23,9.0,49.0,4.5
ORD101568,2025-12-10,12,3,Refunded,0.0,6.1,42.0,5.0
ORD103634,2025-12-10,10,1,Delivered,739.5,3.7,27.0,4.0
ORD104773,2025-12-10,4,2,Delivered,182.51,9.5,40.0,5.0
ORD104147,2025-12-10,9,8,Delivered,339.28,1.9,22.0,5.0
ORD101503,2025-12-10,18,1,Delivered,276.06,4.2,40.0,3.0
ORD101732,2025-12-10,3,4,Delivered,523.07,6.5,22.0,5.0
ORD103058,2025-12-10,8,1,Delivered,311.61,10.4,44.0,4.0
ORD100900,2025-12-10,11,3,Delivered,697.53,1.1,25.0,3.5
ORD103376,2025-12-10,7,4,Delivered,500.27,6.4,31.0,5.0
ORD102245,2025-12-10,12,4,Pending,435.33,3.8,27.0,
ORD100754,2025-12-10,2,6,Delivered,575.27,4.0,28.0,3.0
ORD100032,2025-12-10,15,6,Delivered,275.47,9.9,40.0,3.5
ORD102331,2025-12-11,1,2,Pending,432.3,4.9,41.0,
ORD103072,2025-12-11,8,7,Delivered,521.23,12.0,41.0,5.0
ORD103286,2025-12-11,16,3,Delivered,375.77,1.7,37.0,3.5
ORD104297,2025-12-11,15,3,Delivered,362.43,9.4,56.0,3.5
ORD104461,2025-12-11,5,6,Delivered,169.76,7.6,31.0,3.5
ORD104566,2025-12-11,15,1,Delivered,317.37,6.6,35.0,4.5
ORD101372,2025-12-11,12,6,Delivered,535.88,4.4,33.0,5.0
ORD103514,2025-12-11,20,3,Delivered,395.38,7.5,50.0,4.0
ORD102748,2025-12-11,4,6,Delivered,144.17,3.5,15.0,5.0
ORD104105,2025-12-11,13,2,Delivered,327.15,2.2,27.0,4.5
ORD102873,2025-12-11,1,3,Delivered,465.82,1.1,31.0,4.5
ORD104110,2025-12-11,16,2,Delivered,603.23,1.4,20.0,4.5
ORD103906,2025-12-11,1,3,Delivered,336.39,6.2,44.0,4.0
ORD100555,2025-12-12,3,4,Delivered,312.06,8.8,42.0,4.5
ORD103290,2025-12-12,10,3,Delivered,674.36,8.6,52.0,2.5
ORD104181,2025-12-12,11,2,Delivered,678.07,5.6,34.0,4.0
ORD100288,2025-12-12,13,3,Delivered,245.44,10.8,47.0,3.0
ORD101695,2025-12-12,10,4,Delivered,801.29,10.1,43.0,3.5
ORD102266,2025-12-12,19,7,Delivered,160.04,5.0,30.0,5.0
ORD103679,2025-12-12,11,1,Delivered,515.18,7.8,39.0,3.0
ORD100766,2025-12-12,7,2,Delivered,272.29,2.4,27.0,4.5
ORD102163,2025-12-12,1,7,Delivered,464.48,6.8,35.0,4.5
ORD101981,2025-12-12,17,1,Cancelled,0.0,8.0,,
ORD100748,2025-12-12,2,3,Delivered,374.53,4.5,39.0,3.5
ORD102412,2025-12-12,17,3,Delivered,485.14,6.6,42.0,2.5
ORD103416,2025-12-12,1,1,Delivered,272.97,1.3,18.0,5.0
ORD104542,2025-12-12,7,4,Delivered,457.68,9.6,51.0,3.5
ORD101836,2025-12-12,14,1,Delivered,384.6,4.6,32.0,4.5
ORD104067,2025-12-12,17,2,Delivered,591.81,4.9,36.0,5.0
ORD101671,2025-12-13,2,1,Pending,529.79,7.2,46.0,
ORD103878,2025-12-13,7,2,Delivered,335.5,11.0,55.0,5.0
ORD100451,2025-12-13,1,4,Delivered,321.14,10.9,49.0,4.5
ORD103811,2025-12-13,1,3,Delivered,446.33,5.1,38.0,4.0
ORD104983,2025-12-13,1,3,Delivered,361.56,6.7,45.0,3.5
ORD104448,2025-12-13,4,3,Delivered,233.68,2.3,33.0,5.0
ORD100781,2025-12-13,14,7,Delivered,189.86,7.5,44.0,5.0
ORD102405,2025-12-13,16,3,Delivered,633.08,9.3,48.0,3.5
ORD104142,2025-12-13,3,2,Delivered,392.27,3.8,13.0,4.5
ORD101409,2025-12-13,1,4,Delivered,417.85,3.4,27.0,4.5
ORD104221,2025-12-13,21,5,Delivered,266.66,5.4,36.0,4.5
ORD102853,2025-12-13,11,6,Delivered,530.95,6.8,40.0,3.5
ORD102638,2025-12-13,21,8,Delivered,386.99,8.9,38.0,4.0
ORD101156,2025-12-13,15,4,Delivered,306.51,5.6,29.0,4.5
ORD104299,2025-12-13,3,2,Delivered,272.61,1.2,20.0,5.0
ORD100507,2025-12-13,16,1,Delivered,468.97,5.7,36.0,4.0
ORD100611,2025-12-13,4,8,Delivered,255.68,8.7,49.0,4.0
ORD102088,2025-12-13,7,8,Delivered,227.86,6.2,39.0,4.5
ORD103702,2025-12-13,20,3,Delivered,414.95,8.9,45.0,4.5
ORD101034,2025-12-14,3,7,Delivered,486.03,7.7,37.0,4.0
ORD103843,2025-12-14,13,5,Delivered,301.76,3.9,23.0,5.0
ORD101753,2025-12-14,3,3,Delivered,369.89,2.4,37.0,5.0
ORD100249,2025-12-14,1,3,Delivered,607.85,7.6,38.0,5.0
ORD100532,2025-12-14,2,7,Delivered,639.23,9.1,36.0,3.5
ORD101053,2025-12-14,3,3,Delivered,301.66,1.9,29.0,5.0
ORD102963,2025-12-14,3,8,Delivered,397.0,6.1,19.0,5.0
ORD103328,2025-12-14,4,1,Delivered,197.72,9.2,48.0,2.5
ORD101588,2025-12-14,15,4,Delivered,428.56,4.2,25.0,5.0
ORD101584,2025-12-14,2,1,Delivered,329.29,5.3,27.0,4.0
ORD103190,2025-12-14,1,1,Delivered,522.38,5.2,35.0,4.0
ORD101972,2025-12-14,3,1,Delivered,332.23,10.6,48.0,4.5
ORD104687,2025-12-14,19,2,Cancelled,0.0,8.6,,
ORD103481,2025-12-14,4,5,Delivered,292.48,5.1,33.0,5.0
ORD101499,2025-12-14,18,1,Pending,618.1,3.9,20.0,
ORD100623,2025-12-14,17,1,Delivered,727.19,4.7,23.0,4.5
ORD103242,2025-12-14,4,2,Delivered,244.5,11.6,48.0,4.5
ORD101789,2025-12-15,7,5,Delivered,468.92,3.3,28.0,4.0
ORD103808,2025-12-15,3,2,Delivered,544.53,10.6,45.0,4.0
ORD101974,2025-12-15,16,1,Delivered,678.1,4.3,32.0,4.0
ORD100344,2025-12-15,5,5,Delivered,306.49,5.8,34.0,3.5
ORD102514,2025-12-15,4,3,Delivered,329.45,7.7,45.0,5.0
ORD100207,2025-12-15,15,5,Delivered,176.58,4.1,31.0,4.5
ORD101459,2025-12-15,20,2,Delivered,174.12,7.2,31.0,4.5
ORD104663,2025-12-15,6,8,Delivered,299.79,5.9,32.0,4.5
ORD101174,2025-12-15,18,3,Cancelled,0.0,7.4,,
ORD104031,2025-12-16,3,3,Delivered,261.86,4.2,40.0,4.5
ORD100192,2025-12-16,2,5,Delivered,618.37,2.2,16.0,4.5
ORD102284,2025-12-16,12,3,Delivered,783.68,9.3,40.0,4.0
ORD100545,2025-12-16,4,1,Delivered,242.02,10.3,43.0,3.5
ORD104721,2025-12-16,13,7,Delivered,352.58,5.8,29.0,5.0
ORD104868,2025-12-16,3,3,Delivered,492.54,3.4,32.0,5.0
ORD102101,2025-12-16,14,5,Delivered,428.47,9.5,39.0,4.5
ORD100877,2025-12-16,14,6,Delivered,242.2,9.0,32.0,3.5
ORD104190,2025-12-16,7,2,Delivered,256.38,1.1,17.0,5.0
ORD102896,2025-12-16,14,7,Cancelled,0.0,11.7,,
ORD100855,2025-12-16,16,3,Delivered,637.85,8.1,41.0,2.5
ORD100544,2025-12-17,12,4,Cancelled,0.0,8.2,,
ORD100345,2025-12-17,14,1,Delivered,209.37,10.2,47.0,5.0
ORD104336,2025-12-17,2,5,Delivered,629.34,10.5,43.0,3.5
ORD102660,2025-12-17,9,7,Pending,310.9,7.8,45.0,
ORD101182,2025-12-17,10,2,Cancelled,0.0,6.1,,
ORD103021,2025-12-17,18,3,Cancelled,0.0,4.5,,
ORD101389,2025-12-17,10,2,Delivered,816.78,8.6,51.0,4.0
ORD100514,2025-12-17,7,4,Delivered,514.08,3.3,27.0,4.0
ORD104085,2025-12-17,17,2,Cancelled,0.0,8.5,,
ORD103115,2025-12-17,10,2,Delivered,616.12,4.0,28.0,4.5
ORD100404,2025-12-17,15,4,Delivered,328.77,10.7,41.0,3.0
ORD101116,2025-12-17,14,1,Delivered,461.93,5.5,33.0,5.0
ORD101480,2025-12-17,1,1,Delivered,456.65,10.1,36.0,4.0
ORD104124,2025-12-17,1,1,Delivered,299.19,9.3,36.0,5.0
ORD102258,2025-12-17,6,6,Delivered,161.13,5.9,24.0,3.5
ORD103395,2025-12-17,18,2,Delivered,717.82,9.5,42.0,3.0
ORD102817,2025-12-17,13,5,Delivered,278.91,8.8,34.0,4.0
ORD104490,2025-12-17,7,5,Delivered,467.08,7.7,36.0,4.0
ORD101592,2025-12-17,3,1,Pending,301.89,4.8,32.0,
ORD100126,2025-12-17,9,8,Delivered,436.65,5.5,28.0,4.0
ORD103189,2025-12-17,16,7,Delivered,279.17,7.0,39.0,2.0
ORD100994,2025-12-17,2,1,Delivered,464.85,2.1,22.0,4.5
ORD103013,2025-12-17,6,1,Delivered,167.85,3.3,30.0,5.0
ORD102805,2025-12-17,10,6,Delivered,415.11,8.4,39.0,3.5
ORD102489,2025-12-17,5,6,Delivered,235.38,2.2,27.0,3.5
ORD101748,2025-12-17,16,2,Delivered,280.64,5.3,34.0,4.0
ORD100603,2025-12-17,15,6,Delivered,405.09,10.5,51.0,2.5
ORD100130,2025-12-18,7,1,Delivered,232.7,6.0,33.0,5.0
ORD103038,2025-12-18,10,1,Refunded,0.0,11.9,51.0,3.5
ORD100392,2025-12-18,20,5,Delivered,280.84,8.1,43.0,3.0
ORD102319,2025-12-18,13,2,Delivered,280.13,2.0,23.0,3.5
ORD100982,2025-12-18,1,2,Delivered,412.78,1.7,20.0,4.5
ORD100808,2025-12-18,11,2,Delivered,356.37,5.6,33.0,5.0
ORD101770,2025-12-18,16,4,Delivered,295.92,6.5,32.0,3.5
ORD101109,2025-12-18,17,2,Cancelled,0.0,7.7,,
ORD101954,2025-12-18,5,6,Cancelled,0.0,7.2,,
ORD101012,2025-12-18,2,4,Delivered,438.43,5.2,37.0,3.5
ORD102216,2025-12-18,15,7,Delivered,364.23,5.9,40.0,4.5
ORD100246,2025-12-18,17,3,Delivered,700.66,5.0,45.0,4.0
ORD102210,2025-12-18,21,3,Delivered,203.59,5.5,35.0,4.0
ORD102075,2025-12-18,1,2,Delivered,396.99,3.3,28.0,5.0
ORD100686,2025-12-18,18,6,Delivered,607.9,8.9,50.0,3.0
ORD101117,2025-12-18,7,1,Delivered,349.33,2.4,19.0,4.0
ORD104177,2025-12-18,1,3,Cancelled,0.0,3.0,,
ORD104933,2025-12-18,20,3,Delivered,252.98,5.6,43.0,4.0
ORD103612,2025-12-19,9,4,Cancelled,0.0,9.4,,
ORD102662,2025-12-19,20,2,Delivered,203.77,1.3,20.0,4.5
ORD102208,2025-12-19,15,3,Delivered,317.22,8.7,43.0,4.0
ORD103059,2025-12-19,18,8,Delivered,545.25,1.9,26.0,4.5
ORD104129,2025-12-19,15,4,Delivered,410.5,11.5,43.0,3.5
ORD100359,2025-12-19,9,4,Delivered,475.3,4.6,28.0,2.5
ORD100483,2025-12-19,12,2,Delivered,649.21,7.1,48.0,4.0
ORD103739,2025-12-19,16,3,Delivered,662.87,4.2,29.0,3.5
ORD102339,2025-12-19,16,1,Delivered,721.57,8.0,46.0,4.5
ORD101282,2025-12-20,11,3,Delivered,527.84,3.5,29.0,4.0
ORD103939,2025-12-20,3,8,Delivered,523.29,7.2,39.0,4.5
ORD103275,2025-12-20,21,3,Delivered,215.31,3.9,35.0,3.5
ORD100137,2025-12-20,4,4,Delivered,180.66,10.6,40.0,4.0
ORD102725,2025-12-20,5,5,Delivered,311.18,6.6,29.0,4.5
ORD100997,2025-12-20,5,3,Delivered,162.05,1.8,37.0,3.5
ORD100694,2025-12-20,10,1,Delivered,592.16,6.9,42.0,4.0
ORD102145,2025-12-20,1,2,Delivered,388.23,3.6,27.0,4.5
ORD100262,2025-12-20,3,8,Delivered,437.63,1.9,14.0,4.0
ORD104804,2025-12-20,14,7,Delivered,222.98,5.7,33.0,3.5
ORD102130,2025-12-20,3,2,Delivered,402.84,2.2,22.0,4.0
ORD100638,2025-12-20,8,4,Delivered,213.17,3.7,28.0,4.5
ORD100018,2025-12-20,1,5,Delivered,588.94,9.9,48.0,4.0
ORD103037,2025-12-20,7,3,Delivered,387.11,11.6,56.0,4.5
ORD102314,2025-12-20,1,3,Delivered,487.11,1.6,33.0,5.0
ORD103618,2025-12-20,10,5,Delivered,329.66,11.7,50.0,4.0
ORD100317,2025-12-20,12,8,Delivered,776.77,11.0,48.0,2.5
ORD103615,2025-12-20,1,3,Delivered,348.97,4.9,32.0,4.5
ORD104889,2025-12-20,14,5,Delivered,279.77,2.6,26.0,5.0
ORD100305,2025-12-21,11,4,Delivered,646.39,9.6,43.0,4.0
ORD103962,2025-12-21,13,6,Delivered,389.59,5.6,33.0,4.0
ORD101003,2025-12-21,4,3,Delivered,168.61,8.1,41.0,4.0
ORD103797,2025-12-21,5,2,Delivered,220.49,10.7,39.0,3.5
ORD100003,2025-12-21,14,5,Delivered,443.22,7.7,38.0,4.0
ORD103430,2025-12-21,16,2,Delivered,492.36,1.8,22.0,3.0
ORD102912,2025-12-21,13,5,Cancelled,0.0,5.1,,
ORD102155,2025-12-21,8,4,Delivered,241.79,1.2,21.0,5.0
ORD104484,2025-12-21,14,4,Delivered,314.82,9.1,42.0,4.5
ORD100775,2025-12-21,1,6,Delivered,410.55,3.8,26.0,4.5
ORD103250,2025-12-21,3,2,Delivered,324.75,2.8,19.0,5.0
ORD102138,2025-12-21,5,1,Refunded,0.0,7.5,41.0,3.0
ORD101606,2025-12-21,1,2,Delivered,621.77,5.1,26.0,4.0
ORD102100,2025-12-21,12,3,Delivered,756.57,6.9,41.0,5.0
ORD103246,2025-12-21,3,2,Delivered,264.39,7.6,37.0,5.0
ORD103586,2025-12-21,18,7,Delivered,405.34,8.3,41.0,4.0
ORD102916,2025-12-21,21,2,Delivered,184.25,6.2,26.0,4.5
ORD102342,2025-12-21,6,7,Delivered,338.91,11.8,52.0,4.0
ORD104210,2025-12-21,12,5,Delivered,372.75,3.1,38.0,4.0
ORD103280,2025-12-21,9,1,Cancelled,0.0,9.8,,
ORD102270,2025-12-22,7,6,Refunded,0.0,5.3,33.0,5.0
ORD102783,2025-12-22,14,4,Delivered,307.72,11.0,45.0,3.5
ORD100236,2025-12-22,18,3,Delivered,471.32,2.5,29.0,3.0
ORD103431,2025-12-22,14,4,Cancelled,0.0,9.3,,
ORD104789,2025-12-22,2,2,Delivered,436.2,6.6,40.0,4.0
ORD100338,2025-12-22,2,6,Delivered,498.12,3.4,30.0,3.5
ORD100764,2025-12-22,13,1,Cancelled,0.0,6.4,,
ORD104664,2025-12-22,3,1,Delivered,258.66,10.4,33.0,4.0
ORD103988,2025-12-22,8,2,Delivered,519.15,9.9,49.0,4.5
ORD102450,2025-12-22,6,7,Delivered,280.75,7.3,40.0,4.5
ORD101762,2025-12-23,4,1,Cancelled,0.0,2.4,,
ORD102379,2025-12-23,15,6,Delivered,331.0,1.4,22.0,5.0
ORD103144,2025-12-23,2,3,Delivered,661.14,11.4,53.0,4.0
ORD103997,2025-12-23,7,1,Delivered,482.19,1.0,24.0,4.5
ORD102372,2025-12-23,8,1,Delivered,347.88,9.0,40.0,4.0
ORD103055,2025-12-23,8,2,Refunded,0.0,6.2,31.0,4.0
ORD101472,2025-12-23,9,1,Cancelled,0.0,6.3,,
ORD101880,2025-12-23,6,4,Delivered,159.3,6.4,37.0,3.5
ORD103444,2025-12-23,15,7,Delivered,383.41,2.6,19.0,4.5
ORD101973,2025-12-23,17,2,Pending,604.53,3.5,31.0,
ORD103408,2025-12-23,9,3,Delivered,538.85,1.9,29.0,3.5
ORD104075,2025-12-23,1,2,Delivered,387.44,11.3,44.0,4.5
ORD101346,2025-12-23,9,2,Pending,514.3,6.9,40.0,
ORD102327,2025-12-23,8,3,Delivered,239.92,3.1,29.0,5.0
ORD101019,2025-12-23,1,7,Cancelled,0.0,4.8,,
ORD101202,2025-12-23,14,4,Cancelled,0.0,11.6,,
ORD100725,2025-12-24,14,5,Delivered,411.52,11.3,47.0,5.0
ORD103580,2025-12-24,18,3,Cancelled,0.0,1.6,,
ORD100738,2025-12-24,4,7,Delivered,215.03,8.5,37.0,4.0
ORD101427,2025-12-24,1,8,Delivered,427.43,8.7,41.0,3.5
ORD104665,2025-12-24,11,4,Delivered,769.82,5.8,26.0,5.0
ORD101844,2025-12-24,5,7,Delivered,280.68,9.3,40.0,3.5
ORD103379,2025-12-24,14,3,Delivered,325.08,11.8,45.0,4.5
ORD102840,2025-12-24,21,3,Pending,330.13,1.3,25.0,
ORD104953,2025-12-24,3,3,Delivered,501.71,6.5,33.0,4.0
ORD102095,2025-12-24,3,1,Refunded,0.0,6.7,35.0,4.5
ORD102649,2025-12-24,9,1,Delivered,433.36,9.0,56.0,3.5
ORD100684,2025-12-24,2,5,Delivered,319.51,9.3,41.0,3.5
ORD104727,2025-12-24,3,2,Delivered,546.45,2.3,31.0,4.5
ORD102170,2025-12-24,2,5,Delivered,456.97,2.1,32.0,3.5
ORD101120,2025-12-24,16,1,Delivered,423.76,8.9,40.0,3.5
ORD103529,2025-12-24,11,7,Delivered,578.83,9.8,34.0,4.0
ORD101792,2025-12-24,14,8,Delivered,463.34,9.3,35.0,4.5
ORD100470,2025-12-24,19,4,Delivered,168.11,9.1,35.0,4.0
ORD102461,2025-12-25,2,2,Delivered,352.3,2.1,21.0,5.0
ORD101497,2025-12-25,13,1,Delivered,262.3,9.6,41.0,4.0
ORD102225,2025-12-25,4,6,Delivered,225.08,2.2,23.0,5.0
ORD100974,2025-12-25,9,6,Delivered,451.13,6.8,26.0,4.0
ORD101369,2025-12-25,14,2,Delivered,381.77,2.9,15.0,5.0
ORD104781,2025-12-25,2,4,Delivered,630.07,5.0,26.0,4.5
ORD100081,2025-12-25,10,7,Delivered,423.06,1.7,26.0,5.0
ORD102110,2025-12-25,5,8,Delivered,324.43,8.7,38.0,3.5
ORD103389,2025-12-25,14,6,Delivered,241.06,4.1,24.0,5.0
ORD103390,2025-12-25,15,5,Cancelled,0.0,4.9,,
ORD102713,2025-12-25,16,6,Delivered,589.63,11.5,38.0,5.0
ORD101393,2025-12-25,6,3,Refunded,0.0,2.8,36.0,4.0
ORD103850,2025-12-26,2,6,Delivered,588.85,11.5,45.0,3.5
ORD104108,2025-12-26,2,5,Delivered,641.91,7.7,42.0,2.5
ORD101678,2025-12-26,17,8,Delivered,514.34,1.4,33.0,4.5
ORD102821,2025-12-26,13,1,Delivered,178.06,10.5,47.0,4.0
ORD100438,2025-12-26,20,5,Delivered,366.84,10.0,49.0,3.5
ORD103141,2025-12-26,3,4,Refunded,0.0,10.0,42.0,4.0
ORD101495,2025-12-26,1,7,Cancelled,0.0,5.0,,
ORD103135,2025-12-26,17,6,Pending,615.98,6.5,39.0,
ORD102667,2025-12-26,13,7,Delivered,452.71,8.6,41.0,4.0
ORD103417,2025-12-26,11,4,Delivered,474.03,10.9,50.0,2.5
ORD102789,2025-12-26,20,3,Delivered,248.92,1.6,30.0,4.5
ORD103110,2025-12-26,3,2,Delivered,306.28,9.4,49.0,4.0
ORD101189,2025-12-26,1,1,Delivered,459.59,3.3,32.0,5.0
ORD103108,2025-12-26,17,5,Delivered,431.9,2.4,26.0,4.0
ORD101131,2025-12-26,1,1,Delivered,624.11,2.3,26.0,4.5
ORD101015,2025-12-26,18,2,Delivered,347.61,7.0,47.0,2.5
ORD100998,2025-12-26,15,3,Delivered,186.73,1.1,38.0,3.5
ORD100977,2025-12-26,7,3,Delivered,484.23,1.2,28.0,3.5
ORD102978,2025-12-26,13,5,Delivered,307.83,7.0,47.0,4.5
ORD101284,2025-12-26,13,1,Delivered,388.42,2.3,33.0,3.5
ORD102827,2025-12-27,3,2,Delivered,348.31,6.6,40.0,5.0
ORD102796,2025-12-27,4,1,Delivered,228.05,8.7,35.0,4.0
ORD103305,2025-12-27,12,5,Delivered,660.31,3.2,32.0,4.0
ORD101967,2025-12-27,5,1,Delivered,144.13,11.0,53.0,3.0
ORD101682,2025-12-27,14,5,Delivered,453.09,7.8,43.0,4.5
ORD104611,2025-12-27,19,1,Cancelled,0.0,1.5,,
ORD102195,2025-12-27,18,8,Delivered,561.17,7.4,31.0,3.0
ORD100619,2025-12-27,15,2,Delivered,223.26,5.8,28.0,4.0
ORD101428,2025-12-27,5,4,Delivered,278.14,2.9,25.0,3.5
ORD104786,2025-12-27,6,2,Refunded,0.0,7.7,35.0,5.0
ORD104452,2025-12-27,2,3,Delivered,633.58,5.0,32.0,4.5
ORD104855,2025-12-27,3,1,Delivered,428.04,1.5,31.0,5.0
ORD103948,2025-12-27,7,4,Delivered,329.56,3.6,33.0,5.0
ORD103751,2025-12-27,14,7,Delivered,202.55,6.3,39.0,5.0
ORD103429,2025-12-27,5,1,Delivered,183.14,11.5,53.0,3.0
ORD103810,2025-12-27,11,1,Delivered,637.72,1.2,23.0,3.5
ORD103399,2025-12-27,5,5,Delivered,306.53,4.1,36.0,3.5
ORD101613,2025-12-27,13,1,Delivered,275.49,7.8,40.0,4.5
ORD103748,2025-12-28,3,1,Delivered,565.83,11.2,42.0,4.0
ORD103961,2025-12-28,15,2,Delivered,413.12,3.6,22.0,3.5
ORD103901,2025-12-28,3,2,Delivered,463.15,7.6,39.0,4.5
ORD101965,2025-12-28,2,3,Delivered,526.42,7.7,37.0,3.5
ORD101323,2025-12-28,8,2,Cancelled,0.0,5.0,,
ORD104135,2025-12-28,8,6,Delivered,462.92,3.6,26.0,5.0
ORD103090,2025-12-28,8,4,Refunded,0.0,10.1,47.0,4.0
ORD102930,2025-12-28,9,4,Delivered,398.87,6.6,34.0,4.5
ORD104526,2025-12-28,5,6,Delivered,309.15,6.4,33.0,4.5
ORD102274,2025-12-28,17,4,Delivered,725.8,3.9,17.0,5.0
ORD104495,2025-12-28,6,5,Delivered,203.07,3.8,24.0,5.0
ORD104859,2025-12-28,14,3,Delivered,181.21,11.9,58.0,4.5
ORD102603,2025-12-28,16,2,Delivered,495.77,4.4,40.0,4.0
ORD102312,2025-12-28,8,4,Delivered,409.6,5.3,27.0,4.5
ORD104540,2025-12-28,2,2,Delivered,468.51,3.5,33.0,4.0
ORD100186,2025-12-28,8,2,Delivered,426.77,10.9,39.0,5.0
ORD100876,2025-12-28,16,6,Delivered,347.6,6.1,35.0,4.5
ORD103883,2025-12-28,3,1,Delivered,437.62,8.2,39.0,5.0
ORD100256,2025-12-28,1,6,Delivered,592.73,10.3,36.0,5.0
ORD100882,2025-12-28,10,6,Delivered,549.71,6.1,35.0,4.0
ORD104572,2025-12-28,2,8,Delivered,290.67,2.1,35.0,3.5
ORD103540,2025-12-28,6,1,Delivered,134.93,10.5,37.0,5.0
ORD101328,2025-12-29,16,3,Delivered,306.46,2.3,32.0,4.0
ORD104381,2025-12-29,7,2,Delivered,344.74,1.4,25.0,5.0
ORD104226,2025-12-29,4,4,Delivered,214.29,1.8,17.0,4.5
ORD104368,2025-12-29,21,7,Delivered,383.76,1.8,20.0,5.0
ORD101646,2025-12-29,1,5,Delivered,456.17,7.9,43.0,4.5
ORD104348,2025-12-29,13,1,Delivered,326.04,10.2,48.0,4.0
ORD103088,2025-12-29,1,8,Delivered,385.65,7.6,31.0,5.0
ORD104902,2025-12-29,21,5,Cancelled,0.0,6.5,,
ORD101688,2025-12-29,14,1,Delivered,268.51,7.4,51.0,3.0
ORD100263,2025-12-29,10,3,Delivered,587.13,9.9,46.0,3.5
ORD102161,2025-12-29,13,3,Delivered,259.96,2.9,27.0,5.0
ORD103562,2025-12-29,15,5,Delivered,375.4,8.0,36.0,3.5
ORD103497,2025-12-29,2,5,Delivered,316.09,2.3,17.0,3.5
ORD100085,2025-12-29,4,5,Delivered,283.45,3.6,21.0,5.0
ORD102685,2025-12-29,11,1,Delivered,380.77,4.2,24.0,4.5
ORD102721,2025-12-29,21,4,Delivered,290.12,4.2,29.0,5.0
ORD102283,2025-12-29,15,3,Delivered,415.42,6.4,33.0,4.5
ORD101870,2025-12-29,4,3,Delivered,288.75,4.9,41.0,4.0
ORD100857,2025-12-30,3,3,Cancelled,0.0,10.5,,
ORD100098,2025-12-30,17,4,Delivered,341.78,9.8,35.0,4.0
ORD103000,2025-12-30,9,1,Delivered,350.38,9.2,33.0,3.5
ORD102628,2025-12-30,16,3,Delivered,553.49,5.6,32.0,5.0
ORD100907,2025-12-30,16,6,Refunded,0.0,9.4,46.0,2.5
ORD102612,2025-12-30,3,4,Delivered,256.53,10.7,51.0,3.5
ORD100647,2025-12-30,18,2,Delivered,674.15,6.1,36.0,4.0
ORD104800,2025-12-30,18,5,Delivered,647.81,4.9,28.0,3.0
ORD102443,2025-12-30,17,1,Delivered,732.88,9.3,39.0,4.0
ORD103826,2025-12-30,16,3,Delivered,280.49,9.0,51.0,3.5
ORD104247,2025-12-30,8,2,Delivered,528.37,9.5,47.0,4.5
ORD102081,2025-12-30,14,1,Delivered,182.9,8.8,43.0,4.0
ORD100552,2025-12-30,14,5,Delivered,309.39,3.0,24.0,4.5
ORD101157,2025-12-30,5,1,Delivered,345.32,6.2,35.0,3.5
ORD100400,2025-12-30,1,1,Cancelled,0.0,11.1,,
ORD101795,2025-12-30,15,6,Delivered,435.39,3.0,22.0,4.5
ORD104165,2025-12-30,3,1,Delivered,338.63,5.6,24.0,5.0
ORD101274,2025-12-30,14,1,Delivered,399.52,11.3,45.0,5.0
ORD102583,2025-12-31,3,3,Delivered,393.9,8.3,46.0,4.5
ORD103024,2025-12-31,14,5,Delivered,268.11,3.0,24.0,4.5
ORD101833,2025-12-31,18,7,Delivered,373.89,11.6,55.0,3.0
ORD103733,2025-12-31,18,3,Refunded,0.0,8.8,54.0,2.5
ORD101872,2025-12-31,9,6,Delivered,350.1,5.9,36.0,2.0
ORD104040,2025-12-31,19,2,Delivered,194.94,1.6,16.0,5.0
ORD101086,2025-12-31,19,4,Delivered,186.27,10.2,47.0,4.0
ORD103666,2025-12-31,5,4,Delivered,175.03,11.7,47.0,3.0
ORD101093,2025-12-31,1,3,Delivered,525.03,6.4,48.0,4.0
ORD104621,2025-12-31,8,5,Delivered,330.33,6.9,39.0,5.0
ORD102656,2025-12-31,19,4,Delivered,352.36,11.6,45.0,4.5
ORD100949,2025-12-31,14,2,Delivered,415.48,7.4,37.0,4.0
ORD103077,2025-12-31,17,3,Pending,500.69,6.5,43.0,
ORD100303,2025-12-31,9,8,Pending,400.9,7.4,32.0,
ORD100657,2025-12-31,8,1,Delivered,391.02,4.8,23.0,4.5
ORD104823,2025-12-31,15,1,Cancelled,0.0,3.0,,
